Date,Description,Amount,Payment_Method,Category
2024-01-01,LIBRARY FEE,18224.6,Wallet,Education
2024-01-01,UPI AJIO PURCHASE BLR,11329.65,Net Banking,Shopping
2024-01-01,BANK CHARGE,6315.15,Cash,Other
2024-01-01,GIFT PURCHASE,5501.98,Credit Card,Other
2024-01-01,ACT FIBERNET TXN81122,3325.6,Cash,Bills
2024-01-01,SPOTIFY PREMIUM TXN16233,808.01,UPI,Entertainment
2024-01-01,APOLLO PHARMACY TXN81943,9682.21,Wallet,Healthcare
2024-01-01,SHOPPING MALL REF240906,6207.65,Credit Card,Shopping
2024-01-01,MEDPLUS PHARMACY,8924.42,Wallet,Healthcare
2024-01-01,INVESTMENT ACCOUNT,14862.39,Credit Card,Investment
2024-01-01,GROCERY FOOD STORE REF363572,1255.29,UPI,Food
2024-01-01,STOCK INVESTMENT REF723285,12398.51,Cash,Investment
2024-01-01,ONLINE COURSE PAYMENT REF815745,4510.45,UPI,Education
2024-01-01,UPI INDEX FUND SIP BLR,24378.04,Credit Card,Investment
2024-01-02,UPI PVR CINEMAS VIJAYAWADA,2004.85,Cash,Entertainment
2024-01-02,ATM FEE TXN15817,7102.41,Cash,Other
2024-01-02,ROOM RENT,14864.29,Wallet,Rent
2024-01-02,BOOK STORE,2543.81,Debit Card,Education
2024-01-02,ELECTRICITY BILL,3631.49,Cash,Bills
2024-01-02,UPI KFC RESTAURANT GUNTUR,476.66,UPI,Food
2024-01-02,UPI ATM FEE HYD,3776.11,Net Banking,Other
2024-01-02,UPI CASH WITHDRAWAL HYD,8561.39,UPI,Other
2024-01-02,MOVIE TICKET REF276578,3283.73,UPI,Entertainment
2024-01-02,BUS TICKET TXN25666,1329.51,Credit Card,Transport
2024-01-02,INVESTMENT ACCOUNT,13826.39,Net Banking,Investment
2024-01-02,ZOMATO FOOD ORDER REF702261,700.65,Cash,Food
2024-01-02,BUS TICKET,2480.03,Wallet,Transport
2024-01-02,UPI SPOTIFY PREMIUM HYD,2539.66,Net Banking,Entertainment
2024-01-02,DOCTOR CONSULTATION TXN10192,7710.14,Debit Card,Healthcare
2024-01-03,RESTAURANT PAYMENT,1190.47,Debit Card,Food
2024-01-03,HOUSE RENT,5085.17,UPI,Rent
2024-01-03,UPI HOSTEL RENT GUNTUR,13158.41,UPI,Rent
2024-01-03,PETROL PUMP TXN87012,2128.64,Credit Card,Transport
2024-01-03,OLA CAB TXN25612,1236.4,UPI,Transport
2024-01-03,FIXED DEPOSIT TXN27682,23510.82,Net Banking,Investment
2024-01-03,METRO TICKET TXN42244,1895.0,Net Banking,Transport
2024-01-03,RAILWAY TICKET,206.74,Wallet,Transport
2024-01-03,NETFLIX SUBSCRIPTION TXN81500,2532.13,Cash,Entertainment
2024-01-03,UPI MEESHO ORDER CHENNAI,10084.75,Wallet,Shopping
2024-01-03,RECURRING DEPOSIT,26551.51,Net Banking,Investment
2024-01-03,ENTERTAINMENT EVENT TXN39696,2751.88,Net Banking,Entertainment
2024-01-03,PHARMACY UPI,2172.14,Debit Card,Healthcare
2024-01-04,ONLINE COURSE PAYMENT,24729.65,Debit Card,Education
2024-01-04,UPI INDEX FUND SIP HYD,4694.39,Credit Card,Investment
2024-01-04,MOVIE TICKET,2083.88,Credit Card,Entertainment
2024-01-04,UPI STATIONERY STORE VIJAYAWADA,22695.25,Net Banking,Education
2024-01-04,HOSTEL FEE RENT,3475.06,Cash,Rent
2024-01-04,RESTAURANT PAYMENT TXN88386,205.47,Wallet,Food
2024-01-04,BANK CHARGE,9775.64,Debit Card,Other
2024-01-04,AJIO PURCHASE TXN62369,5354.1,Debit Card,Shopping
2024-01-04,AIRTEL RECHARGE,3441.02,Cash,Bills
2024-01-04,APOLLO PHARMACY,2619.13,Wallet,Healthcare
2024-01-05,PERSONAL TRANSFER REF246500,2686.73,Credit Card,Other
2024-01-05,HOSTEL FEE RENT REF797345,13040.69,Wallet,Rent
2024-01-05,PG RENT PAYMENT REF127625,10834.12,Cash,Rent
2024-01-05,SIP INVESTMENT,3562.55,Credit Card,Investment
2024-01-05,MEDICAL STORE TXN64357,6765.68,Net Banking,Healthcare
2024-01-06,UPI UPI TRANSFER CHENNAI,9647.47,UPI,Other
2024-01-06,CERTIFICATION EXAM,1347.09,UPI,Education
2024-01-06,BANK CHARGE TXN85889,1818.84,Debit Card,Other
2024-01-06,RECURRING DEPOSIT,9498.89,Credit Card,Investment
2024-01-06,CASH WITHDRAWAL TXN29643,8747.27,Net Banking,Other
2024-01-06,RELIANCE TRENDS TXN57277,1687.61,Credit Card,Shopping
2024-01-06,UPI UBER TRIP VIJAYAWADA,2412.54,Cash,Transport
2024-01-06,MONTHLY RENT TXN99492,14906.61,Cash,Rent
2024-01-06,UPI STATIONERY STORE CHENNAI,13245.77,Wallet,Education
2024-01-06,EYE HOSPITAL REF314498,1292.91,Credit Card,Healthcare
2024-01-06,UPI HOSTEL FEE RENT VIJAYAWADA,17433.28,UPI,Rent
2024-01-06,UPI ZOMATO FOOD ORDER GUNTUR,1618.63,Cash,Food
2024-01-06,TEA SHOP UPI TXN72336,1345.48,Debit Card,Food
2024-01-07,PERSONAL TRANSFER REF816561,3906.24,Net Banking,Other
2024-01-07,MISCELLANEOUS PAYMENT TXN67301,1699.52,Net Banking,Other
2024-01-07,CLOTHING STORE,4785.43,Cash,Shopping
2024-01-07,UPI COLLEGE FEE HYD,17139.48,Net Banking,Education
2024-01-07,AMAZON PURCHASE,5196.41,UPI,Shopping
2024-01-07,HOSTEL RENT REF113101,12944.0,Net Banking,Rent
2024-01-07,SPOTIFY PREMIUM,817.74,Credit Card,Entertainment
2024-01-07,TATA PLAY RECHARGE REF579766,4451.47,Cash,Bills
2024-01-08,AUTO RICKSHAW UPI,1549.03,Wallet,Transport
2024-01-08,UBER TRIP REF379005,2262.84,Wallet,Transport
2024-01-08,MUTUAL FUND INVESTMENT,5819.81,Credit Card,Investment
2024-01-08,MOBILE POSTPAID BILL REF364818,2352.8,Debit Card,Bills
2024-01-08,UPI TRANSFER REF321321,5247.23,Net Banking,Other
2024-01-08,GAS BILL PAYMENT,1725.1,Debit Card,Bills
2024-01-08,HOSPITAL PAYMENT TXN60903,3868.51,Cash,Healthcare
2024-01-08,HOSTEL FEE RENT,7904.7,Credit Card,Rent
2024-01-08,UPI LIBRARY FEE CHENNAI,6446.68,Net Banking,Education
2024-01-08,ATM FEE,7457.04,Credit Card,Other
2024-01-08,FIXED DEPOSIT TXN52948,21677.64,UPI,Investment
2024-01-08,INDEX FUND SIP,16634.69,Credit Card,Investment
2024-01-08,AIRTEL RECHARGE,180.77,UPI,Bills
2024-01-08,HEALTH CHECKUP REF404289,1190.57,UPI,Healthcare
2024-01-09,RAPIDO RIDE,2449.24,Wallet,Transport
2024-01-09,UPI LIBRARY FEE HYD,15117.38,Net Banking,Education
2024-01-09,UPI SPOTIFY PREMIUM HYD,601.17,Credit Card,Entertainment
2024-01-09,SWIGGY ORDER TXN22217,1701.14,Credit Card,Food
2024-01-09,GIFT PURCHASE REF361281,1619.05,Cash,Other
2024-01-09,GIFT PURCHASE REF587546,6564.84,UPI,Other
2024-01-09,PHARMACY UPI TXN48150,3751.42,Cash,Healthcare
2024-01-09,OLA CAB REF186308,2394.7,Debit Card,Transport
2024-01-10,SHOPPING MALL,357.27,Net Banking,Shopping
2024-01-10,ROOM RENT,12199.24,Credit Card,Rent
2024-01-10,PERSONAL TRANSFER,495.06,Cash,Other
2024-01-10,APARTMENT RENT,8617.19,Net Banking,Rent
2024-01-10,MOVIE TICKET,3190.58,Net Banking,Entertainment
2024-01-11,RELIANCE TRENDS TXN84752,5898.16,Cash,Shopping
2024-01-11,COURSERA COURSE TXN68104,5644.75,Cash,Education
2024-01-11,UPI YOUTUBE PREMIUM GUNTUR,506.61,Wallet,Entertainment
2024-01-11,MYNTRA SHOPPING REF892470,14978.6,Net Banking,Shopping
2024-01-11,LIBRARY FEE,13614.44,Debit Card,Education
2024-01-11,HOSTEL RENT,11005.04,Wallet,Rent
2024-01-11,UPI MOVIE TICKET CHENNAI,1087.61,Wallet,Entertainment
2024-01-11,ATM FEE TXN87020,5154.0,Cash,Other
2024-01-11,INVESTMENT ACCOUNT,24712.3,Cash,Investment
2024-01-11,UPI INVESTMENT ACCOUNT BLR,4021.71,Debit Card,Investment
2024-01-11,UPI RECURRING DEPOSIT HYD,21132.16,Debit Card,Investment
2024-01-11,HOSTEL FEE RENT,8514.78,Net Banking,Rent
2024-01-11,COLLEGE FEE,3725.05,Wallet,Education
2024-01-11,FIXED DEPOSIT TXN23470,17106.15,Net Banking,Investment
2024-01-12,UPI INVESTMENT ACCOUNT HYD,20306.07,Wallet,Investment
2024-01-12,RAILWAY TICKET TXN76108,87.72,UPI,Transport
2024-01-12,ELECTRICITY BILL TXN22695,316.03,Cash,Bills
2024-01-12,VI MOBILE RECHARGE REF321422,570.43,Net Banking,Bills
2024-01-12,VI MOBILE RECHARGE,520.33,Wallet,Bills
2024-01-12,YOUTUBE PREMIUM,2079.14,Net Banking,Entertainment
2024-01-12,SHOPPING MALL,1953.83,Debit Card,Shopping
2024-01-12,HOTSTAR SUBSCRIPTION REF349225,2232.2,Credit Card,Entertainment
2024-01-12,AMAZON PRIME TXN25616,216.7,Wallet,Entertainment
2024-01-12,WATER BILL REF314343,4484.08,Credit Card,Bills
2024-01-12,UPI UDEMY COURSE HYD,10759.86,Cash,Education
2024-01-12,CAFE COFFEE DAY,1412.38,Net Banking,Food
2024-01-13,HOUSE RENT REF374320,17409.42,Wallet,Rent
2024-01-13,HOTSTAR SUBSCRIPTION REF597793,1478.51,Wallet,Entertainment
2024-01-13,SIP INVESTMENT,28854.95,Wallet,Investment
2024-01-13,CAFE COFFEE DAY,244.45,Credit Card,Food
2024-01-13,GROCERY FOOD STORE TXN61374,364.87,Net Banking,Food
2024-01-13,SWIGGY ORDER TXN61786,53.4,Wallet,Food
2024-01-13,HEALTH CHECKUP,9179.9,Wallet,Healthcare
2024-01-13,RECURRING DEPOSIT,2545.42,Wallet,Investment
2024-01-13,INOX MOVIES,3055.2,Net Banking,Entertainment
2024-01-14,UPI DONATION PAYMENT GUNTUR,4936.14,Cash,Other
2024-01-14,METRO TICKET,1381.58,Debit Card,Transport
2024-01-14,JIO RECHARGE REF618631,455.57,Wallet,Bills
2024-01-14,UPI CAFE COFFEE DAY BLR,1306.23,Debit Card,Food
2024-01-14,UPI BANK CHARGE HYD,2131.68,Net Banking,Other
2024-01-14,ROOM RENT TXN51252,7921.31,Credit Card,Rent
2024-01-14,HOSTEL FEE RENT,12073.33,Cash,Rent
2024-01-14,APARTMENT RENT,8567.47,UPI,Rent
2024-01-14,MYNTRA SHOPPING TXN69666,2213.32,Wallet,Shopping
2024-01-14,BUS TICKET REF563421,38.72,Debit Card,Transport
2024-01-14,MISCELLANEOUS PAYMENT REF480949,2359.29,Debit Card,Other
2024-01-15,UPI INDEX FUND SIP HYD,15185.58,Cash,Investment
2024-01-15,FIXED DEPOSIT REF574528,26754.24,UPI,Investment
2024-01-15,GAME PURCHASE TXN21836,3183.45,Credit Card,Entertainment
2024-01-15,UPI PHARMACY UPI HYD,4120.07,Cash,Healthcare
2024-01-15,GROCERY FOOD STORE TXN77591,140.56,UPI,Food
2024-01-15,JIO RECHARGE TXN27436,4856.27,Credit Card,Bills
2024-01-15,COURSERA COURSE,16436.95,Wallet,Education
2024-01-15,UPI BOOK STORE VIJAYAWADA,11816.75,Cash,Education
2024-01-15,METRO TICKET TXN28894,581.0,Credit Card,Transport
2024-01-15,UPI TEA SHOP UPI CHENNAI,218.06,Cash,Food
2024-01-15,INDIAN OIL PETROL,2362.88,Net Banking,Transport
2024-01-15,DOCTOR CONSULTATION,6002.99,Credit Card,Healthcare
2024-01-15,UPI CASH WITHDRAWAL HYD,4227.01,Cash,Other
2024-01-15,UPI GROCERY FOOD STORE VIJAYAWADA,593.81,Cash,Food
2024-01-16,AIRTEL RECHARGE,4610.78,Credit Card,Bills
2024-01-16,CASH WITHDRAWAL,1135.04,UPI,Other
2024-01-16,STOCK INVESTMENT,15995.98,Debit Card,Investment
2024-01-16,UPI HP FUEL STATION VIJAYAWADA,842.7,Cash,Transport
2024-01-16,UPI DMART PURCHASE HYD,9754.39,Debit Card,Shopping
2024-01-16,PG RENT PAYMENT TXN49739,24054.43,Debit Card,Rent
2024-01-16,ZOMATO FOOD ORDER,1462.78,Credit Card,Food
2024-01-16,JIO RECHARGE,2756.09,Credit Card,Bills
2024-01-16,ENTERTAINMENT EVENT,1759.01,Cash,Entertainment
2024-01-17,FIXED DEPOSIT TXN33556,21459.17,UPI,Investment
2024-01-17,HP FUEL STATION TXN85246,569.88,Wallet,Transport
2024-01-17,UPI DOMINOS PIZZA VIJAYAWADA,1605.69,UPI,Food
2024-01-17,PHARMACY UPI REF364966,1111.82,Wallet,Healthcare
2024-01-17,UPI STATIONERY STORE CHENNAI,23941.79,Wallet,Education
2024-01-17,MEESHO ORDER,3742.93,Debit Card,Shopping
2024-01-17,TEA SHOP UPI,601.99,Net Banking,Food
2024-01-17,PG RENT PAYMENT,23503.95,Wallet,Rent
2024-01-17,UPI ENTERTAINMENT EVENT HYD,2572.19,Net Banking,Entertainment
2024-01-17,OLA CAB,1802.31,Wallet,Transport
2024-01-17,CAFE COFFEE DAY,397.73,Debit Card,Food
2024-01-17,SPOTIFY PREMIUM REF515892,888.4,Cash,Entertainment
2024-01-18,FIXED DEPOSIT REF233825,27835.71,UPI,Investment
2024-01-18,RAILWAY TICKET TXN53246,1301.95,Cash,Transport
2024-01-18,AUTO RICKSHAW UPI TXN58688,2758.07,Credit Card,Transport
2024-01-18,INVESTMENT ACCOUNT TXN59664,9881.06,Cash,Investment
2024-01-18,HOSTEL RENT TXN77177,19125.06,Credit Card,Rent
2024-01-18,UPI APARTMENT RENT BLR,5827.79,UPI,Rent
2024-01-18,HOUSE RENT REF377912,17879.77,Cash,Rent
2024-01-18,SPOTIFY PREMIUM,738.34,Debit Card,Entertainment
2024-01-18,INOX MOVIES REF342176,2626.47,Wallet,Entertainment
2024-01-18,PG RENT PAYMENT,22905.74,Debit Card,Rent
2024-01-18,UBER TRIP REF308200,2208.01,Net Banking,Transport
2024-01-18,STOCK INVESTMENT REF939742,11795.72,Net Banking,Investment
2024-01-19,MUTUAL FUND INVESTMENT,15500.41,Credit Card,Investment
2024-01-19,BANK CHARGE TXN64860,2914.3,Cash,Other
2024-01-19,EXAM FEE REF817678,17763.43,Credit Card,Education
2024-01-19,UPI APARTMENT RENT VIJAYAWADA,15250.27,Credit Card,Rent
2024-01-19,UPI YOUTUBE PREMIUM CHENNAI,3175.08,Wallet,Entertainment
2024-01-19,UPI TEA SHOP UPI CHENNAI,1002.19,UPI,Food
2024-01-19,ELECTRONICS STORE TXN91062,14058.89,Net Banking,Shopping
2024-01-19,ROOM RENT REF198984,6044.9,Debit Card,Rent
2024-01-19,WATER BILL,111.1,Net Banking,Bills
2024-01-19,CLOTHING STORE TXN58874,5307.82,Wallet,Shopping
2024-01-19,JIO RECHARGE TXN49666,5311.59,Cash,Bills
2024-01-19,UPI MISCELLANEOUS PAYMENT BLR,261.62,Wallet,Other
2024-01-19,APOLLO PHARMACY,2221.24,UPI,Healthcare
2024-01-20,MEESHO ORDER TXN10662,6167.02,Net Banking,Shopping
2024-01-20,UBER TRIP TXN89920,1170.29,Net Banking,Transport
2024-01-20,UPI INOX MOVIES CHENNAI,2584.28,UPI,Entertainment
2024-01-20,ONLINE COURSE PAYMENT REF277600,18131.84,Wallet,Education
2024-01-20,INVESTMENT ACCOUNT,4352.11,Net Banking,Investment
2024-01-20,TRAINING PROGRAM REF506426,15788.95,Cash,Education
2024-01-20,HOSTEL FEE RENT REF730222,24698.16,Debit Card,Rent
2024-01-21,INDIAN OIL PETROL REF603467,2306.89,Wallet,Transport
2024-01-21,ZOMATO FOOD ORDER REF343923,1102.91,Cash,Food
2024-01-21,UPI GAS BILL PAYMENT HYD,312.84,Cash,Bills
2024-01-21,DIAGNOSTIC LAB TXN37587,365.33,UPI,Healthcare
2024-01-21,AUTO RICKSHAW UPI REF247561,84.2,Credit Card,Transport
2024-01-21,RAPIDO RIDE TXN87483,1891.08,Debit Card,Transport
2024-01-21,HEALTH CHECKUP,9925.29,UPI,Healthcare
2024-01-21,VI MOBILE RECHARGE,1810.07,Cash,Bills
2024-01-21,STOCK INVESTMENT,24479.6,Net Banking,Investment
2024-01-21,UPI ONLINE COURSE PAYMENT VIJAYAWADA,11371.61,Net Banking,Education
2024-01-21,UPI UPI TRANSFER GUNTUR,2238.52,Cash,Other
2024-01-21,RECURRING DEPOSIT TXN33173,9368.91,Cash,Investment
2024-01-21,WATER BILL TXN53808,3226.77,Wallet,Bills
2024-01-21,MUTUAL FUND INVESTMENT REF644094,26024.52,Credit Card,Investment
2024-01-21,STOCK INVESTMENT REF857568,14832.34,UPI,Investment
2024-01-21,AIRTEL RECHARGE,3318.94,Wallet,Bills
2024-01-21,UPI TRANSFER,3227.27,Credit Card,Other
2024-01-21,OLA CAB TXN25003,1032.65,Cash,Transport
2024-01-21,BOOK STORE,6222.91,Wallet,Education
2024-01-22,ACT FIBERNET REF507369,5593.02,UPI,Bills
2024-01-22,UPI AMAZON PRIME VIJAYAWADA,2362.83,Net Banking,Entertainment
2024-01-22,MISCELLANEOUS PAYMENT,1998.54,Cash,Other
2024-01-22,GIFT PURCHASE REF155964,8777.4,Debit Card,Other
2024-01-22,GOLD SAVINGS TXN95619,24231.64,Cash,Investment
2024-01-22,PERSONAL TRANSFER REF319807,6664.16,Credit Card,Other
2024-01-22,UPI ZOMATO FOOD ORDER BLR,1077.47,Wallet,Food
2024-01-22,VI MOBILE RECHARGE REF411210,1537.71,Cash,Bills
2024-01-23,UPI MCDONALDS ORDER VIJAYAWADA,1547.51,Wallet,Food
2024-01-23,INOX MOVIES,1282.8,Debit Card,Entertainment
2024-01-23,INDEX FUND SIP,27827.32,UPI,Investment
2024-01-23,JIO RECHARGE TXN96874,5619.82,Net Banking,Bills
2024-01-23,UPI APOLLO PHARMACY GUNTUR,431.9,Net Banking,Healthcare
2024-01-23,UPI BAKERY PURCHASE HYD,1669.74,Cash,Food
2024-01-23,BOOK STORE REF855069,21013.47,UPI,Education
2024-01-23,CASH WITHDRAWAL,1505.15,Debit Card,Other
2024-01-23,CERTIFICATION EXAM REF956560,11918.28,Debit Card,Education
2024-01-23,YOUTUBE PREMIUM REF828240,1144.59,Debit Card,Entertainment
2024-01-23,UPI KFC RESTAURANT VIJAYAWADA,419.58,Cash,Food
2024-01-23,NETFLIX SUBSCRIPTION,1022.55,UPI,Entertainment
2024-01-23,YOUTUBE PREMIUM,2696.57,Net Banking,Entertainment
2024-01-24,INDIAN OIL PETROL,2690.58,Debit Card,Transport
2024-01-24,UPI ROOM RENT BLR,23946.3,Credit Card,Rent
2024-01-24,DOMINOS PIZZA REF414465,1786.8,Wallet,Food
2024-01-24,AIRTEL RECHARGE,3289.17,Debit Card,Bills
2024-01-24,INDEX FUND SIP TXN13382,15815.21,Credit Card,Investment
2024-01-24,UDEMY COURSE,21285.67,Net Banking,Education
2024-01-24,KFC RESTAURANT REF250116,688.46,Cash,Food
2024-01-24,WATER BILL TXN89117,4511.14,Debit Card,Bills
2024-01-24,MUTUAL FUND INVESTMENT TXN84205,10232.08,Credit Card,Investment
2024-01-24,UPI PG RENT PAYMENT HYD,18254.49,Debit Card,Rent
2024-01-24,DENTAL CLINIC,6066.46,Cash,Healthcare
2024-01-24,UPI APARTMENT RENT BLR,19593.18,Net Banking,Rent
2024-01-24,AMAZON PURCHASE REF684526,9602.25,Credit Card,Shopping
2024-01-25,HOTSTAR SUBSCRIPTION TXN46366,382.18,Net Banking,Entertainment
2024-01-25,PVR CINEMAS,1155.21,Net Banking,Entertainment
2024-01-25,DOMINOS PIZZA TXN48020,639.78,Wallet,Food
2024-01-25,UPI HOSTEL RENT HYD,21344.89,Wallet,Rent
2024-01-25,DENTAL CLINIC REF435155,951.56,Cash,Healthcare
2024-01-25,HEALTH CHECKUP TXN75980,752.99,UPI,Healthcare
2024-01-25,STOCK INVESTMENT,769.98,Wallet,Investment
2024-01-25,ONLINE COURSE PAYMENT,16693.61,Debit Card,Education
2024-01-25,AJIO PURCHASE,7001.47,Cash,Shopping
2024-01-25,UPI BAKERY PURCHASE BLR,952.67,Debit Card,Food
2024-01-25,RELIANCE TRENDS TXN14164,7374.03,Wallet,Shopping
2024-01-25,UPI FIXED DEPOSIT HYD,28005.73,Debit Card,Investment
2024-01-25,DONATION PAYMENT,365.15,Wallet,Other
2024-01-25,OLA CAB REF603281,1312.89,Cash,Transport
2024-01-26,HOSTEL FEE RENT,13457.04,Credit Card,Rent
2024-01-26,HOTSTAR SUBSCRIPTION,3673.06,Cash,Entertainment
2024-01-26,UPI MUTUAL FUND INVESTMENT VIJAYAWADA,3556.41,Cash,Investment
2024-01-26,HOTSTAR SUBSCRIPTION TXN71780,1534.15,UPI,Entertainment
2024-01-26,MOVIE TICKET,2923.23,Cash,Entertainment
2024-01-26,UPI HOUSE RENT BLR,5571.27,Net Banking,Rent
2024-01-26,RELIANCE TRENDS,4919.57,Debit Card,Shopping
2024-01-26,AMAZON PRIME TXN53297,2544.29,UPI,Entertainment
2024-01-26,UPI AJIO PURCHASE VIJAYAWADA,13233.1,Debit Card,Shopping
2024-01-26,COURSERA COURSE REF707926,15130.46,Net Banking,Education
2024-01-26,INOX MOVIES,2220.76,Credit Card,Entertainment
2024-01-27,UPI PG RENT PAYMENT BLR,7122.76,UPI,Rent
2024-01-27,YOUTUBE PREMIUM REF631778,1794.73,UPI,Entertainment
2024-01-27,MCDONALDS ORDER REF878720,1412.41,Debit Card,Food
2024-01-27,UPI BROADBAND BILL BLR,3066.26,Cash,Bills
2024-01-27,GOLD SAVINGS,8477.85,Credit Card,Investment
2024-01-27,TEA SHOP UPI REF482788,1064.33,Wallet,Food
2024-01-27,MEESHO ORDER TXN35764,14964.87,Wallet,Shopping
2024-01-27,FIXED DEPOSIT REF612088,25058.88,Credit Card,Investment
2024-01-27,UPI HOSPITAL PAYMENT HYD,1402.3,Cash,Healthcare
2024-01-27,PHARMACY UPI,2076.78,Debit Card,Healthcare
2024-01-27,MISCELLANEOUS PAYMENT TXN99228,1442.3,Wallet,Other
2024-01-28,MUTUAL FUND INVESTMENT REF793545,24264.68,Cash,Investment
2024-01-28,SIP INVESTMENT REF293807,6656.75,UPI,Investment
2024-01-28,DOCTOR CONSULTATION,2391.24,UPI,Healthcare
2024-01-28,VI MOBILE RECHARGE,3015.23,UPI,Bills
2024-01-28,PETROL PUMP,2657.35,Net Banking,Transport
2024-01-28,RESTAURANT PAYMENT,1037.69,UPI,Food
2024-01-29,ATM FEE,593.35,Debit Card,Other
2024-01-29,CAFE COFFEE DAY,294.72,UPI,Food
2024-01-29,RECURRING DEPOSIT REF163594,20109.93,Net Banking,Investment
2024-01-29,UPI TRANSFER,1549.9,Cash,Other
2024-01-29,PERSONAL TRANSFER,8172.85,Wallet,Other
2024-01-29,MEESHO ORDER REF351457,9817.19,Debit Card,Shopping
2024-01-29,RELIANCE TRENDS REF715195,10596.51,Debit Card,Shopping
2024-01-29,UPI BOOK STORE HYD,499.36,UPI,Education
2024-01-30,RELIANCE TRENDS REF294751,11431.84,Wallet,Shopping
2024-01-30,OLA CAB,2980.28,Debit Card,Transport
2024-01-30,UPI UDEMY COURSE GUNTUR,4614.76,Net Banking,Education
2024-01-30,RECURRING DEPOSIT TXN44150,19450.71,Wallet,Investment
2024-01-30,DONATION PAYMENT,7889.9,UPI,Other
2024-01-30,UPI ROOM RENT HYD,22674.11,UPI,Rent
2024-01-30,AIRTEL RECHARGE,1203.48,Net Banking,Bills
2024-01-30,ELECTRICITY BILL,4851.06,Net Banking,Bills
2024-01-30,HEALTH CHECKUP TXN54087,7492.45,Net Banking,Healthcare
2024-01-30,DENTAL CLINIC TXN44757,6256.94,UPI,Healthcare
2024-01-30,UPI TATA PLAY RECHARGE GUNTUR,2671.43,Net Banking,Bills
2024-01-30,MEESHO ORDER,6046.68,UPI,Shopping
2024-01-31,UDEMY COURSE REF358237,8741.03,Credit Card,Education
2024-01-31,RESTAURANT PAYMENT TXN90385,491.57,Credit Card,Food
2024-01-31,HOUSE RENT,7260.93,Wallet,Rent
2024-01-31,UPI CAFE COFFEE DAY BLR,1700.92,Wallet,Food
2024-01-31,GOLD SAVINGS,1226.78,UPI,Investment
2024-01-31,JIO RECHARGE,4100.31,UPI,Bills
2024-01-31,METRO TICKET TXN89499,1904.94,Debit Card,Transport
2024-01-31,MUTUAL FUND INVESTMENT,12946.69,UPI,Investment
2024-01-31,MEDICAL STORE TXN69178,6777.56,Debit Card,Healthcare
2024-02-01,UPI UPI TRANSFER BLR,2816.89,Debit Card,Other
2024-02-01,ROOM RENT,23693.82,Debit Card,Rent
2024-02-01,METRO TICKET,2917.86,Wallet,Transport
2024-02-01,ATM FEE REF683127,4559.1,Wallet,Other
2024-02-01,UPI RELIANCE TRENDS VIJAYAWADA,5422.2,Debit Card,Shopping
2024-02-01,RECURRING DEPOSIT,19478.55,UPI,Investment
2024-02-01,NETFLIX SUBSCRIPTION,2327.44,Credit Card,Entertainment
2024-02-01,OLA CAB REF990856,1536.32,Cash,Transport
2024-02-01,PVR CINEMAS,1111.42,UPI,Entertainment
2024-02-01,CAFE COFFEE DAY,1758.97,Debit Card,Food
2024-02-01,AIRTEL RECHARGE TXN93714,5587.78,Net Banking,Bills
2024-02-01,EXAM FEE REF256557,7083.45,Credit Card,Education
2024-02-02,JIO RECHARGE,1230.54,Cash,Bills
2024-02-02,DIAGNOSTIC LAB REF478722,9945.81,Cash,Healthcare
2024-02-02,UPI ENTERTAINMENT EVENT VIJAYAWADA,2897.93,Credit Card,Entertainment
2024-02-02,ROOM RENT REF258803,20138.79,Cash,Rent
2024-02-02,MYNTRA SHOPPING REF226832,9300.87,Net Banking,Shopping
2024-02-02,MONTHLY RENT,18332.57,Credit Card,Rent
2024-02-02,UPI STOCK INVESTMENT HYD,22987.44,Wallet,Investment
2024-02-02,AJIO PURCHASE REF963167,8958.26,Net Banking,Shopping
2024-02-02,UPI PERSONAL TRANSFER GUNTUR,9150.93,Cash,Other
2024-02-03,HOTSTAR SUBSCRIPTION REF163276,2164.06,UPI,Entertainment
2024-02-03,GROCERY FOOD STORE,151.83,Wallet,Food
2024-02-03,AMAZON PRIME,3672.23,Wallet,Entertainment
2024-02-03,JIO RECHARGE,2392.44,Credit Card,Bills
2024-02-03,TATA PLAY RECHARGE REF459067,4142.98,Credit Card,Bills
2024-02-03,UPI ENTERTAINMENT EVENT BLR,2580.92,Cash,Entertainment
2024-02-03,TATA PLAY RECHARGE TXN46655,3368.4,Net Banking,Bills
2024-02-03,FLIPKART ORDER REF722853,9877.35,Credit Card,Shopping
2024-02-03,MUTUAL FUND INVESTMENT,3731.3,Net Banking,Investment
2024-02-03,UPI AMAZON PURCHASE CHENNAI,4347.03,Cash,Shopping
2024-02-03,UPI TRANSFER REF193811,8085.5,UPI,Other
2024-02-03,MISCELLANEOUS PAYMENT,9250.08,Credit Card,Other
2024-02-03,UPI APARTMENT RENT BLR,19007.68,UPI,Rent
2024-02-03,UPI GOLD SAVINGS CHENNAI,21748.63,Credit Card,Investment
2024-02-03,DOCTOR CONSULTATION,4702.69,Debit Card,Healthcare
2024-02-03,CAFE COFFEE DAY,1233.21,Credit Card,Food
2024-02-04,ACCOMMODATION PAYMENT TXN50814,21631.71,Wallet,Rent
2024-02-04,AMAZON PURCHASE,4003.86,Credit Card,Shopping
2024-02-04,UPI RECURRING DEPOSIT CHENNAI,24482.08,UPI,Investment
2024-02-04,RECURRING DEPOSIT TXN73689,19229.13,Cash,Investment
2024-02-04,UPI ONLINE COURSE PAYMENT VIJAYAWADA,404.71,UPI,Education
2024-02-04,UPI YOUTUBE PREMIUM CHENNAI,763.11,UPI,Entertainment
2024-02-04,FLIPKART ORDER REF423939,11850.3,Cash,Shopping
2024-02-04,STOCK INVESTMENT TXN68419,4168.96,Debit Card,Investment
2024-02-05,RELIANCE TRENDS,1447.97,Net Banking,Shopping
2024-02-05,DMART PURCHASE,12557.49,Wallet,Shopping
2024-02-05,HP FUEL STATION,947.77,Debit Card,Transport
2024-02-05,HOSPITAL PAYMENT REF738794,2601.04,Net Banking,Healthcare
2024-02-05,UPI APARTMENT RENT BLR,6908.42,UPI,Rent
2024-02-06,DONATION PAYMENT TXN24486,4568.73,UPI,Other
2024-02-06,STATIONERY STORE TXN84479,6954.94,Debit Card,Education
2024-02-06,UPI RELIANCE TRENDS GUNTUR,14614.59,Credit Card,Shopping
2024-02-06,GAME PURCHASE REF142079,879.69,Debit Card,Entertainment
2024-02-06,ATM FEE REF800689,6815.71,Cash,Other
2024-02-06,DMART PURCHASE,2721.39,UPI,Shopping
2024-02-06,UPI STOCK INVESTMENT HYD,26244.91,Cash,Investment
2024-02-06,CERTIFICATION EXAM,17020.88,UPI,Education
2024-02-07,UPI CERTIFICATION EXAM BLR,10428.09,UPI,Education
2024-02-07,PG RENT PAYMENT,21836.7,Credit Card,Rent
2024-02-07,YOUTUBE PREMIUM,3424.93,Wallet,Entertainment
2024-02-07,MISCELLANEOUS PAYMENT,2166.97,Cash,Other
2024-02-07,ELECTRICITY BILL,5807.05,Credit Card,Bills
2024-02-07,ACT FIBERNET,1170.89,Cash,Bills
2024-02-07,DENTAL CLINIC,4738.78,Credit Card,Healthcare
2024-02-08,ACT FIBERNET TXN17812,1809.25,Debit Card,Bills
2024-02-08,DENTAL CLINIC REF246566,548.93,Credit Card,Healthcare
2024-02-08,UPI RECURRING DEPOSIT HYD,11539.36,Debit Card,Investment
2024-02-08,MEDPLUS PHARMACY,6869.5,Wallet,Healthcare
2024-02-08,ACCOMMODATION PAYMENT,21995.05,Net Banking,Rent
2024-02-08,UPI FIXED DEPOSIT GUNTUR,22628.98,Cash,Investment
2024-02-08,UBER TRIP,773.94,Wallet,Transport
2024-02-08,UPI SIP INVESTMENT VIJAYAWADA,26819.21,Credit Card,Investment
2024-02-08,CASH WITHDRAWAL,6440.43,Wallet,Other
2024-02-08,LIBRARY FEE REF674598,4792.17,UPI,Education
2024-02-08,RESTAURANT PAYMENT REF580155,1403.2,Net Banking,Food
2024-02-08,HOSPITAL PAYMENT TXN21116,7306.47,Wallet,Healthcare
2024-02-08,UPI HOSTEL FEE RENT VIJAYAWADA,16431.84,Cash,Rent
2024-02-08,NETFLIX SUBSCRIPTION REF273993,595.97,Debit Card,Entertainment
2024-02-08,SWIGGY ORDER REF142153,1606.55,UPI,Food
2024-02-08,MEDPLUS PHARMACY,2708.61,Credit Card,Healthcare
2024-02-09,MUTUAL FUND INVESTMENT,18019.96,Credit Card,Investment
2024-02-09,BANK CHARGE REF941460,3737.9,Wallet,Other
2024-02-09,DOCTOR CONSULTATION,8688.14,Cash,Healthcare
2024-02-09,UPI HOTSTAR SUBSCRIPTION VIJAYAWADA,999.43,Net Banking,Entertainment
2024-02-09,MCDONALDS ORDER,883.97,Credit Card,Food
2024-02-09,UPI CLOTHING STORE CHENNAI,552.09,Cash,Shopping
2024-02-09,GIFT PURCHASE REF101351,2765.55,Wallet,Other
2024-02-10,MEDPLUS PHARMACY REF385822,7573.57,Wallet,Healthcare
2024-02-10,DIAGNOSTIC LAB,7589.26,Cash,Healthcare
2024-02-10,ELECTRONICS STORE TXN65119,13526.57,Debit Card,Shopping
2024-02-10,MISCELLANEOUS PAYMENT,7196.98,Credit Card,Other
2024-02-10,UPI INDEX FUND SIP VIJAYAWADA,24081.45,Net Banking,Investment
2024-02-10,PERSONAL TRANSFER,6389.41,Net Banking,Other
2024-02-10,UDEMY COURSE REF711176,2150.41,Cash,Education
2024-02-10,PHARMACY UPI REF853961,8581.77,Cash,Healthcare
2024-02-10,MEDPLUS PHARMACY,2779.63,Cash,Healthcare
2024-02-10,HOUSE RENT REF952679,6843.44,Credit Card,Rent
2024-02-10,MCDONALDS ORDER,54.8,Net Banking,Food
2024-02-11,MYNTRA SHOPPING,1878.37,Net Banking,Shopping
2024-02-11,HOSTEL FEE RENT TXN96491,9470.54,Credit Card,Rent
2024-02-11,RECURRING DEPOSIT REF523257,22692.91,Credit Card,Investment
2024-02-11,METRO TICKET TXN59560,2599.61,Debit Card,Transport
2024-02-11,UPI YOUTUBE PREMIUM HYD,764.64,Cash,Entertainment
2024-02-11,BANK CHARGE,9394.79,Debit Card,Other
2024-02-11,MOBILE POSTPAID BILL,2468.18,UPI,Bills
2024-02-11,ELECTRONICS STORE REF538065,14704.74,Net Banking,Shopping
2024-02-11,PETROL PUMP,2288.04,UPI,Transport
2024-02-11,UPI INOX MOVIES BLR,236.39,Wallet,Entertainment
2024-02-11,UDEMY COURSE REF958437,10740.16,Net Banking,Education
2024-02-12,STOCK INVESTMENT,26823.32,Net Banking,Investment
2024-02-12,CAFE COFFEE DAY,1012.25,Net Banking,Food
2024-02-12,HEALTH CHECKUP TXN81046,8243.85,Wallet,Healthcare
2024-02-12,UPI FIXED DEPOSIT VIJAYAWADA,11518.74,Net Banking,Investment
2024-02-12,UPI FLIPKART ORDER GUNTUR,10796.0,Debit Card,Shopping
2024-02-12,AUTO RICKSHAW UPI,2899.05,Debit Card,Transport
2024-02-12,UPI ATM FEE GUNTUR,6988.47,Debit Card,Other
2024-02-12,UPI ACT FIBERNET CHENNAI,3400.53,Credit Card,Bills
2024-02-13,AUTO RICKSHAW UPI,2380.29,Debit Card,Transport
2024-02-13,UPI HOSTEL RENT VIJAYAWADA,23232.17,UPI,Rent
2024-02-13,MONTHLY RENT TXN76281,4098.65,Cash,Rent
2024-02-13,RAILWAY TICKET REF212018,2677.47,Net Banking,Transport
2024-02-13,MYNTRA SHOPPING TXN75721,9362.66,Credit Card,Shopping
2024-02-13,UPI EYE HOSPITAL CHENNAI,3312.03,Wallet,Healthcare
2024-02-13,UPI TRAINING PROGRAM VIJAYAWADA,14722.01,Wallet,Education
2024-02-13,PG RENT PAYMENT REF377198,11127.57,Wallet,Rent
2024-02-14,HP FUEL STATION TXN89581,1607.24,Debit Card,Transport
2024-02-14,UPI ACCOMMODATION PAYMENT VIJAYAWADA,17743.14,UPI,Rent
2024-02-14,SIP INVESTMENT,26263.28,Wallet,Investment
2024-02-14,ELECTRONICS STORE REF512668,10509.81,Debit Card,Shopping
2024-02-14,CAFE COFFEE DAY REF532870,754.46,Wallet,Food
2024-02-14,NETFLIX SUBSCRIPTION REF783134,1507.5,UPI,Entertainment
2024-02-14,TRAINING PROGRAM,11194.37,Credit Card,Education
2024-02-14,FLIPKART ORDER REF940718,403.97,Debit Card,Shopping
2024-02-14,GAME PURCHASE,3576.69,Cash,Entertainment
2024-02-14,METRO TICKET,1025.4,UPI,Transport
2024-02-14,GAME PURCHASE,1543.84,Wallet,Entertainment
2024-02-14,INVESTMENT ACCOUNT,17036.11,Credit Card,Investment
2024-02-14,DOMINOS PIZZA,366.04,Credit Card,Food
2024-02-14,SIP INVESTMENT REF372302,26557.92,UPI,Investment
2024-02-14,MEDICAL STORE TXN24459,8514.99,Net Banking,Healthcare
2024-02-15,UPI UDEMY COURSE HYD,14326.42,UPI,Education
2024-02-15,TRAINING PROGRAM REF785371,10278.73,Debit Card,Education
2024-02-15,DOMINOS PIZZA,1351.32,Net Banking,Food
2024-02-15,GROCERY FOOD STORE,1056.48,Net Banking,Food
2024-02-15,GROCERY FOOD STORE,238.1,Wallet,Food
2024-02-15,GAME PURCHASE REF560470,2647.84,Net Banking,Entertainment
2024-02-15,FLIPKART ORDER,8384.59,Wallet,Shopping
2024-02-15,UPI AMAZON PRIME VIJAYAWADA,2049.3,Debit Card,Entertainment
2024-02-15,ELECTRONICS STORE TXN77669,3055.79,Credit Card,Shopping
2024-02-15,UPI COLLEGE FEE VIJAYAWADA,2126.78,UPI,Education
2024-02-16,GAS BILL PAYMENT,458.5,Wallet,Bills
2024-02-16,COLLEGE FEE TXN93230,4681.95,UPI,Education
2024-02-16,EXAM FEE,16491.3,UPI,Education
2024-02-16,UPI DONATION PAYMENT VIJAYAWADA,1290.66,Debit Card,Other
2024-02-16,PHARMACY UPI REF677759,857.67,Cash,Healthcare
2024-02-16,UPI INOX MOVIES CHENNAI,1421.43,Wallet,Entertainment
2024-02-16,VI MOBILE RECHARGE TXN13842,1953.93,Wallet,Bills
2024-02-16,DIAGNOSTIC LAB,8351.05,Credit Card,Healthcare
2024-02-16,ONLINE COURSE PAYMENT TXN18050,800.86,Debit Card,Education
2024-02-16,INVESTMENT ACCOUNT,14725.45,Net Banking,Investment
2024-02-16,APOLLO PHARMACY,963.71,Debit Card,Healthcare
2024-02-17,DMART PURCHASE,7964.64,Cash,Shopping
2024-02-17,STOCK INVESTMENT REF984752,8008.21,Cash,Investment
2024-02-17,UPI METRO TICKET GUNTUR,2713.17,Credit Card,Transport
2024-02-17,STOCK INVESTMENT,11912.81,Credit Card,Investment
2024-02-17,UPI PERSONAL TRANSFER HYD,1129.84,UPI,Other
2024-02-17,PERSONAL TRANSFER TXN99463,7634.43,UPI,Other
2024-02-17,EYE HOSPITAL,4873.21,UPI,Healthcare
2024-02-18,COLLEGE FEE,21306.82,Credit Card,Education
2024-02-18,TEA SHOP UPI TXN29396,796.44,Net Banking,Food
2024-02-18,UPI ELECTRICITY BILL GUNTUR,2833.14,Wallet,Bills
2024-02-18,JIO RECHARGE,2194.03,Net Banking,Bills
2024-02-18,MUTUAL FUND INVESTMENT,10396.22,Net Banking,Investment
2024-02-18,ACT FIBERNET,4762.09,Wallet,Bills
2024-02-18,BANK CHARGE TXN16285,5366.21,Credit Card,Other
2024-02-18,HP FUEL STATION,1400.15,Cash,Transport
2024-02-18,MYNTRA SHOPPING REF163660,4090.38,UPI,Shopping
2024-02-18,DONATION PAYMENT REF989274,7308.33,Credit Card,Other
2024-02-18,BANK CHARGE REF566925,4706.7,Credit Card,Other
2024-02-18,UPI HOSTEL FEE RENT GUNTUR,7522.94,Wallet,Rent
2024-02-19,BOOK STORE,17913.52,UPI,Education
2024-02-19,APARTMENT RENT TXN68445,17837.96,Debit Card,Rent
2024-02-19,PVR CINEMAS REF211760,3528.87,UPI,Entertainment
2024-02-19,SIP INVESTMENT REF456263,25028.61,Wallet,Investment
2024-02-19,RECURRING DEPOSIT,3422.45,Debit Card,Investment
2024-02-19,NETFLIX SUBSCRIPTION,359.11,Net Banking,Entertainment
2024-02-19,UPI MEDPLUS PHARMACY GUNTUR,4983.61,Cash,Healthcare
2024-02-20,ELECTRONICS STORE REF751834,11119.97,Credit Card,Shopping
2024-02-20,UPI FLIPKART ORDER GUNTUR,6004.04,Wallet,Shopping
2024-02-20,MYNTRA SHOPPING REF961621,14242.31,Wallet,Shopping
2024-02-20,LIBRARY FEE TXN41271,1366.2,Debit Card,Education
2024-02-20,DMART PURCHASE REF598969,8614.46,Cash,Shopping
2024-02-20,RECURRING DEPOSIT TXN48980,7507.67,Net Banking,Investment
2024-02-20,VI MOBILE RECHARGE,5214.91,Wallet,Bills
2024-02-20,CASH WITHDRAWAL TXN41164,6678.59,Cash,Other
2024-02-20,AMAZON PURCHASE,5927.73,UPI,Shopping
2024-02-20,INVESTMENT ACCOUNT,23072.22,Debit Card,Investment
2024-02-20,UPI TRANSFER,4880.81,UPI,Other
2024-02-20,EXAM FEE,1680.27,Cash,Education
2024-02-21,YOUTUBE PREMIUM TXN60922,1054.53,UPI,Entertainment
2024-02-21,ELECTRICITY BILL,2182.08,Credit Card,Bills
2024-02-21,INVESTMENT ACCOUNT,15176.35,Credit Card,Investment
2024-02-21,PETROL PUMP,2914.15,Credit Card,Transport
2024-02-21,UPI AMAZON PURCHASE HYD,9547.25,Credit Card,Shopping
2024-02-21,RESTAURANT PAYMENT TXN96540,1509.69,Credit Card,Food
2024-02-21,MISCELLANEOUS PAYMENT REF756916,354.18,Cash,Other
2024-02-21,DOCTOR CONSULTATION TXN24554,1168.0,Debit Card,Healthcare
2024-02-21,AJIO PURCHASE,12079.38,Cash,Shopping
2024-02-21,RAPIDO RIDE REF745346,2095.08,Credit Card,Transport
2024-02-22,DONATION PAYMENT TXN12008,9574.06,UPI,Other
2024-02-22,WATER BILL REF891328,429.97,Wallet,Bills
2024-02-22,UPI ROOM RENT GUNTUR,24147.13,UPI,Rent
2024-02-22,UPI MEESHO ORDER GUNTUR,13113.4,Wallet,Shopping
2024-02-22,BOOK STORE,3347.31,Debit Card,Education
2024-02-22,PERSONAL TRANSFER TXN46146,1749.56,Debit Card,Other
2024-02-23,ATM FEE,3927.82,Credit Card,Other
2024-02-23,ATM FEE REF316010,3924.06,Net Banking,Other
2024-02-23,COURSERA COURSE REF617287,15451.62,Credit Card,Education
2024-02-23,BROADBAND BILL REF778981,2452.85,Wallet,Bills
2024-02-23,BAKERY PURCHASE REF317406,1027.4,Debit Card,Food
2024-02-24,DOCTOR CONSULTATION,7035.52,UPI,Healthcare
2024-02-24,WATER BILL,1279.0,Cash,Bills
2024-02-24,UPI BUS TICKET GUNTUR,1247.73,Net Banking,Transport
2024-02-24,TRAINING PROGRAM,20581.12,Cash,Education
2024-02-24,TRAINING PROGRAM,1953.76,Wallet,Education
2024-02-24,UPI DMART PURCHASE BLR,13472.38,Wallet,Shopping
2024-02-24,INDIAN OIL PETROL TXN87561,151.83,Cash,Transport
2024-02-24,ZOMATO FOOD ORDER,531.94,Debit Card,Food
2024-02-24,MUTUAL FUND INVESTMENT,15596.19,Wallet,Investment
2024-02-24,RAILWAY TICKET REF257044,1968.26,Credit Card,Transport
2024-02-24,PG RENT PAYMENT REF282729,15828.91,Net Banking,Rent
2024-02-25,PETROL PUMP TXN97207,1156.36,Cash,Transport
2024-02-25,RELIANCE TRENDS,9412.42,UPI,Shopping
2024-02-25,ONLINE COURSE PAYMENT,17081.23,Wallet,Education
2024-02-25,BAKERY PURCHASE,855.39,UPI,Food
2024-02-25,GIFT PURCHASE,5268.36,Net Banking,Other
2024-02-25,UPI BROADBAND BILL HYD,762.99,Debit Card,Bills
2024-02-25,HOSTEL FEE RENT REF196725,18838.25,Wallet,Rent
2024-02-25,GROCERY FOOD STORE TXN90280,1552.54,Net Banking,Food
2024-02-26,JIO RECHARGE TXN69559,3500.37,Cash,Bills
2024-02-26,UPI TATA PLAY RECHARGE BLR,4595.44,Debit Card,Bills
2024-02-26,BANK CHARGE TXN94876,7153.77,Net Banking,Other
2024-02-26,UPI APOLLO PHARMACY CHENNAI,9846.01,UPI,Healthcare
2024-02-26,RAILWAY TICKET REF817172,2769.04,Credit Card,Transport
2024-02-27,STATIONERY STORE,23201.97,Cash,Education
2024-02-27,DIAGNOSTIC LAB TXN37982,7212.1,Net Banking,Healthcare
2024-02-27,MEESHO ORDER TXN72771,2402.25,Cash,Shopping
2024-02-27,ONLINE COURSE PAYMENT,14222.47,Wallet,Education
2024-02-27,UPI TRANSFER,3282.81,Debit Card,Other
2024-02-28,CERTIFICATION EXAM TXN69575,13697.35,Net Banking,Education
2024-02-28,BAKERY PURCHASE,1534.62,Credit Card,Food
2024-02-28,MONTHLY RENT TXN42653,22770.19,Debit Card,Rent
2024-02-28,TEA SHOP UPI,1028.24,Credit Card,Food
2024-02-28,SIP INVESTMENT REF854793,7872.71,UPI,Investment
2024-02-28,RELIANCE TRENDS TXN39323,10151.94,Credit Card,Shopping
2024-02-28,KFC RESTAURANT,260.08,Wallet,Food
2024-02-28,HOUSE RENT,5302.38,Net Banking,Rent
2024-02-28,PERSONAL TRANSFER TXN60809,123.33,Debit Card,Other
2024-02-28,MISCELLANEOUS PAYMENT TXN93816,9801.27,UPI,Other
2024-02-29,UPI ROOM RENT GUNTUR,7789.42,Cash,Rent
2024-02-29,UPI DOMINOS PIZZA CHENNAI,286.55,UPI,Food
2024-02-29,HOUSE RENT,12911.71,Net Banking,Rent
2024-02-29,UBER TRIP,2486.22,Credit Card,Transport
2024-02-29,EYE HOSPITAL,7020.6,Wallet,Healthcare
2024-02-29,HOUSE RENT TXN82672,21071.58,Credit Card,Rent
2024-02-29,PERSONAL TRANSFER REF165706,9118.59,Cash,Other
2024-02-29,AUTO RICKSHAW UPI,187.03,Debit Card,Transport
2024-02-29,UPI CAFE COFFEE DAY GUNTUR,770.11,Wallet,Food
2024-02-29,ATM FEE REF950069,7796.46,Net Banking,Other
2024-03-01,UPI HOSTEL FEE RENT BLR,12016.61,Net Banking,Rent
2024-03-01,ACT FIBERNET,5156.93,Credit Card,Bills
2024-03-01,PG RENT PAYMENT TXN89522,15894.52,UPI,Rent
2024-03-01,STATIONERY STORE,4343.84,Wallet,Education
2024-03-01,TATA PLAY RECHARGE,1105.33,Cash,Bills
2024-03-01,ROOM RENT TXN34850,19027.62,Cash,Rent
2024-03-01,PG RENT PAYMENT,3914.99,Net Banking,Rent
2024-03-01,UPI UDEMY COURSE CHENNAI,1152.34,Wallet,Education
2024-03-01,ROOM RENT TXN10886,3736.6,Debit Card,Rent
2024-03-01,INOX MOVIES,462.9,Wallet,Entertainment
2024-03-01,CAFE COFFEE DAY,173.66,Net Banking,Food
2024-03-01,UPI HOSTEL FEE RENT HYD,15961.42,Net Banking,Rent
2024-03-01,ATM FEE,5498.26,Net Banking,Other
2024-03-02,MISCELLANEOUS PAYMENT TXN13362,8986.63,UPI,Other
2024-03-02,ELECTRICITY BILL TXN41718,4811.03,Wallet,Bills
2024-03-02,HOTSTAR SUBSCRIPTION,3879.46,Credit Card,Entertainment
2024-03-02,BAKERY PURCHASE,1498.57,Credit Card,Food
2024-03-02,PG RENT PAYMENT,13886.86,Debit Card,Rent
2024-03-02,SWIGGY ORDER REF716564,125.93,Wallet,Food
2024-03-02,MOVIE TICKET,383.67,Debit Card,Entertainment
2024-03-02,YOUTUBE PREMIUM,3889.17,Cash,Entertainment
2024-03-02,UPI ROOM RENT VIJAYAWADA,20534.56,Debit Card,Rent
2024-03-03,APOLLO PHARMACY,4689.47,UPI,Healthcare
2024-03-03,HOSTEL RENT,20622.44,Credit Card,Rent
2024-03-03,AMAZON PRIME,1964.93,Net Banking,Entertainment
2024-03-03,SIP INVESTMENT TXN43460,19322.69,Credit Card,Investment
2024-03-03,UPI HOSTEL FEE RENT HYD,20165.12,UPI,Rent
2024-03-03,MISCELLANEOUS PAYMENT TXN74788,6467.64,UPI,Other
2024-03-03,METRO TICKET REF128643,1398.26,Cash,Transport
2024-03-03,METRO TICKET,400.73,UPI,Transport
2024-03-03,WATER BILL TXN27350,4553.3,Debit Card,Bills
2024-03-03,UPI HOUSE RENT CHENNAI,14444.12,Cash,Rent
2024-03-03,MONTHLY RENT REF680290,18781.87,Wallet,Rent
2024-03-03,HOUSE RENT REF787134,5090.68,Wallet,Rent
2024-03-03,SIP INVESTMENT,28873.06,UPI,Investment
2024-03-03,UPI ATM FEE GUNTUR,3629.03,Credit Card,Other
2024-03-03,PG RENT PAYMENT,17620.75,Debit Card,Rent
2024-03-04,GROCERY FOOD STORE,1032.29,Credit Card,Food
2024-03-04,CAFE COFFEE DAY,820.07,Credit Card,Food
2024-03-04,COURSERA COURSE TXN28797,20244.23,Net Banking,Education
2024-03-04,UPI STOCK INVESTMENT VIJAYAWADA,28593.79,Wallet,Investment
2024-03-04,UPI HOTSTAR SUBSCRIPTION VIJAYAWADA,3484.33,Net Banking,Entertainment
2024-03-04,UPI EXAM FEE HYD,12326.18,Credit Card,Education
2024-03-05,TRAINING PROGRAM,15447.53,Credit Card,Education
2024-03-05,COURSERA COURSE,23317.48,UPI,Education
2024-03-05,DMART PURCHASE,14559.42,UPI,Shopping
2024-03-05,KFC RESTAURANT,1669.41,Net Banking,Food
2024-03-05,GIFT PURCHASE,3935.27,Net Banking,Other
2024-03-05,BROADBAND BILL,2404.68,Debit Card,Bills
2024-03-05,AIRTEL RECHARGE,1123.34,UPI,Bills
2024-03-05,EXAM FEE TXN35660,21239.47,Credit Card,Education
2024-03-06,HOUSE RENT,16173.92,Cash,Rent
2024-03-06,APOLLO PHARMACY,6516.46,Net Banking,Healthcare
2024-03-06,COURSERA COURSE,14061.93,UPI,Education
2024-03-06,SHOPPING MALL,6587.12,Credit Card,Shopping
2024-03-06,EYE HOSPITAL TXN99415,944.85,Net Banking,Healthcare
2024-03-06,UDEMY COURSE,10071.46,UPI,Education
2024-03-06,RECURRING DEPOSIT TXN99707,3689.08,Credit Card,Investment
2024-03-06,RECURRING DEPOSIT REF505595,20426.95,Debit Card,Investment
2024-03-06,UPI PETROL PUMP CHENNAI,335.94,Net Banking,Transport
2024-03-06,UBER TRIP TXN66272,837.78,Credit Card,Transport
2024-03-06,GOLD SAVINGS TXN54790,11357.68,Cash,Investment
2024-03-06,UPI STOCK INVESTMENT HYD,13591.89,Credit Card,Investment
2024-03-06,UPI RESTAURANT PAYMENT BLR,1597.48,UPI,Food
2024-03-06,INDIAN OIL PETROL,915.0,Net Banking,Transport
2024-03-06,PVR CINEMAS,969.13,UPI,Entertainment
2024-03-07,MOBILE POSTPAID BILL,3434.33,Cash,Bills
2024-03-07,KFC RESTAURANT REF245221,541.1,Debit Card,Food
2024-03-07,APOLLO PHARMACY TXN99437,8073.56,Credit Card,Healthcare
2024-03-07,SIP INVESTMENT REF305602,28835.26,Credit Card,Investment
2024-03-07,EXAM FEE,12238.92,Net Banking,Education
2024-03-07,APOLLO PHARMACY TXN17613,2257.6,Credit Card,Healthcare
2024-03-07,ENTERTAINMENT EVENT,1848.34,Debit Card,Entertainment
2024-03-07,ACCOMMODATION PAYMENT,16003.38,Debit Card,Rent
2024-03-07,KFC RESTAURANT TXN31333,997.74,Debit Card,Food
2024-03-08,MCDONALDS ORDER,1145.82,UPI,Food
2024-03-08,DONATION PAYMENT TXN43484,7368.65,Debit Card,Other
2024-03-08,GROCERY FOOD STORE REF346355,713.73,Net Banking,Food
2024-03-08,HOSTEL RENT REF437758,16382.54,Debit Card,Rent
2024-03-08,STOCK INVESTMENT,26585.27,Credit Card,Investment
2024-03-08,MOBILE POSTPAID BILL TXN13340,382.71,Net Banking,Bills
2024-03-08,VI MOBILE RECHARGE,4511.86,Net Banking,Bills
2024-03-08,BUS TICKET TXN41749,489.94,Debit Card,Transport
2024-03-08,BROADBAND BILL TXN59872,5053.91,Wallet,Bills
2024-03-08,HEALTH CHECKUP REF981304,5205.64,Cash,Healthcare
2024-03-08,CERTIFICATION EXAM,13883.17,Wallet,Education
2024-03-08,MEESHO ORDER REF520719,4790.49,Wallet,Shopping
2024-03-08,INOX MOVIES,1170.16,UPI,Entertainment
2024-03-08,UPI ROOM RENT CHENNAI,9836.26,Credit Card,Rent
2024-03-09,HP FUEL STATION,1125.87,Debit Card,Transport
2024-03-09,RAILWAY TICKET REF720615,1030.41,Cash,Transport
2024-03-09,ELECTRICITY BILL,4000.52,UPI,Bills
2024-03-09,DMART PURCHASE,13220.71,Wallet,Shopping
2024-03-09,OLA CAB,509.85,UPI,Transport
2024-03-09,CERTIFICATION EXAM TXN24900,16442.02,Cash,Education
2024-03-09,AIRTEL RECHARGE REF901865,1735.58,Cash,Bills
2024-03-09,VI MOBILE RECHARGE,5378.92,UPI,Bills
2024-03-09,UPI AIRTEL RECHARGE BLR,4303.92,UPI,Bills
2024-03-09,MONTHLY RENT,4848.73,UPI,Rent
2024-03-09,WATER BILL,1581.5,Net Banking,Bills
2024-03-09,UPI HOSTEL FEE RENT BLR,18936.29,Credit Card,Rent
2024-03-10,COLLEGE FEE,16083.41,Credit Card,Education
2024-03-10,HOUSE RENT,5557.9,Net Banking,Rent
2024-03-10,TRAINING PROGRAM REF805483,311.06,UPI,Education
2024-03-10,DOMINOS PIZZA,568.01,Cash,Food
2024-03-10,BAKERY PURCHASE,1374.03,Credit Card,Food
2024-03-10,UPI YOUTUBE PREMIUM VIJAYAWADA,3989.99,Credit Card,Entertainment
2024-03-10,DOMINOS PIZZA,161.79,Debit Card,Food
2024-03-10,APOLLO PHARMACY,855.02,Wallet,Healthcare
2024-03-10,PVR CINEMAS TXN12128,1492.02,Credit Card,Entertainment
2024-03-10,INDIAN OIL PETROL,1514.63,Net Banking,Transport
2024-03-10,MEDICAL STORE,7062.41,Debit Card,Healthcare
2024-03-10,RECURRING DEPOSIT,13654.52,Net Banking,Investment
2024-03-11,INVESTMENT ACCOUNT REF701530,18479.78,Credit Card,Investment
2024-03-11,RAILWAY TICKET REF263451,422.17,Wallet,Transport
2024-03-11,DOMINOS PIZZA REF915680,462.85,UPI,Food
2024-03-11,ELECTRICITY BILL REF204720,3481.12,Wallet,Bills
2024-03-11,UPI MOBILE POSTPAID BILL HYD,4604.49,UPI,Bills
2024-03-11,UPI INOX MOVIES HYD,1527.85,Credit Card,Entertainment
2024-03-11,AMAZON PURCHASE,4533.08,Cash,Shopping
2024-03-11,UPI AMAZON PRIME CHENNAI,2688.8,Credit Card,Entertainment
2024-03-12,RELIANCE TRENDS REF291677,1589.39,Wallet,Shopping
2024-03-12,DMART PURCHASE TXN37413,14250.58,Cash,Shopping
2024-03-12,MOVIE TICKET TXN96423,348.02,Cash,Entertainment
2024-03-12,UPI DOCTOR CONSULTATION GUNTUR,6629.74,Net Banking,Healthcare
2024-03-12,SHOPPING MALL REF167755,13061.01,Debit Card,Shopping
2024-03-12,EXAM FEE REF559218,20237.18,Cash,Education
2024-03-12,UPI BUS TICKET CHENNAI,1425.54,Net Banking,Transport
2024-03-12,DMART PURCHASE,14828.13,Cash,Shopping
2024-03-12,UPI HOUSE RENT BLR,6835.27,Debit Card,Rent
2024-03-12,COLLEGE FEE TXN44690,4530.44,Net Banking,Education
2024-03-13,ZOMATO FOOD ORDER TXN65591,179.15,Cash,Food
2024-03-13,YOUTUBE PREMIUM REF732319,2309.59,Credit Card,Entertainment
2024-03-13,ATM FEE,2241.16,Wallet,Other
2024-03-13,UPI ENTERTAINMENT EVENT VIJAYAWADA,3353.72,Debit Card,Entertainment
2024-03-13,UPI ACCOMMODATION PAYMENT BLR,19872.83,Credit Card,Rent
2024-03-13,UPI AMAZON PRIME CHENNAI,2588.16,Cash,Entertainment
2024-03-13,KFC RESTAURANT REF132938,1554.36,Cash,Food
2024-03-13,GAME PURCHASE,3462.32,Net Banking,Entertainment
2024-03-13,CAFE COFFEE DAY,259.45,Cash,Food
2024-03-13,MEESHO ORDER,3747.89,Credit Card,Shopping
2024-03-14,PHARMACY UPI TXN90666,8384.81,Cash,Healthcare
2024-03-14,UPI HOUSE RENT GUNTUR,14345.8,UPI,Rent
2024-03-14,ROOM RENT,8125.68,UPI,Rent
2024-03-14,HP FUEL STATION REF434936,200.16,Cash,Transport
2024-03-14,AMAZON PURCHASE,4769.75,Wallet,Shopping
2024-03-14,UPI HOUSE RENT GUNTUR,9864.24,Net Banking,Rent
2024-03-14,MUTUAL FUND INVESTMENT TXN39850,3403.07,Credit Card,Investment
2024-03-14,RAPIDO RIDE REF379449,2333.69,Cash,Transport
2024-03-14,UPI GOLD SAVINGS HYD,26710.12,Debit Card,Investment
2024-03-14,MOVIE TICKET,830.52,Debit Card,Entertainment
2024-03-14,UPI BANK CHARGE BLR,2894.08,Credit Card,Other
2024-03-14,AMAZON PURCHASE,2429.68,Debit Card,Shopping
2024-03-15,AMAZON PURCHASE,6312.6,Net Banking,Shopping
2024-03-15,UPI HP FUEL STATION CHENNAI,2678.15,Net Banking,Transport
2024-03-15,UPI MEDPLUS PHARMACY GUNTUR,2332.83,Wallet,Healthcare
2024-03-15,LIBRARY FEE,24756.6,Debit Card,Education
2024-03-15,DENTAL CLINIC,1588.37,Cash,Healthcare
2024-03-15,EYE HOSPITAL,5546.59,Wallet,Healthcare
2024-03-16,MOVIE TICKET REF377767,432.92,UPI,Entertainment
2024-03-16,CERTIFICATION EXAM,4844.28,Cash,Education
2024-03-16,ENTERTAINMENT EVENT TXN72935,782.4,Wallet,Entertainment
2024-03-16,UDEMY COURSE REF791750,22214.84,Debit Card,Education
2024-03-16,UPI SPOTIFY PREMIUM GUNTUR,1651.91,Wallet,Entertainment
2024-03-16,APOLLO PHARMACY TXN44226,9521.46,Credit Card,Healthcare
2024-03-16,UPI GAS BILL PAYMENT BLR,1810.1,Cash,Bills
2024-03-16,MYNTRA SHOPPING REF290493,14367.71,Credit Card,Shopping
2024-03-16,INOX MOVIES TXN91820,1258.75,Wallet,Entertainment
2024-03-16,AMAZON PURCHASE,2023.99,Cash,Shopping
2024-03-16,MOBILE POSTPAID BILL,2082.56,Net Banking,Bills
2024-03-17,SIP INVESTMENT,16604.98,Wallet,Investment
2024-03-17,UPI PERSONAL TRANSFER HYD,7806.29,Wallet,Other
2024-03-17,EXAM FEE,6871.7,Debit Card,Education
2024-03-17,ZOMATO FOOD ORDER,931.82,UPI,Food
2024-03-17,CLOTHING STORE TXN17393,5473.21,Cash,Shopping
2024-03-17,UPI MEESHO ORDER VIJAYAWADA,1301.83,Wallet,Shopping
2024-03-17,ELECTRICITY BILL,5560.45,Cash,Bills
2024-03-17,PHARMACY UPI,2486.91,UPI,Healthcare
2024-03-17,DENTAL CLINIC,1930.29,UPI,Healthcare
2024-03-17,HOUSE RENT TXN99791,24290.82,UPI,Rent
2024-03-17,SHOPPING MALL,1638.65,Credit Card,Shopping
2024-03-17,HOSTEL RENT TXN23986,16741.09,Net Banking,Rent
2024-03-17,UPI DIAGNOSTIC LAB CHENNAI,9345.48,Cash,Healthcare
2024-03-17,JIO RECHARGE,5380.44,Net Banking,Bills
2024-03-17,PERSONAL TRANSFER,1666.37,Net Banking,Other
2024-03-18,RELIANCE TRENDS TXN49677,10155.5,Cash,Shopping
2024-03-18,MISCELLANEOUS PAYMENT REF237788,2384.04,Credit Card,Other
2024-03-18,GAS BILL PAYMENT REF609937,4647.1,Cash,Bills
2024-03-18,UPI ROOM RENT VIJAYAWADA,11829.39,Credit Card,Rent
2024-03-18,TRAINING PROGRAM TXN68526,6841.25,UPI,Education
2024-03-18,UPI RAPIDO RIDE CHENNAI,1222.42,Net Banking,Transport
2024-03-18,NETFLIX SUBSCRIPTION,285.33,Credit Card,Entertainment
2024-03-18,CAFE COFFEE DAY,1406.36,UPI,Food
2024-03-18,FLIPKART ORDER TXN47219,13166.98,Wallet,Shopping
2024-03-19,DOMINOS PIZZA TXN28517,188.24,UPI,Food
2024-03-19,MONTHLY RENT TXN11235,16831.1,Debit Card,Rent
2024-03-19,UPI TEA SHOP UPI CHENNAI,339.81,Cash,Food
2024-03-19,ACT FIBERNET REF941304,5041.71,Net Banking,Bills
2024-03-19,GAS BILL PAYMENT,2804.68,Credit Card,Bills
2024-03-19,HOUSE RENT REF809798,22047.02,Cash,Rent
2024-03-19,EYE HOSPITAL,2303.14,Net Banking,Healthcare
2024-03-19,PETROL PUMP,727.08,Credit Card,Transport
2024-03-19,DMART PURCHASE TXN46721,4367.51,UPI,Shopping
2024-03-19,COLLEGE FEE TXN48228,13287.35,Cash,Education
2024-03-19,MEESHO ORDER TXN69253,898.59,Credit Card,Shopping
2024-03-19,MUTUAL FUND INVESTMENT,14084.5,UPI,Investment
2024-03-20,ELECTRONICS STORE,6452.46,Cash,Shopping
2024-03-20,UPI APOLLO PHARMACY CHENNAI,4979.66,Net Banking,Healthcare
2024-03-20,MCDONALDS ORDER REF478550,1435.9,Cash,Food
2024-03-20,DOMINOS PIZZA REF282490,1086.43,Cash,Food
2024-03-20,TRAINING PROGRAM TXN52298,20282.8,Net Banking,Education
2024-03-20,MISCELLANEOUS PAYMENT,4167.94,UPI,Other
2024-03-20,RELIANCE TRENDS REF819926,8549.0,Net Banking,Shopping
2024-03-20,MONTHLY RENT TXN36545,16053.67,Cash,Rent
2024-03-20,UPI RESTAURANT PAYMENT CHENNAI,425.87,Credit Card,Food
2024-03-20,UPI EXAM FEE VIJAYAWADA,9752.69,Wallet,Education
2024-03-20,BUS TICKET REF557409,85.66,Credit Card,Transport
2024-03-20,GAS BILL PAYMENT TXN75902,5337.66,UPI,Bills
2024-03-20,DOCTOR CONSULTATION REF830619,4451.01,Cash,Healthcare
2024-03-20,ENTERTAINMENT EVENT,1895.72,Credit Card,Entertainment
2024-03-20,NETFLIX SUBSCRIPTION,2500.47,Wallet,Entertainment
2024-03-20,ATM FEE TXN53599,5107.62,UPI,Other
2024-03-21,UPI GROCERY FOOD STORE HYD,478.21,Wallet,Food
2024-03-21,WATER BILL REF147465,1400.62,Credit Card,Bills
2024-03-21,UPI PG RENT PAYMENT BLR,16047.97,Credit Card,Rent
2024-03-21,RECURRING DEPOSIT TXN45038,23950.62,Credit Card,Investment
2024-03-21,NETFLIX SUBSCRIPTION TXN24862,373.57,Net Banking,Entertainment
2024-03-21,COLLEGE FEE REF406400,3287.77,Wallet,Education
2024-03-21,SPOTIFY PREMIUM,3010.29,Debit Card,Entertainment
2024-03-21,BANK CHARGE,196.19,Cash,Other
2024-03-21,DENTAL CLINIC REF792792,8537.69,Wallet,Healthcare
2024-03-21,DIAGNOSTIC LAB,3124.93,Cash,Healthcare
2024-03-21,ONLINE COURSE PAYMENT,7992.6,Cash,Education
2024-03-21,UPI WATER BILL VIJAYAWADA,868.29,Net Banking,Bills
2024-03-22,JIO RECHARGE REF706446,4124.03,Cash,Bills
2024-03-22,GIFT PURCHASE,9030.38,Cash,Other
2024-03-22,RAPIDO RIDE REF681104,1191.6,Credit Card,Transport
2024-03-22,LIBRARY FEE REF589887,13662.67,Net Banking,Education
2024-03-22,DOMINOS PIZZA REF818534,888.23,Debit Card,Food
2024-03-22,UPI MONTHLY RENT VIJAYAWADA,23502.27,Credit Card,Rent
2024-03-22,DOCTOR CONSULTATION,6438.08,Debit Card,Healthcare
2024-03-22,UPI HOSTEL RENT BLR,11407.47,Credit Card,Rent
2024-03-22,INDIAN OIL PETROL,518.33,Wallet,Transport
2024-03-22,FIXED DEPOSIT,14112.79,Credit Card,Investment
2024-03-22,CAFE COFFEE DAY TXN65054,961.42,Wallet,Food
2024-03-23,SIP INVESTMENT,19624.41,Credit Card,Investment
2024-03-23,MCDONALDS ORDER,731.6,Cash,Food
2024-03-23,INDEX FUND SIP REF401288,29792.14,Credit Card,Investment
2024-03-23,WATER BILL,760.47,Net Banking,Bills
2024-03-23,EXAM FEE,16965.84,Net Banking,Education
2024-03-23,UPI MISCELLANEOUS PAYMENT HYD,8802.29,UPI,Other
2024-03-23,UPI BAKERY PURCHASE HYD,1054.78,Cash,Food
2024-03-23,ACCOMMODATION PAYMENT REF326531,20736.92,Net Banking,Rent
2024-03-23,PETROL PUMP TXN30578,781.09,UPI,Transport
2024-03-24,PERSONAL TRANSFER REF616719,9293.02,Net Banking,Other
2024-03-24,RECURRING DEPOSIT,21175.46,Net Banking,Investment
2024-03-24,FIXED DEPOSIT TXN10800,14928.42,Debit Card,Investment
2024-03-24,UDEMY COURSE REF677674,9254.2,UPI,Education
2024-03-24,UPI HOSTEL RENT CHENNAI,21225.63,UPI,Rent
2024-03-24,TRAINING PROGRAM REF665881,7393.57,Cash,Education
2024-03-24,ELECTRICITY BILL,5251.5,Cash,Bills
2024-03-24,ROOM RENT TXN23534,10452.6,Debit Card,Rent
2024-03-24,MEDICAL STORE,7154.38,UPI,Healthcare
2024-03-24,UPI CLOTHING STORE VIJAYAWADA,3224.04,Debit Card,Shopping
2024-03-24,MOBILE POSTPAID BILL,982.71,Cash,Bills
2024-03-24,MOBILE POSTPAID BILL,334.48,Net Banking,Bills
2024-03-25,AMAZON PRIME TXN90402,2322.99,Credit Card,Entertainment
2024-03-25,UPI ACT FIBERNET BLR,4289.43,Net Banking,Bills
2024-03-25,PHARMACY UPI,4202.84,UPI,Healthcare
2024-03-25,UPI UPI TRANSFER GUNTUR,8702.38,Wallet,Other
2024-03-25,ONLINE COURSE PAYMENT,18081.2,Credit Card,Education
2024-03-25,ENTERTAINMENT EVENT TXN26426,3583.4,Wallet,Entertainment
2024-03-25,STATIONERY STORE,11587.79,Cash,Education
2024-03-25,HOSPITAL PAYMENT TXN30849,8070.53,UPI,Healthcare
2024-03-25,UPI INDIAN OIL PETROL HYD,771.19,Wallet,Transport
2024-03-25,INVESTMENT ACCOUNT,21203.41,Wallet,Investment
2024-03-25,ONLINE COURSE PAYMENT,24725.9,Cash,Education
2024-03-25,GIFT PURCHASE,3614.45,Net Banking,Other
2024-03-25,MYNTRA SHOPPING,10777.35,Debit Card,Shopping
2024-03-25,ELECTRICITY BILL,4352.25,Debit Card,Bills
2024-03-25,ATM FEE REF362146,2420.39,Net Banking,Other
2024-03-25,UPI COURSERA COURSE BLR,6819.96,Debit Card,Education
2024-03-26,BROADBAND BILL,4117.05,UPI,Bills
2024-03-26,GROCERY FOOD STORE,151.47,Wallet,Food
2024-03-26,HOSPITAL PAYMENT TXN13429,5415.0,Net Banking,Healthcare
2024-03-26,HOUSE RENT,12402.74,Credit Card,Rent
2024-03-26,ELECTRICITY BILL REF655589,1384.86,UPI,Bills
2024-03-26,RAILWAY TICKET,171.31,Cash,Transport
2024-03-26,PHARMACY UPI,6662.88,UPI,Healthcare
2024-03-26,CERTIFICATION EXAM TXN74120,23298.48,UPI,Education
2024-03-26,GROCERY FOOD STORE REF344916,224.53,UPI,Food
2024-03-27,INVESTMENT ACCOUNT,24350.39,Wallet,Investment
2024-03-27,ENTERTAINMENT EVENT REF537588,357.77,Wallet,Entertainment
2024-03-27,UPI DENTAL CLINIC BLR,7117.46,Credit Card,Healthcare
2024-03-27,STOCK INVESTMENT,1026.39,Wallet,Investment
2024-03-27,AUTO RICKSHAW UPI REF966808,1710.4,Net Banking,Transport
2024-03-27,HP FUEL STATION,536.83,Debit Card,Transport
2024-03-27,CAFE COFFEE DAY REF494387,996.09,Wallet,Food
2024-03-27,ONLINE COURSE PAYMENT REF766728,9102.92,Credit Card,Education
2024-03-27,PVR CINEMAS,3900.74,Cash,Entertainment
2024-03-27,DOCTOR CONSULTATION TXN48075,9346.75,UPI,Healthcare
2024-03-27,ACCOMMODATION PAYMENT,20267.68,Credit Card,Rent
2024-03-27,MEDPLUS PHARMACY,7938.85,Cash,Healthcare
2024-03-27,MISCELLANEOUS PAYMENT REF901751,6497.12,Debit Card,Other
2024-03-27,UPI CERTIFICATION EXAM CHENNAI,15144.46,Cash,Education
2024-03-28,UPI TRANSFER TXN83653,5021.84,Credit Card,Other
2024-03-28,HEALTH CHECKUP REF641722,9485.82,Debit Card,Healthcare
2024-03-28,BUS TICKET REF233860,1761.5,Debit Card,Transport
2024-03-28,HOSPITAL PAYMENT,460.49,Wallet,Healthcare
2024-03-28,HOUSE RENT,15853.33,Credit Card,Rent
2024-03-28,UPI DOMINOS PIZZA BLR,1710.97,Debit Card,Food
2024-03-28,ENTERTAINMENT EVENT REF514305,809.78,Credit Card,Entertainment
2024-03-28,TATA PLAY RECHARGE REF200790,3188.01,Credit Card,Bills
2024-03-28,COURSERA COURSE TXN87679,4539.21,Cash,Education
2024-03-28,UPI INOX MOVIES BLR,2676.28,Cash,Entertainment
2024-03-28,UPI AIRTEL RECHARGE BLR,5687.0,Wallet,Bills
2024-03-28,UPI HOSTEL RENT VIJAYAWADA,11365.5,Credit Card,Rent
2024-03-28,UPI TRANSFER,7202.47,Net Banking,Other
2024-03-28,DENTAL CLINIC,332.96,Debit Card,Healthcare
2024-03-29,UPI CERTIFICATION EXAM GUNTUR,19856.94,Credit Card,Education
2024-03-29,HP FUEL STATION TXN14145,836.35,Net Banking,Transport
2024-03-29,UPI HOSTEL RENT HYD,5859.8,UPI,Rent
2024-03-29,FIXED DEPOSIT,4728.07,UPI,Investment
2024-03-29,UPI NETFLIX SUBSCRIPTION VIJAYAWADA,884.06,Net Banking,Entertainment
2024-03-29,MISCELLANEOUS PAYMENT,5177.04,Net Banking,Other
2024-03-29,HOSPITAL PAYMENT TXN92609,770.86,Cash,Healthcare
2024-03-29,INDIAN OIL PETROL TXN69029,2007.01,Wallet,Transport
2024-03-30,CASH WITHDRAWAL,6369.28,Cash,Other
2024-03-30,UPI SIP INVESTMENT VIJAYAWADA,13851.82,Credit Card,Investment
2024-03-30,UPI BOOK STORE VIJAYAWADA,10638.35,Cash,Education
2024-03-30,UPI SPOTIFY PREMIUM GUNTUR,550.31,UPI,Entertainment
2024-03-30,FLIPKART ORDER TXN86680,9095.26,UPI,Shopping
2024-03-30,LIBRARY FEE,8684.79,Cash,Education
2024-03-30,EXAM FEE,16732.14,Credit Card,Education
2024-03-30,UPI GAS BILL PAYMENT GUNTUR,5197.13,UPI,Bills
2024-03-30,STOCK INVESTMENT,25465.83,Cash,Investment
2024-03-30,BAKERY PURCHASE TXN20733,1445.1,UPI,Food
2024-03-30,NETFLIX SUBSCRIPTION REF680584,3610.07,UPI,Entertainment
2024-03-30,ELECTRONICS STORE TXN55490,4173.28,Cash,Shopping
2024-03-30,UPI ELECTRONICS STORE VIJAYAWADA,494.0,Net Banking,Shopping
2024-03-30,SHOPPING MALL,7828.35,Wallet,Shopping
2024-03-30,MOBILE POSTPAID BILL TXN16124,4652.37,UPI,Bills
2024-03-31,INDEX FUND SIP REF218487,17054.28,Wallet,Investment
2024-03-31,UDEMY COURSE,18927.24,UPI,Education
2024-03-31,GIFT PURCHASE REF284578,7982.31,Cash,Other
2024-03-31,BROADBAND BILL,4109.8,Net Banking,Bills
2024-03-31,INDEX FUND SIP,16553.69,Wallet,Investment
2024-03-31,BROADBAND BILL TXN32005,3853.5,Wallet,Bills
2024-03-31,INOX MOVIES,1263.72,Wallet,Entertainment
2024-03-31,HOSTEL RENT,22578.14,Debit Card,Rent
2024-03-31,MYNTRA SHOPPING,443.15,UPI,Shopping
2024-03-31,RELIANCE TRENDS,2857.99,UPI,Shopping
2024-03-31,FIXED DEPOSIT REF243345,17165.58,Credit Card,Investment
2024-03-31,UPI APARTMENT RENT VIJAYAWADA,16965.0,Cash,Rent
2024-04-01,UPI MONTHLY RENT HYD,3280.49,UPI,Rent
2024-04-01,UPI AIRTEL RECHARGE GUNTUR,3091.05,Net Banking,Bills
2024-04-01,ACCOMMODATION PAYMENT TXN51946,15078.5,Debit Card,Rent
2024-04-01,GAS BILL PAYMENT,4304.45,Wallet,Bills
2024-04-01,SIP INVESTMENT REF317567,15031.09,UPI,Investment
2024-04-01,NETFLIX SUBSCRIPTION,3348.61,Credit Card,Entertainment
2024-04-01,HP FUEL STATION,1109.08,UPI,Transport
2024-04-01,STATIONERY STORE,5755.5,Net Banking,Education
2024-04-01,RESTAURANT PAYMENT,1448.35,UPI,Food
2024-04-02,APARTMENT RENT REF578542,9987.33,Cash,Rent
2024-04-02,SIP INVESTMENT TXN75808,10652.61,Wallet,Investment
2024-04-02,APARTMENT RENT,4776.19,Net Banking,Rent
2024-04-02,MOBILE POSTPAID BILL TXN33629,3912.1,Debit Card,Bills
2024-04-02,APOLLO PHARMACY REF781080,9806.7,Net Banking,Healthcare
2024-04-02,UPI INDIAN OIL PETROL BLR,655.2,Cash,Transport
2024-04-02,PHARMACY UPI TXN22801,5566.79,Wallet,Healthcare
2024-04-02,UPI FIXED DEPOSIT HYD,11149.69,Debit Card,Investment
2024-04-02,ROOM RENT TXN93559,9946.09,Wallet,Rent
2024-04-02,AMAZON PRIME REF596691,1027.13,Net Banking,Entertainment
2024-04-02,UPI MEDICAL STORE HYD,8034.16,Credit Card,Healthcare
2024-04-02,DONATION PAYMENT TXN64411,1950.26,Cash,Other
2024-04-03,BOOK STORE,3538.0,Wallet,Education
2024-04-03,UPI DOCTOR CONSULTATION HYD,8778.3,Net Banking,Healthcare
2024-04-03,HEALTH CHECKUP,4915.49,Wallet,Healthcare
2024-04-03,RAILWAY TICKET REF137871,451.8,Credit Card,Transport
2024-04-03,UPI JIO RECHARGE HYD,4337.7,UPI,Bills
2024-04-03,AMAZON PRIME REF443432,3900.31,UPI,Entertainment
2024-04-04,RELIANCE TRENDS,8101.84,Credit Card,Shopping
2024-04-04,MONTHLY RENT,4170.63,Net Banking,Rent
2024-04-04,UDEMY COURSE TXN45533,10749.38,Cash,Education
2024-04-04,APARTMENT RENT,20918.39,Net Banking,Rent
2024-04-04,RAPIDO RIDE TXN45870,1460.28,Credit Card,Transport
2024-04-04,GROCERY FOOD STORE,701.39,UPI,Food
2024-04-05,UPI HEALTH CHECKUP GUNTUR,2117.25,UPI,Healthcare
2024-04-05,AIRTEL RECHARGE,2816.33,Cash,Bills
2024-04-05,MUTUAL FUND INVESTMENT,17249.78,Wallet,Investment
2024-04-05,MCDONALDS ORDER,91.35,Credit Card,Food
2024-04-05,SWIGGY ORDER TXN52959,373.36,Debit Card,Food
2024-04-05,UDEMY COURSE REF180418,18275.83,Debit Card,Education
2024-04-05,RAPIDO RIDE,1091.13,Cash,Transport
2024-04-05,UBER TRIP,2513.0,Debit Card,Transport
2024-04-05,AIRTEL RECHARGE,1112.82,UPI,Bills
2024-04-05,ELECTRONICS STORE TXN61967,5328.69,Cash,Shopping
2024-04-05,CLOTHING STORE,4330.53,Cash,Shopping
2024-04-05,JIO RECHARGE TXN83921,1251.37,Cash,Bills
2024-04-06,KFC RESTAURANT,1336.81,Cash,Food
2024-04-06,CASH WITHDRAWAL,2359.9,UPI,Other
2024-04-06,MOBILE POSTPAID BILL,3310.65,Credit Card,Bills
2024-04-06,YOUTUBE PREMIUM REF614931,1861.93,UPI,Entertainment
2024-04-06,INOX MOVIES REF670612,132.88,UPI,Entertainment
2024-04-06,AIRTEL RECHARGE,1931.31,Credit Card,Bills
2024-04-06,ACT FIBERNET TXN50441,5420.55,Cash,Bills
2024-04-06,HOSTEL RENT,7081.92,Net Banking,Rent
2024-04-06,RAPIDO RIDE TXN56375,2572.77,Cash,Transport
2024-04-06,FLIPKART ORDER REF285367,12772.51,Debit Card,Shopping
2024-04-06,HOUSE RENT,6372.13,Net Banking,Rent
2024-04-06,AIRTEL RECHARGE TXN52102,3382.13,Net Banking,Bills
2024-04-07,BANK CHARGE,858.18,Cash,Other
2024-04-07,ACCOMMODATION PAYMENT REF428686,14241.13,Net Banking,Rent
2024-04-07,EXAM FEE,18489.65,UPI,Education
2024-04-07,UPI WATER BILL HYD,1449.55,UPI,Bills
2024-04-07,UPI HP FUEL STATION GUNTUR,2567.76,Net Banking,Transport
2024-04-07,STATIONERY STORE,10458.14,Credit Card,Education
2024-04-07,RESTAURANT PAYMENT,912.76,Wallet,Food
2024-04-07,UPI DMART PURCHASE VIJAYAWADA,5081.58,Debit Card,Shopping
2024-04-08,INOX MOVIES TXN67093,2838.77,Cash,Entertainment
2024-04-08,STOCK INVESTMENT REF513513,19678.28,UPI,Investment
2024-04-08,UPI MCDONALDS ORDER VIJAYAWADA,407.8,UPI,Food
2024-04-08,ENTERTAINMENT EVENT REF812364,803.65,Credit Card,Entertainment
2024-04-08,PG RENT PAYMENT TXN30128,3899.12,Cash,Rent
2024-04-08,CLOTHING STORE REF714831,2030.95,UPI,Shopping
2024-04-08,BOOK STORE REF331282,23972.76,Wallet,Education
2024-04-08,MISCELLANEOUS PAYMENT,7667.51,Credit Card,Other
2024-04-08,MOBILE POSTPAID BILL,2024.92,Debit Card,Bills
2024-04-08,MOVIE TICKET TXN37463,1357.91,Net Banking,Entertainment
2024-04-08,DONATION PAYMENT,4835.54,Debit Card,Other
2024-04-08,UPI HOSTEL FEE RENT GUNTUR,24039.39,Credit Card,Rent
2024-04-08,ACCOMMODATION PAYMENT REF770865,17228.71,Net Banking,Rent
2024-04-08,RAILWAY TICKET REF759675,2880.7,Debit Card,Transport
2024-04-08,BROADBAND BILL,585.84,Debit Card,Bills
2024-04-08,ROOM RENT TXN15915,19639.15,UPI,Rent
2024-04-09,MUTUAL FUND INVESTMENT REF702716,10651.67,UPI,Investment
2024-04-09,BOOK STORE REF474799,9746.32,Cash,Education
2024-04-09,DENTAL CLINIC TXN23143,5064.12,Net Banking,Healthcare
2024-04-09,RAILWAY TICKET,2555.11,UPI,Transport
2024-04-09,UPI TRANSFER,2018.38,Net Banking,Other
2024-04-09,HEALTH CHECKUP TXN52297,3627.14,Wallet,Healthcare
2024-04-10,CLOTHING STORE,7236.16,UPI,Shopping
2024-04-10,MYNTRA SHOPPING REF951780,10160.79,Debit Card,Shopping
2024-04-10,MONTHLY RENT,12935.81,Cash,Rent
2024-04-10,CERTIFICATION EXAM REF989370,23719.65,Wallet,Education
2024-04-10,GIFT PURCHASE TXN45432,2707.52,Credit Card,Other
2024-04-10,HOSTEL RENT TXN98039,4481.98,Debit Card,Rent
2024-04-10,INOX MOVIES,3870.9,Credit Card,Entertainment
2024-04-10,COLLEGE FEE,6887.46,UPI,Education
2024-04-10,STATIONERY STORE,23766.37,Debit Card,Education
2024-04-10,MOBILE POSTPAID BILL,2915.97,Cash,Bills
2024-04-10,PVR CINEMAS,512.29,Credit Card,Entertainment
2024-04-11,DENTAL CLINIC,5776.76,Credit Card,Healthcare
2024-04-11,DIAGNOSTIC LAB,2622.63,Credit Card,Healthcare
2024-04-11,INDIAN OIL PETROL REF925755,186.24,Debit Card,Transport
2024-04-11,GOLD SAVINGS,5079.89,Credit Card,Investment
2024-04-11,DIAGNOSTIC LAB REF426766,5870.46,Credit Card,Healthcare
2024-04-11,UPI AUTO RICKSHAW UPI VIJAYAWADA,1161.96,UPI,Transport
2024-04-11,UPI DMART PURCHASE VIJAYAWADA,6171.89,Wallet,Shopping
2024-04-11,STATIONERY STORE,24273.31,Credit Card,Education
2024-04-11,MOVIE TICKET,1021.87,UPI,Entertainment
2024-04-11,ATM FEE,5723.84,Cash,Other
2024-04-11,MUTUAL FUND INVESTMENT,19580.51,Wallet,Investment
2024-04-12,BAKERY PURCHASE,1797.3,UPI,Food
2024-04-12,UPI SHOPPING MALL BLR,706.41,Wallet,Shopping
2024-04-12,UPI KFC RESTAURANT BLR,1694.68,UPI,Food
2024-04-12,INDIAN OIL PETROL,2317.33,Credit Card,Transport
2024-04-12,MONTHLY RENT,16504.68,UPI,Rent
2024-04-12,APOLLO PHARMACY,5462.37,Net Banking,Healthcare
2024-04-12,GOLD SAVINGS,2022.15,Wallet,Investment
2024-04-12,LIBRARY FEE,21610.06,UPI,Education
2024-04-12,CASH WITHDRAWAL,1268.54,Cash,Other
2024-04-12,UPI BAKERY PURCHASE CHENNAI,1603.07,UPI,Food
2024-04-12,ACT FIBERNET TXN91084,3435.48,Wallet,Bills
2024-04-12,UPI YOUTUBE PREMIUM GUNTUR,2180.1,Credit Card,Entertainment
2024-04-13,MCDONALDS ORDER,433.46,Cash,Food
2024-04-13,UPI CAFE COFFEE DAY CHENNAI,670.43,Net Banking,Food
2024-04-13,CAFE COFFEE DAY REF985625,906.81,Cash,Food
2024-04-13,MOBILE POSTPAID BILL TXN59939,698.43,Debit Card,Bills
2024-04-13,LIBRARY FEE TXN56748,2169.02,Wallet,Education
2024-04-13,WATER BILL,1079.08,Debit Card,Bills
2024-04-13,TRAINING PROGRAM TXN44937,16870.3,Wallet,Education
2024-04-13,TATA PLAY RECHARGE TXN33579,5458.39,Wallet,Bills
2024-04-13,UPI LIBRARY FEE CHENNAI,6507.47,Debit Card,Education
2024-04-13,CAFE COFFEE DAY,704.62,Debit Card,Food
2024-04-14,UPI DONATION PAYMENT HYD,1907.31,Wallet,Other
2024-04-14,MOVIE TICKET,2047.85,Wallet,Entertainment
2024-04-14,INVESTMENT ACCOUNT TXN20531,3059.53,Wallet,Investment
2024-04-14,APARTMENT RENT REF649325,17913.15,Debit Card,Rent
2024-04-14,PG RENT PAYMENT REF981240,15927.84,Debit Card,Rent
2024-04-14,AMAZON PURCHASE,272.55,Debit Card,Shopping
2024-04-14,RAILWAY TICKET,2353.0,Cash,Transport
2024-04-14,HOSTEL FEE RENT,8303.96,Net Banking,Rent
2024-04-14,UPI ATM FEE BLR,458.62,Wallet,Other
2024-04-14,GAS BILL PAYMENT REF476105,4902.75,Cash,Bills
2024-04-14,AMAZON PURCHASE,429.75,Credit Card,Shopping
2024-04-14,CERTIFICATION EXAM,15914.27,Cash,Education
2024-04-15,CERTIFICATION EXAM,3272.11,Net Banking,Education
2024-04-15,STATIONERY STORE,18637.24,Cash,Education
2024-04-15,ONLINE COURSE PAYMENT TXN75772,11391.72,Wallet,Education
2024-04-15,ROOM RENT TXN30618,8612.55,Cash,Rent
2024-04-15,UPI APARTMENT RENT CHENNAI,13591.07,Credit Card,Rent
2024-04-15,ZOMATO FOOD ORDER,594.53,Wallet,Food
2024-04-15,NETFLIX SUBSCRIPTION TXN92217,437.41,Net Banking,Entertainment
2024-04-15,MONTHLY RENT,7234.59,UPI,Rent
2024-04-15,DENTAL CLINIC REF946632,2694.27,Wallet,Healthcare
2024-04-15,PVR CINEMAS REF558856,2966.01,Debit Card,Entertainment
2024-04-15,HEALTH CHECKUP REF122238,8266.76,Cash,Healthcare
2024-04-15,KFC RESTAURANT REF270220,364.14,Wallet,Food
2024-04-15,KFC RESTAURANT TXN89391,509.3,UPI,Food
2024-04-15,SHOPPING MALL,2616.56,Credit Card,Shopping
2024-04-16,GAS BILL PAYMENT,438.39,UPI,Bills
2024-04-16,AMAZON PRIME,211.84,Debit Card,Entertainment
2024-04-16,DMART PURCHASE,6520.25,Credit Card,Shopping
2024-04-16,UPI INDEX FUND SIP GUNTUR,21838.23,UPI,Investment
2024-04-16,MCDONALDS ORDER,596.79,Cash,Food
2024-04-16,UPI RAPIDO RIDE GUNTUR,1533.82,UPI,Transport
2024-04-16,UPI UPI TRANSFER GUNTUR,4465.38,Net Banking,Other
2024-04-16,UPI BUS TICKET VIJAYAWADA,744.36,Debit Card,Transport
2024-04-16,EYE HOSPITAL REF760113,9630.7,Credit Card,Healthcare
2024-04-16,FIXED DEPOSIT REF493003,5683.78,Net Banking,Investment
2024-04-16,BAKERY PURCHASE,1446.34,Cash,Food
2024-04-16,INOX MOVIES REF614290,191.98,Credit Card,Entertainment
2024-04-16,UPI TRANSFER REF956028,5230.23,UPI,Other
2024-04-16,UPI APOLLO PHARMACY BLR,1595.4,Cash,Healthcare
2024-04-16,PG RENT PAYMENT REF913928,23418.34,Debit Card,Rent
2024-04-17,UPI UPI TRANSFER VIJAYAWADA,833.76,Cash,Other
2024-04-17,SHOPPING MALL,2070.28,UPI,Shopping
2024-04-17,BOOK STORE,9768.21,Credit Card,Education
2024-04-17,MEDICAL STORE,4220.26,UPI,Healthcare
2024-04-17,APARTMENT RENT,14373.38,Debit Card,Rent
2024-04-17,UPI GIFT PURCHASE BLR,8318.12,Debit Card,Other
2024-04-17,TATA PLAY RECHARGE,1208.71,Credit Card,Bills
2024-04-17,RAILWAY TICKET REF124020,1275.47,Wallet,Transport
2024-04-17,ATM FEE,5318.5,Wallet,Other
2024-04-18,ATM FEE,8418.04,Cash,Other
2024-04-18,VI MOBILE RECHARGE,4865.6,Wallet,Bills
2024-04-18,METRO TICKET REF505896,2117.44,Net Banking,Transport
2024-04-18,MCDONALDS ORDER REF513316,703.73,Credit Card,Food
2024-04-18,PERSONAL TRANSFER TXN21551,4395.28,Debit Card,Other
2024-04-18,UPI HOSTEL RENT CHENNAI,11938.31,Credit Card,Rent
2024-04-18,CAFE COFFEE DAY,215.31,UPI,Food
2024-04-18,UPI RESTAURANT PAYMENT HYD,949.77,Debit Card,Food
2024-04-18,UPI MYNTRA SHOPPING BLR,351.62,Cash,Shopping
2024-04-18,HOSPITAL PAYMENT,1918.08,Net Banking,Healthcare
2024-04-18,MOBILE POSTPAID BILL TXN63477,4158.03,Debit Card,Bills
2024-04-19,BROADBAND BILL TXN50630,3388.76,Credit Card,Bills
2024-04-19,UPI MEDPLUS PHARMACY GUNTUR,1242.74,Wallet,Healthcare
2024-04-19,BANK CHARGE,6751.58,Debit Card,Other
2024-04-19,ZOMATO FOOD ORDER,1037.92,Credit Card,Food
2024-04-19,ACCOMMODATION PAYMENT,15677.78,Net Banking,Rent
2024-04-19,RELIANCE TRENDS TXN75071,4140.03,Wallet,Shopping
2024-04-19,RECURRING DEPOSIT TXN65966,4679.42,Wallet,Investment
2024-04-19,UPI TRANSFER TXN32942,4100.99,Cash,Other
2024-04-19,SPOTIFY PREMIUM,1481.42,Debit Card,Entertainment
2024-04-19,HOUSE RENT REF482711,3974.27,Cash,Rent
2024-04-20,OLA CAB,47.25,Wallet,Transport
2024-04-20,ZOMATO FOOD ORDER,733.29,Cash,Food
2024-04-20,HOSTEL RENT TXN86193,3197.75,Debit Card,Rent
2024-04-20,RECURRING DEPOSIT REF440478,9074.33,Wallet,Investment
2024-04-20,ELECTRICITY BILL,3404.4,Credit Card,Bills
2024-04-20,UPI FIXED DEPOSIT CHENNAI,7115.22,Credit Card,Investment
2024-04-20,HOSPITAL PAYMENT TXN63290,2158.33,UPI,Healthcare
2024-04-20,ACCOMMODATION PAYMENT TXN80345,3179.9,Net Banking,Rent
2024-04-20,UPI COURSERA COURSE HYD,20630.09,Wallet,Education
2024-04-20,CASH WITHDRAWAL REF209973,9561.53,Debit Card,Other
2024-04-20,UPI CERTIFICATION EXAM VIJAYAWADA,17896.9,Debit Card,Education
2024-04-21,COURSERA COURSE,18442.27,UPI,Education
2024-04-21,ROOM RENT TXN63188,4531.37,Wallet,Rent
2024-04-21,BROADBAND BILL,5520.62,Debit Card,Bills
2024-04-21,ACCOMMODATION PAYMENT TXN50038,13713.37,Debit Card,Rent
2024-04-21,SIP INVESTMENT,7423.56,UPI,Investment
2024-04-21,UPI ATM FEE HYD,8973.54,UPI,Other
2024-04-21,PHARMACY UPI TXN47652,1121.53,Wallet,Healthcare
2024-04-21,FIXED DEPOSIT,26071.2,Cash,Investment
2024-04-21,GAS BILL PAYMENT TXN98646,1860.18,Cash,Bills
2024-04-21,LIBRARY FEE REF229702,20829.73,Wallet,Education
2024-04-21,HP FUEL STATION,2824.13,Net Banking,Transport
2024-04-22,UPI MEDICAL STORE HYD,1396.81,Credit Card,Healthcare
2024-04-22,TRAINING PROGRAM,23944.63,UPI,Education
2024-04-22,MOVIE TICKET REF209032,3077.71,Cash,Entertainment
2024-04-22,PERSONAL TRANSFER REF287953,3711.67,Debit Card,Other
2024-04-22,ELECTRONICS STORE,5492.36,Credit Card,Shopping
2024-04-22,UDEMY COURSE,21322.71,UPI,Education
2024-04-22,UPI LIBRARY FEE GUNTUR,5828.57,Credit Card,Education
2024-04-22,MUTUAL FUND INVESTMENT TXN56998,22410.11,Wallet,Investment
2024-04-22,HOSTEL FEE RENT REF606397,20692.27,Wallet,Rent
2024-04-22,DMART PURCHASE,14892.82,Credit Card,Shopping
2024-04-22,CASH WITHDRAWAL,3870.71,UPI,Other
2024-04-22,PERSONAL TRANSFER REF141592,8396.05,Credit Card,Other
2024-04-22,UDEMY COURSE,5441.0,Net Banking,Education
2024-04-22,ACCOMMODATION PAYMENT REF153428,17607.78,UPI,Rent
2024-04-23,GIFT PURCHASE,8001.99,Debit Card,Other
2024-04-23,UPI CASH WITHDRAWAL BLR,6998.17,Wallet,Other
2024-04-23,DIAGNOSTIC LAB,6444.95,UPI,Healthcare
2024-04-23,NETFLIX SUBSCRIPTION,2791.7,Cash,Entertainment
2024-04-23,UPI HOSTEL FEE RENT VIJAYAWADA,14033.05,UPI,Rent
2024-04-23,RAILWAY TICKET REF783517,654.31,Wallet,Transport
2024-04-23,ZOMATO FOOD ORDER,658.76,Wallet,Food
2024-04-23,DENTAL CLINIC,2468.8,Cash,Healthcare
2024-04-23,SPOTIFY PREMIUM REF291267,631.97,Wallet,Entertainment
2024-04-23,AIRTEL RECHARGE,3214.05,UPI,Bills
2024-04-23,DENTAL CLINIC,5522.07,Debit Card,Healthcare
2024-04-24,CASH WITHDRAWAL REF253604,3067.72,Cash,Other
2024-04-24,INDIAN OIL PETROL,952.72,Cash,Transport
2024-04-24,COURSERA COURSE REF176993,140.22,Wallet,Education
2024-04-24,GIFT PURCHASE TXN43679,191.32,Cash,Other
2024-04-24,UPI BOOK STORE VIJAYAWADA,9124.25,Net Banking,Education
2024-04-24,HOSTEL RENT TXN70081,20007.3,UPI,Rent
2024-04-24,DONATION PAYMENT REF193508,9878.02,Debit Card,Other
2024-04-25,MUTUAL FUND INVESTMENT,4356.17,Net Banking,Investment
2024-04-25,HP FUEL STATION REF928497,1755.49,Credit Card,Transport
2024-04-25,COLLEGE FEE REF336696,22189.95,Cash,Education
2024-04-25,CAFE COFFEE DAY REF634979,1429.15,Cash,Food
2024-04-25,CAFE COFFEE DAY REF679722,1517.99,Wallet,Food
2024-04-25,ELECTRONICS STORE,5146.4,Wallet,Shopping
2024-04-25,DONATION PAYMENT TXN69334,1208.86,Wallet,Other
2024-04-25,UPI MCDONALDS ORDER HYD,87.33,Credit Card,Food
2024-04-25,UPI AMAZON PURCHASE BLR,8252.97,Debit Card,Shopping
2024-04-25,CLOTHING STORE,3086.87,UPI,Shopping
2024-04-25,BUS TICKET,1531.44,Net Banking,Transport
2024-04-25,INOX MOVIES,3913.27,UPI,Entertainment
2024-04-25,DOMINOS PIZZA,1317.04,UPI,Food
2024-04-25,DOMINOS PIZZA,1660.7,Net Banking,Food
2024-04-25,UBER TRIP,548.51,UPI,Transport
2024-04-25,PG RENT PAYMENT,21706.2,Credit Card,Rent
2024-04-26,UPI GROCERY FOOD STORE CHENNAI,409.73,Debit Card,Food
2024-04-26,STOCK INVESTMENT,22212.18,Net Banking,Investment
2024-04-26,RECURRING DEPOSIT,17269.64,Cash,Investment
2024-04-26,APARTMENT RENT,14091.98,Debit Card,Rent
2024-04-26,UPI JIO RECHARGE HYD,2987.0,Net Banking,Bills
2024-04-26,METRO TICKET REF432659,2601.33,UPI,Transport
2024-04-26,SHOPPING MALL,4016.99,Debit Card,Shopping
2024-04-26,PG RENT PAYMENT,4101.51,Credit Card,Rent
2024-04-26,FIXED DEPOSIT REF679909,13579.33,Wallet,Investment
2024-04-26,UPI FIXED DEPOSIT GUNTUR,7539.66,Wallet,Investment
2024-04-26,HOSTEL FEE RENT TXN38255,19608.75,Credit Card,Rent
2024-04-27,INVESTMENT ACCOUNT,13302.13,UPI,Investment
2024-04-27,UPI JIO RECHARGE VIJAYAWADA,4740.35,UPI,Bills
2024-04-27,STOCK INVESTMENT,26996.42,Credit Card,Investment
2024-04-27,UPI ONLINE COURSE PAYMENT VIJAYAWADA,12438.13,Net Banking,Education
2024-04-27,PVR CINEMAS TXN43154,2201.04,Cash,Entertainment
2024-04-27,MISCELLANEOUS PAYMENT TXN54358,3925.38,Cash,Other
2024-04-27,UPI TRANSFER,8502.77,Credit Card,Other
2024-04-27,MOVIE TICKET,2040.44,Net Banking,Entertainment
2024-04-27,EXAM FEE REF321850,15543.13,Cash,Education
2024-04-28,CAFE COFFEE DAY,442.61,Debit Card,Food
2024-04-28,UPI SHOPPING MALL GUNTUR,12308.86,UPI,Shopping
2024-04-28,INDEX FUND SIP REF180559,14113.04,Net Banking,Investment
2024-04-28,UPI AJIO PURCHASE GUNTUR,5009.59,Credit Card,Shopping
2024-04-28,SHOPPING MALL,1729.62,Credit Card,Shopping
2024-04-28,ENTERTAINMENT EVENT,1131.37,UPI,Entertainment
2024-04-28,RECURRING DEPOSIT,18357.52,Debit Card,Investment
2024-04-28,DIAGNOSTIC LAB REF438828,9639.94,Cash,Healthcare
2024-04-28,LIBRARY FEE,24607.47,Net Banking,Education
2024-04-28,RELIANCE TRENDS,8288.22,Net Banking,Shopping
2024-04-28,UPI BROADBAND BILL CHENNAI,1957.42,Wallet,Bills
2024-04-29,NETFLIX SUBSCRIPTION,2805.07,Wallet,Entertainment
2024-04-29,GROCERY FOOD STORE,108.4,Credit Card,Food
2024-04-29,ATM FEE,8080.31,Cash,Other
2024-04-29,MEDICAL STORE,5126.81,UPI,Healthcare
2024-04-29,UPI RESTAURANT PAYMENT HYD,1549.81,Net Banking,Food
2024-04-29,UPI DMART PURCHASE BLR,5744.6,Debit Card,Shopping
2024-04-30,GOLD SAVINGS TXN68783,19081.01,Net Banking,Investment
2024-04-30,UPI AMAZON PRIME HYD,1899.11,Wallet,Entertainment
2024-04-30,CLOTHING STORE REF267840,13432.63,Net Banking,Shopping
2024-04-30,YOUTUBE PREMIUM TXN49656,2050.96,Debit Card,Entertainment
2024-04-30,BANK CHARGE TXN47207,8799.87,Debit Card,Other
2024-04-30,LIBRARY FEE REF684801,5967.41,Cash,Education
2024-04-30,EXAM FEE,7927.43,Net Banking,Education
2024-04-30,MCDONALDS ORDER,411.79,Credit Card,Food
2024-04-30,UPI RELIANCE TRENDS CHENNAI,13242.76,UPI,Shopping
2024-04-30,CAFE COFFEE DAY,1602.74,Debit Card,Food
2024-04-30,UPI CASH WITHDRAWAL BLR,3017.36,Net Banking,Other
2024-04-30,UPI DOMINOS PIZZA HYD,412.68,Wallet,Food
2024-04-30,UPI UPI TRANSFER GUNTUR,6929.63,Debit Card,Other
2024-04-30,ZOMATO FOOD ORDER REF587467,1144.56,Wallet,Food
2024-04-30,BAKERY PURCHASE,1174.67,Credit Card,Food
2024-04-30,BANK CHARGE REF368054,1266.38,UPI,Other
2024-04-30,ENTERTAINMENT EVENT TXN90058,2490.99,Wallet,Entertainment
2024-04-30,UPI TRANSFER,5058.13,UPI,Other
2024-04-30,UPI FLIPKART ORDER BLR,9540.47,UPI,Shopping
2024-04-30,YOUTUBE PREMIUM REF584831,1180.64,Credit Card,Entertainment
2024-04-30,DENTAL CLINIC TXN71312,4671.99,Debit Card,Healthcare
2024-04-30,ROOM RENT,21991.98,Wallet,Rent
2024-04-30,CERTIFICATION EXAM TXN15279,13117.16,Credit Card,Education
2024-04-30,UPI SHOPPING MALL GUNTUR,11667.09,Debit Card,Shopping
2024-04-30,JIO RECHARGE,4175.95,Net Banking,Bills
2024-05-01,APARTMENT RENT,17968.77,Debit Card,Rent
2024-05-01,UPI BAKERY PURCHASE VIJAYAWADA,1339.43,Cash,Food
2024-05-01,KFC RESTAURANT,126.65,Debit Card,Food
2024-05-01,PERSONAL TRANSFER TXN94560,5720.7,Credit Card,Other
2024-05-01,NETFLIX SUBSCRIPTION,1103.66,Cash,Entertainment
2024-05-01,UPI UBER TRIP BLR,1466.91,Wallet,Transport
2024-05-01,YOUTUBE PREMIUM REF449999,3756.55,Credit Card,Entertainment
2024-05-02,EXAM FEE REF840391,9394.3,Credit Card,Education
2024-05-02,MYNTRA SHOPPING REF539953,12527.56,UPI,Shopping
2024-05-02,APARTMENT RENT,8830.17,UPI,Rent
2024-05-02,AIRTEL RECHARGE REF587291,1964.9,Credit Card,Bills
2024-05-02,PG RENT PAYMENT REF397486,21008.07,Net Banking,Rent
2024-05-02,UPI TRAINING PROGRAM VIJAYAWADA,8728.49,Wallet,Education
2024-05-02,MOVIE TICKET,2494.32,Credit Card,Entertainment
2024-05-03,AMAZON PRIME TXN90065,863.29,Net Banking,Entertainment
2024-05-03,LIBRARY FEE,23263.13,Debit Card,Education
2024-05-03,UPI HOTSTAR SUBSCRIPTION BLR,3424.6,Debit Card,Entertainment
2024-05-03,PETROL PUMP,2495.33,Cash,Transport
2024-05-03,JIO RECHARGE,4433.43,Cash,Bills
2024-05-03,INDEX FUND SIP REF905778,647.46,Wallet,Investment
2024-05-03,JIO RECHARGE TXN99687,3642.43,Cash,Bills
2024-05-03,MOVIE TICKET,2012.09,Cash,Entertainment
2024-05-04,UPI ACT FIBERNET VIJAYAWADA,5824.64,Net Banking,Bills
2024-05-04,GAME PURCHASE REF407057,1935.66,Wallet,Entertainment
2024-05-04,ACCOMMODATION PAYMENT,23246.17,Wallet,Rent
2024-05-04,CAFE COFFEE DAY REF985908,1354.1,UPI,Food
2024-05-04,NETFLIX SUBSCRIPTION,1197.97,Net Banking,Entertainment
2024-05-04,UPI RECURRING DEPOSIT BLR,14339.05,Wallet,Investment
2024-05-04,UPI UPI TRANSFER BLR,7429.88,Debit Card,Other
2024-05-04,AJIO PURCHASE,12185.36,Wallet,Shopping
2024-05-04,HOSPITAL PAYMENT REF902056,4567.79,Cash,Healthcare
2024-05-04,BANK CHARGE TXN66862,172.96,Debit Card,Other
2024-05-05,MUTUAL FUND INVESTMENT TXN21759,12161.49,Debit Card,Investment
2024-05-05,CASH WITHDRAWAL REF581430,9275.63,UPI,Other
2024-05-05,TEA SHOP UPI,1450.9,UPI,Food
2024-05-05,RAPIDO RIDE TXN53857,2462.91,Debit Card,Transport
2024-05-05,UPI MEESHO ORDER BLR,6999.9,Debit Card,Shopping
2024-05-05,ACCOMMODATION PAYMENT TXN11764,18830.19,Debit Card,Rent
2024-05-05,UPI PHARMACY UPI HYD,1404.97,Credit Card,Healthcare
2024-05-06,UPI GOLD SAVINGS VIJAYAWADA,24872.48,Wallet,Investment
2024-05-06,HP FUEL STATION,1083.42,Net Banking,Transport
2024-05-06,UPI VI MOBILE RECHARGE VIJAYAWADA,4135.34,Cash,Bills
2024-05-06,FIXED DEPOSIT,18730.12,Debit Card,Investment
2024-05-06,RECURRING DEPOSIT,18624.94,Cash,Investment
2024-05-06,AMAZON PURCHASE REF676864,10799.67,UPI,Shopping
2024-05-06,MUTUAL FUND INVESTMENT,29946.6,Wallet,Investment
2024-05-07,UPI RECURRING DEPOSIT BLR,6233.16,Credit Card,Investment
2024-05-07,UPI PERSONAL TRANSFER CHENNAI,3023.28,Cash,Other
2024-05-07,KFC RESTAURANT TXN14244,486.97,UPI,Food
2024-05-07,UPI APARTMENT RENT HYD,15269.39,Wallet,Rent
2024-05-07,PETROL PUMP TXN85563,626.25,Net Banking,Transport
2024-05-07,AUTO RICKSHAW UPI,2504.94,UPI,Transport
2024-05-07,UPI MEDICAL STORE BLR,8575.79,Wallet,Healthcare
2024-05-07,STOCK INVESTMENT REF415575,16086.19,Wallet,Investment
2024-05-07,MUTUAL FUND INVESTMENT,2342.0,UPI,Investment
2024-05-07,BUS TICKET,454.38,UPI,Transport
2024-05-07,GIFT PURCHASE REF865179,4621.28,Net Banking,Other
2024-05-07,DENTAL CLINIC TXN15616,9755.6,UPI,Healthcare
2024-05-07,GOLD SAVINGS REF150051,22818.52,Net Banking,Investment
2024-05-07,MOBILE POSTPAID BILL REF825420,523.16,Net Banking,Bills
2024-05-08,UDEMY COURSE TXN18025,4198.7,Cash,Education
2024-05-08,LIBRARY FEE,16482.88,Credit Card,Education
2024-05-08,SIP INVESTMENT,23795.75,Wallet,Investment
2024-05-08,UPI GAME PURCHASE CHENNAI,3314.31,Debit Card,Entertainment
2024-05-08,YOUTUBE PREMIUM,3006.63,Debit Card,Entertainment
2024-05-08,HOTSTAR SUBSCRIPTION TXN22050,2133.38,Wallet,Entertainment
2024-05-08,SPOTIFY PREMIUM,3328.33,Cash,Entertainment
2024-05-08,RECURRING DEPOSIT REF892026,25430.67,Net Banking,Investment
2024-05-09,UPI DOCTOR CONSULTATION GUNTUR,4487.29,Debit Card,Healthcare
2024-05-09,INVESTMENT ACCOUNT,20396.7,Debit Card,Investment
2024-05-09,BOOK STORE TXN89660,12373.24,UPI,Education
2024-05-09,RECURRING DEPOSIT,27584.12,Net Banking,Investment
2024-05-09,PVR CINEMAS TXN99037,3742.24,Cash,Entertainment
2024-05-09,ENTERTAINMENT EVENT REF532371,989.21,Credit Card,Entertainment
2024-05-09,AMAZON PURCHASE TXN42221,1332.0,Net Banking,Shopping
2024-05-09,UPI PETROL PUMP GUNTUR,2226.73,Wallet,Transport
2024-05-09,HOTSTAR SUBSCRIPTION,3862.78,Cash,Entertainment
2024-05-09,DONATION PAYMENT REF282710,2690.41,Wallet,Other
2024-05-09,UPI HOSPITAL PAYMENT BLR,4660.87,Credit Card,Healthcare
2024-05-09,AMAZON PURCHASE,7880.88,Cash,Shopping
2024-05-09,MYNTRA SHOPPING TXN23311,11266.85,Net Banking,Shopping
2024-05-10,RAPIDO RIDE,1197.38,Wallet,Transport
2024-05-10,ZOMATO FOOD ORDER TXN95630,1033.72,Debit Card,Food
2024-05-10,DMART PURCHASE TXN77378,2704.94,UPI,Shopping
2024-05-10,UPI GROCERY FOOD STORE VIJAYAWADA,1748.83,Credit Card,Food
2024-05-10,CAFE COFFEE DAY REF961633,556.61,UPI,Food
2024-05-10,RELIANCE TRENDS,4519.32,Debit Card,Shopping
2024-05-10,UPI GIFT PURCHASE BLR,5146.46,Cash,Other
2024-05-10,CASH WITHDRAWAL TXN64397,1164.55,Cash,Other
2024-05-10,DONATION PAYMENT,4505.59,Credit Card,Other
2024-05-10,LIBRARY FEE TXN33951,5381.98,UPI,Education
2024-05-10,UPI MOBILE POSTPAID BILL BLR,4495.35,Cash,Bills
2024-05-10,CERTIFICATION EXAM,3787.54,UPI,Education
2024-05-11,UPI COURSERA COURSE HYD,12149.45,Cash,Education
2024-05-11,UPI ATM FEE HYD,2160.84,Net Banking,Other
2024-05-11,CASH WITHDRAWAL REF669603,4544.04,Cash,Other
2024-05-11,KFC RESTAURANT,1093.35,Wallet,Food
2024-05-11,HOSTEL RENT,19848.36,Wallet,Rent
2024-05-11,METRO TICKET TXN40424,2175.96,Net Banking,Transport
2024-05-11,DONATION PAYMENT,7795.48,Cash,Other
2024-05-11,INDIAN OIL PETROL,2152.06,Credit Card,Transport
2024-05-12,INOX MOVIES,3676.76,Net Banking,Entertainment
2024-05-12,AMAZON PURCHASE REF128552,1537.99,Net Banking,Shopping
2024-05-12,MCDONALDS ORDER,1700.41,Credit Card,Food
2024-05-12,DOCTOR CONSULTATION TXN62913,4638.0,Wallet,Healthcare
2024-05-12,FIXED DEPOSIT REF743095,18517.17,Cash,Investment
2024-05-12,MEDPLUS PHARMACY,4409.91,Debit Card,Healthcare
2024-05-12,UPI HOSTEL FEE RENT VIJAYAWADA,24844.01,Debit Card,Rent
2024-05-12,AMAZON PRIME,1274.01,Credit Card,Entertainment
2024-05-12,ATM FEE TXN21297,6687.21,Debit Card,Other
2024-05-13,PVR CINEMAS TXN22369,975.36,Net Banking,Entertainment
2024-05-13,UBER TRIP,2318.28,Credit Card,Transport
2024-05-13,GIFT PURCHASE,749.71,Wallet,Other
2024-05-13,GOLD SAVINGS,9554.88,Debit Card,Investment
2024-05-13,AMAZON PURCHASE TXN33710,12338.03,Credit Card,Shopping
2024-05-13,ROOM RENT,5324.53,Debit Card,Rent
2024-05-13,DONATION PAYMENT,4464.29,UPI,Other
2024-05-13,UPI INDEX FUND SIP HYD,20376.38,Credit Card,Investment
2024-05-13,DMART PURCHASE,5471.94,Cash,Shopping
2024-05-13,MOBILE POSTPAID BILL,321.44,Credit Card,Bills
2024-05-13,FIXED DEPOSIT,22679.58,Wallet,Investment
2024-05-13,DMART PURCHASE TXN55268,14633.07,Credit Card,Shopping
2024-05-13,EYE HOSPITAL REF449090,5557.61,Cash,Healthcare
2024-05-13,HOUSE RENT TXN90495,7432.22,Credit Card,Rent
2024-05-13,BANK CHARGE,3436.31,Wallet,Other
2024-05-14,RESTAURANT PAYMENT,1133.92,Debit Card,Food
2024-05-14,BANK CHARGE TXN58793,8565.72,Credit Card,Other
2024-05-14,UPI PG RENT PAYMENT BLR,4537.16,Cash,Rent
2024-05-14,JIO RECHARGE,3852.72,UPI,Bills
2024-05-14,UPI PVR CINEMAS CHENNAI,3271.95,UPI,Entertainment
2024-05-14,MOVIE TICKET,3411.26,Wallet,Entertainment
2024-05-15,INOX MOVIES,3255.13,Cash,Entertainment
2024-05-15,YOUTUBE PREMIUM TXN23831,1801.31,Debit Card,Entertainment
2024-05-15,DONATION PAYMENT,8131.81,Credit Card,Other
2024-05-15,WATER BILL,1364.0,Wallet,Bills
2024-05-15,ZOMATO FOOD ORDER REF256936,1363.02,Wallet,Food
2024-05-15,AJIO PURCHASE,6995.71,Cash,Shopping
2024-05-15,CASH WITHDRAWAL,5395.83,UPI,Other
2024-05-16,DOMINOS PIZZA,273.5,Credit Card,Food
2024-05-16,AMAZON PURCHASE REF594097,2745.84,Credit Card,Shopping
2024-05-16,UPI FIXED DEPOSIT HYD,11328.0,Cash,Investment
2024-05-16,MEDICAL STORE REF295080,8698.91,Credit Card,Healthcare
2024-05-16,GIFT PURCHASE REF291860,8000.77,Debit Card,Other
2024-05-16,MEDICAL STORE TXN61769,3234.95,Net Banking,Healthcare
2024-05-16,DOMINOS PIZZA TXN41756,707.01,Wallet,Food
2024-05-16,JIO RECHARGE,1237.02,Credit Card,Bills
2024-05-17,SPOTIFY PREMIUM REF374571,2354.77,Cash,Entertainment
2024-05-17,UPI BROADBAND BILL BLR,3753.2,Debit Card,Bills
2024-05-17,PHARMACY UPI,939.04,Credit Card,Healthcare
2024-05-17,ACCOMMODATION PAYMENT TXN90654,16470.5,Credit Card,Rent
2024-05-17,UPI MEDICAL STORE HYD,4689.45,Credit Card,Healthcare
2024-05-17,APARTMENT RENT,3315.64,UPI,Rent
2024-05-17,MONTHLY RENT,22535.43,Credit Card,Rent
2024-05-17,AUTO RICKSHAW UPI REF402024,2308.5,UPI,Transport
2024-05-17,UPI HOTSTAR SUBSCRIPTION GUNTUR,826.15,Debit Card,Entertainment
2024-05-17,STOCK INVESTMENT TXN53457,21902.09,Net Banking,Investment
2024-05-17,TRAINING PROGRAM TXN20097,23956.47,Credit Card,Education
2024-05-17,SHOPPING MALL REF285186,6380.66,Wallet,Shopping
2024-05-17,SWIGGY ORDER TXN35390,1210.69,Net Banking,Food
2024-05-17,MISCELLANEOUS PAYMENT TXN90180,6031.38,UPI,Other
2024-05-17,ZOMATO FOOD ORDER,431.38,Cash,Food
2024-05-18,MCDONALDS ORDER,78.53,Credit Card,Food
2024-05-18,DENTAL CLINIC TXN79955,2931.38,Wallet,Healthcare
2024-05-18,HOSTEL RENT REF346205,22519.7,Net Banking,Rent
2024-05-18,GOLD SAVINGS,21504.47,Net Banking,Investment
2024-05-18,UBER TRIP TXN52957,211.16,Credit Card,Transport
2024-05-18,RAILWAY TICKET,794.15,Cash,Transport
2024-05-18,TEA SHOP UPI,1330.27,Debit Card,Food
2024-05-18,UPI ZOMATO FOOD ORDER CHENNAI,880.95,Net Banking,Food
2024-05-18,MYNTRA SHOPPING,11347.51,Debit Card,Shopping
2024-05-18,MOBILE POSTPAID BILL TXN74382,1281.05,UPI,Bills
2024-05-18,PVR CINEMAS,3325.16,Cash,Entertainment
2024-05-18,MISCELLANEOUS PAYMENT,8874.76,Net Banking,Other
2024-05-18,ACCOMMODATION PAYMENT,22308.08,Credit Card,Rent
2024-05-19,AMAZON PURCHASE,988.81,UPI,Shopping
2024-05-19,COURSERA COURSE,7707.46,Cash,Education
2024-05-19,OLA CAB REF467227,49.45,Wallet,Transport
2024-05-19,GAS BILL PAYMENT TXN17596,4855.24,Wallet,Bills
2024-05-19,MYNTRA SHOPPING TXN69326,3681.52,Net Banking,Shopping
2024-05-19,INDIAN OIL PETROL REF588533,357.64,Net Banking,Transport
2024-05-20,RESTAURANT PAYMENT REF950133,992.29,UPI,Food
2024-05-20,UPI MCDONALDS ORDER HYD,72.16,Wallet,Food
2024-05-20,ROOM RENT TXN70548,20695.19,Credit Card,Rent
2024-05-20,AMAZON PRIME TXN45264,2990.01,UPI,Entertainment
2024-05-20,BUS TICKET TXN79445,1509.92,Wallet,Transport
2024-05-20,PVR CINEMAS REF817318,2345.85,Credit Card,Entertainment
2024-05-20,AMAZON PRIME REF895402,1621.29,Wallet,Entertainment
2024-05-20,MUTUAL FUND INVESTMENT TXN48441,10551.67,Net Banking,Investment
2024-05-20,UBER TRIP TXN97139,2893.31,Wallet,Transport
2024-05-20,MEESHO ORDER REF122013,12488.54,Net Banking,Shopping
2024-05-21,INOX MOVIES,2815.72,Credit Card,Entertainment
2024-05-21,APARTMENT RENT,16925.83,Net Banking,Rent
2024-05-21,BROADBAND BILL REF327496,274.04,Debit Card,Bills
2024-05-21,AJIO PURCHASE REF902138,14995.2,Wallet,Shopping
2024-05-21,CERTIFICATION EXAM REF650099,6089.64,Wallet,Education
2024-05-21,PVR CINEMAS TXN64917,372.88,Debit Card,Entertainment
2024-05-21,UBER TRIP,1086.3,Credit Card,Transport
2024-05-21,UPI TRANSFER,4664.42,Wallet,Other
2024-05-21,FLIPKART ORDER TXN25688,711.86,Net Banking,Shopping
2024-05-21,MISCELLANEOUS PAYMENT REF721270,1291.26,Net Banking,Other
2024-05-21,UPI SPOTIFY PREMIUM VIJAYAWADA,316.93,UPI,Entertainment
2024-05-21,ACCOMMODATION PAYMENT TXN21824,17761.21,Net Banking,Rent
2024-05-21,INDEX FUND SIP TXN49144,25946.48,Net Banking,Investment
2024-05-22,ELECTRONICS STORE REF525114,8993.13,Debit Card,Shopping
2024-05-22,UPI SPOTIFY PREMIUM BLR,523.76,Wallet,Entertainment
2024-05-22,UDEMY COURSE,13620.64,UPI,Education
2024-05-22,UDEMY COURSE TXN37509,18022.9,UPI,Education
2024-05-22,MEDPLUS PHARMACY,6762.48,Wallet,Healthcare
2024-05-22,CERTIFICATION EXAM,4232.94,Debit Card,Education
2024-05-22,HOSTEL FEE RENT,19558.52,UPI,Rent
2024-05-22,OLA CAB,570.72,Cash,Transport
2024-05-22,ELECTRONICS STORE REF909070,8444.2,Cash,Shopping
2024-05-23,GAME PURCHASE TXN14524,142.87,Cash,Entertainment
2024-05-23,MISCELLANEOUS PAYMENT TXN77611,2600.06,UPI,Other
2024-05-23,UPI PERSONAL TRANSFER HYD,8971.1,UPI,Other
2024-05-23,MISCELLANEOUS PAYMENT TXN66280,3179.31,Debit Card,Other
2024-05-23,GAME PURCHASE TXN60311,3046.63,Wallet,Entertainment
2024-05-23,UPI CLOTHING STORE HYD,6027.54,Debit Card,Shopping
2024-05-23,UPI DMART PURCHASE CHENNAI,11958.77,Debit Card,Shopping
2024-05-23,CAFE COFFEE DAY TXN74237,573.59,Wallet,Food
2024-05-23,SWIGGY ORDER,1450.71,Credit Card,Food
2024-05-23,UPI INVESTMENT ACCOUNT CHENNAI,2945.48,Net Banking,Investment
2024-05-23,UPI INDEX FUND SIP CHENNAI,22847.02,Net Banking,Investment
2024-05-23,ACCOMMODATION PAYMENT,13141.9,Credit Card,Rent
2024-05-23,HOSPITAL PAYMENT,6438.78,Net Banking,Healthcare
2024-05-23,UPI MISCELLANEOUS PAYMENT VIJAYAWADA,4724.16,Wallet,Other
2024-05-23,UPI PG RENT PAYMENT CHENNAI,11109.24,Debit Card,Rent
2024-05-23,AUTO RICKSHAW UPI,434.55,UPI,Transport
2024-05-24,UPI GAME PURCHASE HYD,3395.04,Debit Card,Entertainment
2024-05-24,AUTO RICKSHAW UPI REF454779,761.28,Debit Card,Transport
2024-05-24,COLLEGE FEE,21881.7,UPI,Education
2024-05-24,GROCERY FOOD STORE TXN23679,780.71,Wallet,Food
2024-05-24,HOSTEL RENT REF940134,9400.05,Wallet,Rent
2024-05-24,OLA CAB TXN72482,1835.22,Debit Card,Transport
2024-05-24,MEDPLUS PHARMACY,1442.2,UPI,Healthcare
2024-05-24,AMAZON PRIME,3838.54,Debit Card,Entertainment
2024-05-24,UDEMY COURSE,24076.04,Debit Card,Education
2024-05-24,STOCK INVESTMENT,17934.86,Net Banking,Investment
2024-05-24,COLLEGE FEE REF424296,19842.3,Credit Card,Education
2024-05-24,INDEX FUND SIP TXN46221,15674.77,Cash,Investment
2024-05-24,UPI HOSTEL RENT HYD,4057.1,Wallet,Rent
2024-05-25,MCDONALDS ORDER,222.8,Net Banking,Food
2024-05-25,UPI MUTUAL FUND INVESTMENT CHENNAI,29807.37,Cash,Investment
2024-05-25,ZOMATO FOOD ORDER TXN13934,1020.71,Credit Card,Food
2024-05-25,RAPIDO RIDE TXN64118,1979.91,Debit Card,Transport
2024-05-25,AUTO RICKSHAW UPI TXN69388,472.62,Net Banking,Transport
2024-05-25,CAFE COFFEE DAY,884.93,Credit Card,Food
2024-05-26,AJIO PURCHASE REF232430,3082.7,Wallet,Shopping
2024-05-26,UPI LIBRARY FEE GUNTUR,24463.57,Net Banking,Education
2024-05-26,GAME PURCHASE,1653.28,Wallet,Entertainment
2024-05-26,DIAGNOSTIC LAB,7424.58,Cash,Healthcare
2024-05-26,UPI VI MOBILE RECHARGE BLR,865.86,Debit Card,Bills
2024-05-26,ATM FEE,9132.65,Debit Card,Other
2024-05-26,TEA SHOP UPI,1077.2,Credit Card,Food
2024-05-26,BUS TICKET TXN89583,609.38,Cash,Transport
2024-05-27,PERSONAL TRANSFER REF280564,2790.37,Cash,Other
2024-05-27,HOTSTAR SUBSCRIPTION TXN94206,1183.37,Wallet,Entertainment
2024-05-27,CASH WITHDRAWAL TXN40968,5553.71,Debit Card,Other
2024-05-27,PG RENT PAYMENT,6859.33,Wallet,Rent
2024-05-27,CASH WITHDRAWAL REF891852,4133.24,Net Banking,Other
2024-05-27,COLLEGE FEE,20155.72,UPI,Education
2024-05-27,RESTAURANT PAYMENT REF457938,411.08,Debit Card,Food
2024-05-27,STATIONERY STORE REF187025,10036.92,Net Banking,Education
2024-05-27,INOX MOVIES REF386277,372.41,Net Banking,Entertainment
2024-05-27,ONLINE COURSE PAYMENT,23571.46,Credit Card,Education
2024-05-27,UPI HOTSTAR SUBSCRIPTION VIJAYAWADA,1894.12,Debit Card,Entertainment
2024-05-27,UPI PG RENT PAYMENT VIJAYAWADA,21706.8,Wallet,Rent
2024-05-28,UPI UPI TRANSFER HYD,4465.82,UPI,Other
2024-05-28,MISCELLANEOUS PAYMENT REF722286,1330.16,Wallet,Other
2024-05-28,UPI HOSTEL FEE RENT BLR,14213.35,UPI,Rent
2024-05-28,HOSTEL RENT,24283.12,Net Banking,Rent
2024-05-28,UPI MUTUAL FUND INVESTMENT VIJAYAWADA,25806.45,UPI,Investment
2024-05-28,MOVIE TICKET TXN16055,3450.04,Cash,Entertainment
2024-05-28,MYNTRA SHOPPING REF785010,5300.4,UPI,Shopping
2024-05-28,KFC RESTAURANT REF319393,891.96,Wallet,Food
2024-05-29,UPI METRO TICKET CHENNAI,585.45,Credit Card,Transport
2024-05-29,ONLINE COURSE PAYMENT,8529.63,Debit Card,Education
2024-05-29,UPI SWIGGY ORDER HYD,77.48,Wallet,Food
2024-05-29,MYNTRA SHOPPING TXN49469,4099.26,UPI,Shopping
2024-05-29,BROADBAND BILL TXN76173,1847.84,Debit Card,Bills
2024-05-29,EXAM FEE,12115.57,Credit Card,Education
2024-05-29,UPI MUTUAL FUND INVESTMENT GUNTUR,25265.91,Wallet,Investment
2024-05-29,HP FUEL STATION,507.97,Net Banking,Transport
2024-05-30,MISCELLANEOUS PAYMENT,8434.21,Credit Card,Other
2024-05-30,UBER TRIP,283.04,Cash,Transport
2024-05-30,UPI EYE HOSPITAL VIJAYAWADA,6340.35,Cash,Healthcare
2024-05-30,PERSONAL TRANSFER TXN24609,3389.96,UPI,Other
2024-05-30,MEDPLUS PHARMACY REF623162,9279.61,Net Banking,Healthcare
2024-05-30,PERSONAL TRANSFER,5697.71,Credit Card,Other
2024-05-30,UPI HOUSE RENT CHENNAI,10206.05,UPI,Rent
2024-05-30,MEESHO ORDER,13589.06,Net Banking,Shopping
2024-05-30,PHARMACY UPI,7777.41,Net Banking,Healthcare
2024-05-30,UPI GROCERY FOOD STORE BLR,1444.14,Net Banking,Food
2024-05-30,KFC RESTAURANT REF337686,797.49,Credit Card,Food
2024-05-30,SIP INVESTMENT,23351.57,Debit Card,Investment
2024-05-31,INOX MOVIES,2938.98,Cash,Entertainment
2024-05-31,MISCELLANEOUS PAYMENT TXN60004,9292.56,Wallet,Other
2024-05-31,UPI HOSTEL FEE RENT CHENNAI,3018.55,Debit Card,Rent
2024-05-31,UPI MOBILE POSTPAID BILL VIJAYAWADA,2038.5,Cash,Bills
2024-05-31,UPI COURSERA COURSE VIJAYAWADA,3656.35,Debit Card,Education
2024-05-31,UPI ROOM RENT HYD,18769.57,Credit Card,Rent
2024-05-31,INVESTMENT ACCOUNT TXN45955,13234.96,Wallet,Investment
2024-05-31,CASH WITHDRAWAL,9306.54,Wallet,Other
2024-05-31,EXAM FEE REF257817,22422.88,Net Banking,Education
2024-06-01,GOLD SAVINGS,25434.37,Cash,Investment
2024-06-01,INVESTMENT ACCOUNT TXN59807,20818.61,Cash,Investment
2024-06-01,CAFE COFFEE DAY,616.49,Wallet,Food
2024-06-01,DENTAL CLINIC,4424.41,UPI,Healthcare
2024-06-01,UPI APOLLO PHARMACY CHENNAI,804.84,Wallet,Healthcare
2024-06-01,BUS TICKET,2867.69,Debit Card,Transport
2024-06-01,VI MOBILE RECHARGE TXN46681,2731.47,UPI,Bills
2024-06-01,DOMINOS PIZZA TXN72094,958.83,Cash,Food
2024-06-01,STATIONERY STORE TXN86055,20753.52,Credit Card,Education
2024-06-01,WATER BILL REF303129,764.81,Wallet,Bills
2024-06-01,UPI STOCK INVESTMENT BLR,19052.78,Debit Card,Investment
2024-06-01,UPI STOCK INVESTMENT CHENNAI,24806.97,Credit Card,Investment
2024-06-01,BAKERY PURCHASE,1484.83,Credit Card,Food
2024-06-01,EYE HOSPITAL,821.32,Cash,Healthcare
2024-06-01,UPI STOCK INVESTMENT HYD,28246.22,Cash,Investment
2024-06-01,ACT FIBERNET REF671015,1426.38,Credit Card,Bills
2024-06-02,ATM FEE,2422.91,Debit Card,Other
2024-06-02,ATM FEE TXN97016,1536.67,Debit Card,Other
2024-06-02,FLIPKART ORDER TXN17414,5158.24,UPI,Shopping
2024-06-02,GAME PURCHASE,3184.39,Credit Card,Entertainment
2024-06-03,UPI CLOTHING STORE HYD,6063.42,Debit Card,Shopping
2024-06-03,DIAGNOSTIC LAB TXN80798,897.72,Debit Card,Healthcare
2024-06-03,ELECTRICITY BILL REF663312,524.44,Debit Card,Bills
2024-06-03,UDEMY COURSE TXN56752,5154.88,Debit Card,Education
2024-06-03,RESTAURANT PAYMENT,851.03,Net Banking,Food
2024-06-03,HP FUEL STATION REF947047,2302.52,Cash,Transport
2024-06-03,UPI APARTMENT RENT GUNTUR,15413.42,Wallet,Rent
2024-06-03,BROADBAND BILL,2906.21,UPI,Bills
2024-06-04,HOSTEL FEE RENT REF311219,24561.09,Wallet,Rent
2024-06-04,AIRTEL RECHARGE,1950.79,Net Banking,Bills
2024-06-04,RAPIDO RIDE,946.45,UPI,Transport
2024-06-04,DOMINOS PIZZA TXN75369,569.08,Net Banking,Food
2024-06-04,BAKERY PURCHASE REF673621,1309.49,UPI,Food
2024-06-04,DMART PURCHASE,1559.74,UPI,Shopping
2024-06-04,VI MOBILE RECHARGE,983.93,Credit Card,Bills
2024-06-04,SHOPPING MALL TXN37925,9458.39,Net Banking,Shopping
2024-06-04,PERSONAL TRANSFER,4934.59,UPI,Other
2024-06-04,SHOPPING MALL REF479636,3845.25,Debit Card,Shopping
2024-06-04,UPI RESTAURANT PAYMENT VIJAYAWADA,257.22,Credit Card,Food
2024-06-04,APARTMENT RENT,11743.53,Debit Card,Rent
2024-06-04,EXAM FEE TXN55398,20583.45,Net Banking,Education
2024-06-04,AMAZON PRIME REF843634,1017.24,Credit Card,Entertainment
2024-06-04,UPI STATIONERY STORE BLR,16663.26,Debit Card,Education
2024-06-05,UPI SPOTIFY PREMIUM BLR,2466.43,Cash,Entertainment
2024-06-05,PVR CINEMAS TXN64173,3042.67,Cash,Entertainment
2024-06-05,ELECTRICITY BILL TXN15735,3455.93,Credit Card,Bills
2024-06-05,UPI HP FUEL STATION BLR,2038.27,Credit Card,Transport
2024-06-05,RELIANCE TRENDS,10220.14,Credit Card,Shopping
2024-06-05,ACT FIBERNET TXN31906,2840.31,Wallet,Bills
2024-06-05,UPI STATIONERY STORE HYD,13207.23,Credit Card,Education
2024-06-05,MEDPLUS PHARMACY REF623265,593.73,Cash,Healthcare
2024-06-05,GAME PURCHASE REF971776,583.35,Credit Card,Entertainment
2024-06-05,KFC RESTAURANT REF155278,319.9,Debit Card,Food
2024-06-05,UPI HEALTH CHECKUP GUNTUR,1684.68,Cash,Healthcare
2024-06-06,SHOPPING MALL TXN38551,9095.97,Debit Card,Shopping
2024-06-06,DONATION PAYMENT REF162678,3587.4,Wallet,Other
2024-06-06,UPI KFC RESTAURANT CHENNAI,1351.92,Debit Card,Food
2024-06-06,CLOTHING STORE,4037.61,Credit Card,Shopping
2024-06-06,CASH WITHDRAWAL TXN32073,4151.27,UPI,Other
2024-06-06,UPI HOSPITAL PAYMENT GUNTUR,7706.22,Credit Card,Healthcare
2024-06-06,GAS BILL PAYMENT,4617.83,Cash,Bills
2024-06-06,PG RENT PAYMENT REF654797,14315.01,Net Banking,Rent
2024-06-06,COLLEGE FEE,9925.81,Wallet,Education
2024-06-06,AJIO PURCHASE TXN47657,9861.56,Debit Card,Shopping
2024-06-06,TEA SHOP UPI,935.41,Net Banking,Food
2024-06-06,ELECTRICITY BILL REF551371,586.43,UPI,Bills
2024-06-06,ROOM RENT TXN42941,21919.33,UPI,Rent
2024-06-06,HOSTEL FEE RENT REF427848,3913.78,UPI,Rent
2024-06-06,PETROL PUMP REF285710,1138.96,Cash,Transport
2024-06-07,CAFE COFFEE DAY,1291.96,UPI,Food
2024-06-07,DOMINOS PIZZA,1574.13,UPI,Food
2024-06-07,TRAINING PROGRAM TXN73417,3478.1,Cash,Education
2024-06-07,HOSTEL FEE RENT TXN31368,5253.19,Cash,Rent
2024-06-07,HOTSTAR SUBSCRIPTION TXN67565,1002.6,Credit Card,Entertainment
2024-06-07,SPOTIFY PREMIUM TXN63588,1512.21,Net Banking,Entertainment
2024-06-07,ATM FEE REF914842,5583.77,Debit Card,Other
2024-06-07,STOCK INVESTMENT REF621824,6198.21,Cash,Investment
2024-06-07,UPI HP FUEL STATION BLR,1753.64,Credit Card,Transport
2024-06-08,DIAGNOSTIC LAB,5695.8,Credit Card,Healthcare
2024-06-08,SHOPPING MALL,871.08,UPI,Shopping
2024-06-08,BUS TICKET,2322.14,Credit Card,Transport
2024-06-08,UPI RAILWAY TICKET BLR,787.23,Net Banking,Transport
2024-06-08,FLIPKART ORDER REF931219,415.17,Credit Card,Shopping
2024-06-08,UPI MOBILE POSTPAID BILL GUNTUR,315.17,Credit Card,Bills
2024-06-08,EYE HOSPITAL,2669.81,Net Banking,Healthcare
2024-06-08,UPI STOCK INVESTMENT VIJAYAWADA,20043.32,UPI,Investment
2024-06-08,STOCK INVESTMENT REF338728,2242.73,Cash,Investment
2024-06-08,UPI RESTAURANT PAYMENT VIJAYAWADA,134.6,Debit Card,Food
2024-06-08,HEALTH CHECKUP REF896246,494.84,Debit Card,Healthcare
2024-06-09,UPI ACT FIBERNET VIJAYAWADA,3699.73,Credit Card,Bills
2024-06-09,HOUSE RENT,23238.91,Cash,Rent
2024-06-09,EXAM FEE,309.13,Cash,Education
2024-06-09,TATA PLAY RECHARGE,292.38,Cash,Bills
2024-06-09,INDEX FUND SIP,17086.53,Cash,Investment
2024-06-09,HOSTEL FEE RENT TXN54039,15275.45,Debit Card,Rent
2024-06-09,TATA PLAY RECHARGE,5329.8,Cash,Bills
2024-06-09,EYE HOSPITAL,8188.51,Cash,Healthcare
2024-06-09,BROADBAND BILL,1270.79,Cash,Bills
2024-06-09,UPI PETROL PUMP GUNTUR,1991.47,Debit Card,Transport
2024-06-09,INDEX FUND SIP REF684037,8785.11,Debit Card,Investment
2024-06-09,UDEMY COURSE REF755331,11770.48,UPI,Education
2024-06-09,UPI RECURRING DEPOSIT BLR,15294.3,Wallet,Investment
2024-06-09,EXAM FEE,15489.76,Net Banking,Education
2024-06-09,HOTSTAR SUBSCRIPTION,3569.93,UPI,Entertainment
2024-06-10,DIAGNOSTIC LAB,4207.28,Net Banking,Healthcare
2024-06-10,ATM FEE,453.74,Wallet,Other
2024-06-10,HOUSE RENT,22286.29,Wallet,Rent
2024-06-10,FIXED DEPOSIT,18811.36,Net Banking,Investment
2024-06-10,CASH WITHDRAWAL TXN49552,3259.9,Wallet,Other
2024-06-10,UPI TRANSFER REF913585,6750.81,Debit Card,Other
2024-06-10,ELECTRICITY BILL,398.18,Net Banking,Bills
2024-06-10,ENTERTAINMENT EVENT TXN56663,2371.91,Wallet,Entertainment
2024-06-10,BAKERY PURCHASE TXN54757,1570.94,Wallet,Food
2024-06-10,AMAZON PURCHASE,14670.87,Net Banking,Shopping
2024-06-11,UPI GIFT PURCHASE BLR,4114.32,Wallet,Other
2024-06-11,RELIANCE TRENDS TXN29361,6784.72,Credit Card,Shopping
2024-06-11,UPI CASH WITHDRAWAL HYD,8153.73,Wallet,Other
2024-06-11,GAME PURCHASE TXN23896,2324.72,Debit Card,Entertainment
2024-06-11,LIBRARY FEE,2761.58,Cash,Education
2024-06-11,HOSTEL FEE RENT TXN47768,10307.86,Wallet,Rent
2024-06-11,KFC RESTAURANT,769.12,Debit Card,Food
2024-06-11,UPI ACCOMMODATION PAYMENT CHENNAI,3619.81,Cash,Rent
2024-06-11,SHOPPING MALL,2661.27,Debit Card,Shopping
2024-06-11,INVESTMENT ACCOUNT,17194.17,Credit Card,Investment
2024-06-12,UPI AMAZON PRIME HYD,3156.42,Cash,Entertainment
2024-06-12,GOLD SAVINGS,29988.37,UPI,Investment
2024-06-12,ACT FIBERNET,4587.24,Cash,Bills
2024-06-12,EYE HOSPITAL,7314.61,UPI,Healthcare
2024-06-12,RAILWAY TICKET,1286.64,UPI,Transport
2024-06-12,ACT FIBERNET,4218.02,Credit Card,Bills
2024-06-12,APARTMENT RENT,11177.3,UPI,Rent
2024-06-12,UPI MYNTRA SHOPPING GUNTUR,4985.57,UPI,Shopping
2024-06-12,UPI YOUTUBE PREMIUM HYD,2455.64,Debit Card,Entertainment
2024-06-12,INVESTMENT ACCOUNT TXN97996,11820.46,Wallet,Investment
2024-06-12,HOSTEL FEE RENT TXN96409,23072.28,UPI,Rent
2024-06-12,CASH WITHDRAWAL,8173.19,Net Banking,Other
2024-06-12,HOSTEL RENT,17556.04,Net Banking,Rent
2024-06-12,EXAM FEE REF481914,24026.93,Debit Card,Education
2024-06-12,HOSTEL FEE RENT TXN99081,13660.39,Wallet,Rent
2024-06-12,PG RENT PAYMENT,12143.55,Net Banking,Rent
2024-06-12,UPI MOBILE POSTPAID BILL BLR,928.19,Debit Card,Bills
2024-06-12,UPI ACCOMMODATION PAYMENT BLR,23527.15,Debit Card,Rent
2024-06-13,UDEMY COURSE REF145867,4625.45,Credit Card,Education
2024-06-13,ROOM RENT TXN62945,21512.58,Credit Card,Rent
2024-06-13,MOBILE POSTPAID BILL,1798.06,Debit Card,Bills
2024-06-13,STOCK INVESTMENT,19949.17,Credit Card,Investment
2024-06-13,UPI BAKERY PURCHASE CHENNAI,124.94,Net Banking,Food
2024-06-13,UPI DONATION PAYMENT HYD,6873.97,Net Banking,Other
2024-06-13,INVESTMENT ACCOUNT TXN49860,16285.57,UPI,Investment
2024-06-13,LIBRARY FEE,13453.94,Net Banking,Education
2024-06-13,MUTUAL FUND INVESTMENT REF752476,29333.26,Net Banking,Investment
2024-06-13,PERSONAL TRANSFER TXN24003,790.55,Credit Card,Other
2024-06-13,TRAINING PROGRAM TXN36713,6470.68,Debit Card,Education
2024-06-13,UPI PETROL PUMP VIJAYAWADA,2313.41,Cash,Transport
2024-06-13,UPI AUTO RICKSHAW UPI BLR,1054.57,Wallet,Transport
2024-06-13,UPI ELECTRONICS STORE VIJAYAWADA,2872.49,Cash,Shopping
2024-06-13,ACCOMMODATION PAYMENT,23307.98,Cash,Rent
2024-06-14,ELECTRONICS STORE,7908.41,Debit Card,Shopping
2024-06-14,MOBILE POSTPAID BILL,1759.74,Wallet,Bills
2024-06-14,UPI APARTMENT RENT GUNTUR,19140.32,Wallet,Rent
2024-06-14,UBER TRIP,1526.49,Debit Card,Transport
2024-06-14,PETROL PUMP,2355.83,UPI,Transport
2024-06-14,ELECTRONICS STORE,989.83,UPI,Shopping
2024-06-14,ACCOMMODATION PAYMENT,7635.49,Wallet,Rent
2024-06-14,DENTAL CLINIC,5321.85,Debit Card,Healthcare
2024-06-14,INDEX FUND SIP,19345.8,Wallet,Investment
2024-06-15,BOOK STORE TXN69259,12669.56,Net Banking,Education
2024-06-15,UPI BUS TICKET BLR,707.02,Net Banking,Transport
2024-06-15,MOBILE POSTPAID BILL,4238.3,Credit Card,Bills
2024-06-15,METRO TICKET,2234.65,Cash,Transport
2024-06-15,UPI INOX MOVIES BLR,244.99,UPI,Entertainment
2024-06-15,BROADBAND BILL,4401.6,Credit Card,Bills
2024-06-15,METRO TICKET REF463737,2510.5,Debit Card,Transport
2024-06-15,CLOTHING STORE TXN91762,8416.3,Credit Card,Shopping
2024-06-15,RECURRING DEPOSIT REF750210,11919.43,Debit Card,Investment
2024-06-16,UPI FLIPKART ORDER GUNTUR,8689.66,Debit Card,Shopping
2024-06-16,RELIANCE TRENDS,7160.32,Debit Card,Shopping
2024-06-16,UPI DOCTOR CONSULTATION BLR,4598.59,UPI,Healthcare
2024-06-16,UPI APOLLO PHARMACY CHENNAI,2163.96,UPI,Healthcare
2024-06-16,UPI KFC RESTAURANT HYD,187.54,UPI,Food
2024-06-16,LIBRARY FEE,21003.9,Net Banking,Education
2024-06-16,DONATION PAYMENT TXN70301,8280.79,Cash,Other
2024-06-16,HOUSE RENT TXN76787,13351.14,Debit Card,Rent
2024-06-16,PHARMACY UPI REF354460,4814.59,Cash,Healthcare
2024-06-16,HOTSTAR SUBSCRIPTION,895.17,Credit Card,Entertainment
2024-06-16,UPI MISCELLANEOUS PAYMENT CHENNAI,4384.13,Debit Card,Other
2024-06-16,VI MOBILE RECHARGE TXN42281,2425.27,Cash,Bills
2024-06-16,UPI RAILWAY TICKET BLR,2195.51,Net Banking,Transport
2024-06-16,ZOMATO FOOD ORDER,1305.97,Wallet,Food
2024-06-16,BOOK STORE REF883747,24689.85,Credit Card,Education
2024-06-16,UPI MEDPLUS PHARMACY GUNTUR,3346.09,Net Banking,Healthcare
2024-06-16,MYNTRA SHOPPING,11560.31,Wallet,Shopping
2024-06-17,EXAM FEE,13951.54,UPI,Education
2024-06-17,DONATION PAYMENT,8990.86,Net Banking,Other
2024-06-17,UPI CERTIFICATION EXAM HYD,21742.44,Credit Card,Education
2024-06-17,STOCK INVESTMENT,25973.44,Net Banking,Investment
2024-06-17,UPI GAS BILL PAYMENT GUNTUR,5550.59,Debit Card,Bills
2024-06-17,TEA SHOP UPI TXN92917,1239.49,Wallet,Food
2024-06-17,FIXED DEPOSIT,16331.47,Credit Card,Investment
2024-06-17,JIO RECHARGE,964.3,Net Banking,Bills
2024-06-17,BROADBAND BILL,5573.11,Wallet,Bills
2024-06-18,STATIONERY STORE,15085.14,Net Banking,Education
2024-06-18,EXAM FEE,2279.25,Credit Card,Education
2024-06-18,ONLINE COURSE PAYMENT,19691.46,Credit Card,Education
2024-06-18,INVESTMENT ACCOUNT,22823.95,Net Banking,Investment
2024-06-18,MCDONALDS ORDER REF641676,1538.97,Cash,Food
2024-06-18,DOCTOR CONSULTATION,9163.34,Net Banking,Healthcare
2024-06-18,MYNTRA SHOPPING,12154.75,Wallet,Shopping
2024-06-18,ROOM RENT,6304.9,Cash,Rent
2024-06-18,DONATION PAYMENT,2262.61,UPI,Other
2024-06-18,INDEX FUND SIP,8477.28,Cash,Investment
2024-06-18,UPI NETFLIX SUBSCRIPTION GUNTUR,2125.1,Debit Card,Entertainment
2024-06-18,HOSTEL RENT TXN60069,17756.74,UPI,Rent
2024-06-18,SWIGGY ORDER,1151.19,Net Banking,Food
2024-06-18,STATIONERY STORE,3924.94,Net Banking,Education
2024-06-19,SHOPPING MALL,425.07,Debit Card,Shopping
2024-06-19,UPI TRANSFER,5327.49,Wallet,Other
2024-06-19,SHOPPING MALL REF965894,12623.31,Cash,Shopping
2024-06-19,ACT FIBERNET REF193665,3146.74,Net Banking,Bills
2024-06-19,PVR CINEMAS REF634883,3169.64,Net Banking,Entertainment
2024-06-19,DOMINOS PIZZA,1359.26,Debit Card,Food
2024-06-19,AUTO RICKSHAW UPI,859.44,Cash,Transport
2024-06-19,DONATION PAYMENT,6433.37,UPI,Other
2024-06-19,COLLEGE FEE TXN70899,618.16,UPI,Education
2024-06-19,UPI AJIO PURCHASE HYD,4062.65,Credit Card,Shopping
2024-06-19,UPI ZOMATO FOOD ORDER CHENNAI,1112.74,Credit Card,Food
2024-06-19,UPI RAPIDO RIDE VIJAYAWADA,2396.39,UPI,Transport
2024-06-19,MOVIE TICKET,3753.73,Cash,Entertainment
2024-06-19,CLOTHING STORE REF700067,2288.29,Credit Card,Shopping
2024-06-20,INOX MOVIES TXN75662,1959.59,Wallet,Entertainment
2024-06-20,UPI BOOK STORE VIJAYAWADA,4415.5,Debit Card,Education
2024-06-20,EYE HOSPITAL REF477048,4042.62,Net Banking,Healthcare
2024-06-20,RECURRING DEPOSIT REF914423,6205.79,Debit Card,Investment
2024-06-20,LIBRARY FEE,4006.82,Cash,Education
2024-06-20,UPI TRANSFER TXN37917,3876.69,Net Banking,Other
2024-06-20,BANK CHARGE REF893969,4517.95,Debit Card,Other
2024-06-20,YOUTUBE PREMIUM TXN50268,2119.96,Debit Card,Entertainment
2024-06-21,UPI INDEX FUND SIP BLR,920.53,Debit Card,Investment
2024-06-21,KFC RESTAURANT,1714.17,UPI,Food
2024-06-21,DIAGNOSTIC LAB,7380.47,UPI,Healthcare
2024-06-21,ELECTRONICS STORE TXN23663,6367.31,Cash,Shopping
2024-06-21,ACCOMMODATION PAYMENT TXN45733,16406.45,Credit Card,Rent
2024-06-21,COURSERA COURSE,15405.36,Cash,Education
2024-06-21,APOLLO PHARMACY TXN39470,5422.33,Net Banking,Healthcare
2024-06-21,UPI FIXED DEPOSIT GUNTUR,16442.97,Debit Card,Investment
2024-06-21,BUS TICKET TXN74275,2031.11,UPI,Transport
2024-06-21,SIP INVESTMENT,13735.24,Wallet,Investment
2024-06-21,GIFT PURCHASE,4238.01,Cash,Other
2024-06-22,AMAZON PRIME,3995.15,Debit Card,Entertainment
2024-06-22,ATM FEE,5052.71,UPI,Other
2024-06-22,APARTMENT RENT REF873588,16643.38,Cash,Rent
2024-06-22,APOLLO PHARMACY TXN41632,4482.57,Cash,Healthcare
2024-06-22,UPI UDEMY COURSE CHENNAI,21699.29,Debit Card,Education
2024-06-22,MCDONALDS ORDER,516.52,Credit Card,Food
2024-06-22,MEDPLUS PHARMACY,3428.58,Wallet,Healthcare
2024-06-22,APOLLO PHARMACY REF216698,1927.38,Cash,Healthcare
2024-06-23,INDIAN OIL PETROL,1399.89,Credit Card,Transport
2024-06-23,COLLEGE FEE,22271.24,Cash,Education
2024-06-23,SHOPPING MALL,10042.42,Debit Card,Shopping
2024-06-23,COLLEGE FEE,12438.15,Credit Card,Education
2024-06-23,CERTIFICATION EXAM TXN10258,24573.63,Credit Card,Education
2024-06-23,HP FUEL STATION,1515.97,Cash,Transport
2024-06-23,FLIPKART ORDER,1883.63,Credit Card,Shopping
2024-06-23,PERSONAL TRANSFER,3738.59,Cash,Other
2024-06-23,HOUSE RENT,15736.93,Cash,Rent
2024-06-23,INDEX FUND SIP REF297950,20516.41,UPI,Investment
2024-06-23,UPI ROOM RENT CHENNAI,23237.3,Cash,Rent
2024-06-23,UPI GOLD SAVINGS GUNTUR,2743.43,Credit Card,Investment
2024-06-24,FLIPKART ORDER,10910.8,UPI,Shopping
2024-06-24,FIXED DEPOSIT,26320.51,Debit Card,Investment
2024-06-24,APOLLO PHARMACY REF391399,3063.01,Credit Card,Healthcare
2024-06-24,RAPIDO RIDE TXN56907,2153.31,Debit Card,Transport
2024-06-24,STOCK INVESTMENT REF970172,13840.09,Wallet,Investment
2024-06-24,STOCK INVESTMENT TXN28285,2742.78,Wallet,Investment
2024-06-24,UPI APOLLO PHARMACY GUNTUR,1412.78,Wallet,Healthcare
2024-06-24,UPI TEA SHOP UPI VIJAYAWADA,1737.46,Cash,Food
2024-06-24,PVR CINEMAS REF739976,1645.34,Net Banking,Entertainment
2024-06-24,COURSERA COURSE,5373.33,Cash,Education
2024-06-24,RAILWAY TICKET,2579.98,Net Banking,Transport
2024-06-24,UBER TRIP TXN19184,2858.02,Cash,Transport
2024-06-25,ACCOMMODATION PAYMENT,7710.69,Net Banking,Rent
2024-06-25,UPI HOUSE RENT CHENNAI,15482.64,Credit Card,Rent
2024-06-25,UPI DIAGNOSTIC LAB BLR,9901.65,Debit Card,Healthcare
2024-06-25,COURSERA COURSE TXN43656,14413.32,UPI,Education
2024-06-25,EXAM FEE TXN74688,8866.42,Credit Card,Education
2024-06-25,RAILWAY TICKET REF799713,847.52,Debit Card,Transport
2024-06-25,DONATION PAYMENT,794.77,Net Banking,Other
2024-06-25,HOUSE RENT REF457313,17920.74,UPI,Rent
2024-06-25,ELECTRONICS STORE REF774812,13944.76,Net Banking,Shopping
2024-06-25,UPI UDEMY COURSE BLR,14967.14,Debit Card,Education
2024-06-25,HOSTEL RENT TXN21053,14100.08,UPI,Rent
2024-06-25,TEA SHOP UPI REF301307,1231.37,Debit Card,Food
2024-06-25,YOUTUBE PREMIUM REF501320,2764.21,Credit Card,Entertainment
2024-06-25,PHARMACY UPI TXN38557,762.48,Net Banking,Healthcare
2024-06-26,AJIO PURCHASE REF253557,3913.93,Cash,Shopping
2024-06-26,UPI GOLD SAVINGS CHENNAI,17661.6,UPI,Investment
2024-06-26,UPI TATA PLAY RECHARGE HYD,5058.44,Net Banking,Bills
2024-06-26,STATIONERY STORE,22164.93,Wallet,Education
2024-06-26,DOMINOS PIZZA TXN47818,1599.13,Net Banking,Food
2024-06-26,MCDONALDS ORDER,1742.56,Cash,Food
2024-06-26,GIFT PURCHASE TXN82228,6893.11,Cash,Other
2024-06-26,UPI MISCELLANEOUS PAYMENT CHENNAI,9774.69,Net Banking,Other
2024-06-26,UPI RECURRING DEPOSIT VIJAYAWADA,13163.6,Debit Card,Investment
2024-06-26,UPI EXAM FEE HYD,5493.24,Credit Card,Education
2024-06-27,AIRTEL RECHARGE TXN81825,2122.84,UPI,Bills
2024-06-27,UPI INDEX FUND SIP GUNTUR,5120.48,Net Banking,Investment
2024-06-27,UPI MOBILE POSTPAID BILL BLR,3660.0,UPI,Bills
2024-06-27,BROADBAND BILL,3737.94,Cash,Bills
2024-06-27,INDIAN OIL PETROL,2408.09,Debit Card,Transport
2024-06-27,VI MOBILE RECHARGE TXN13903,4106.37,Cash,Bills
2024-06-27,STOCK INVESTMENT TXN93796,10730.24,Cash,Investment
2024-06-28,MEDPLUS PHARMACY,7983.41,Cash,Healthcare
2024-06-28,RELIANCE TRENDS,13681.49,Net Banking,Shopping
2024-06-28,EYE HOSPITAL TXN36148,8030.16,UPI,Healthcare
2024-06-28,UPI ENTERTAINMENT EVENT VIJAYAWADA,3068.23,Cash,Entertainment
2024-06-28,GAS BILL PAYMENT TXN66219,827.39,Wallet,Bills
2024-06-28,UBER TRIP,2248.63,Debit Card,Transport
2024-06-28,UPI ELECTRONICS STORE CHENNAI,5609.53,Credit Card,Shopping
2024-06-28,UPI ELECTRONICS STORE CHENNAI,8177.66,Net Banking,Shopping
2024-06-28,MEESHO ORDER,7135.02,Net Banking,Shopping
2024-06-29,UPI ONLINE COURSE PAYMENT VIJAYAWADA,2913.37,Net Banking,Education
2024-06-29,UPI SHOPPING MALL VIJAYAWADA,988.58,Debit Card,Shopping
2024-06-29,UPI INOX MOVIES GUNTUR,838.04,Cash,Entertainment
2024-06-29,HOSTEL RENT,13009.83,Debit Card,Rent
2024-06-29,BROADBAND BILL,1788.29,Wallet,Bills
2024-06-29,UPI BAKERY PURCHASE BLR,61.05,Debit Card,Food
2024-06-29,UPI AUTO RICKSHAW UPI HYD,469.28,Net Banking,Transport
2024-06-29,UPI TATA PLAY RECHARGE VIJAYAWADA,3034.03,Debit Card,Bills
2024-06-30,HOSPITAL PAYMENT REF144648,7966.66,Cash,Healthcare
2024-06-30,ACCOMMODATION PAYMENT,15147.59,Net Banking,Rent
2024-06-30,RESTAURANT PAYMENT,1289.83,Debit Card,Food
2024-06-30,RAPIDO RIDE,1302.3,Cash,Transport
2024-06-30,JIO RECHARGE TXN10638,3602.52,UPI,Bills
2024-06-30,APOLLO PHARMACY,4303.93,Cash,Healthcare
2024-06-30,UPI MEDPLUS PHARMACY HYD,6781.37,UPI,Healthcare
2024-06-30,MUTUAL FUND INVESTMENT TXN12182,9142.29,Credit Card,Investment
2024-06-30,UPI UDEMY COURSE BLR,9416.79,Net Banking,Education
2024-06-30,KFC RESTAURANT TXN74066,1089.58,Net Banking,Food
2024-06-30,UPI GROCERY FOOD STORE VIJAYAWADA,739.56,Net Banking,Food
2024-06-30,PHARMACY UPI,2126.39,Credit Card,Healthcare
2024-06-30,UPI METRO TICKET HYD,706.11,Credit Card,Transport
2024-07-01,GAS BILL PAYMENT TXN55867,3998.37,Wallet,Bills
2024-07-01,DONATION PAYMENT TXN83904,2830.12,Cash,Other
2024-07-01,PVR CINEMAS,2491.19,Credit Card,Entertainment
2024-07-01,HP FUEL STATION TXN20416,1128.52,Cash,Transport
2024-07-01,DOMINOS PIZZA,1548.59,Wallet,Food
2024-07-01,MONTHLY RENT,20300.1,Net Banking,Rent
2024-07-01,GAME PURCHASE TXN42636,3860.33,UPI,Entertainment
2024-07-01,MUTUAL FUND INVESTMENT REF975763,28165.09,UPI,Investment
2024-07-01,UPI ROOM RENT GUNTUR,3223.09,Wallet,Rent
2024-07-02,KFC RESTAURANT REF955946,1766.98,Net Banking,Food
2024-07-02,COURSERA COURSE,1124.01,Credit Card,Education
2024-07-02,CLOTHING STORE REF983516,8925.8,Debit Card,Shopping
2024-07-02,UPI CERTIFICATION EXAM VIJAYAWADA,21733.58,Wallet,Education
2024-07-02,STATIONERY STORE TXN45785,9621.04,Net Banking,Education
2024-07-02,UPI UPI TRANSFER BLR,8571.96,Debit Card,Other
2024-07-02,BOOK STORE,433.89,Net Banking,Education
2024-07-02,HOSTEL RENT REF903058,11430.61,Wallet,Rent
2024-07-02,UPI HP FUEL STATION GUNTUR,2699.51,UPI,Transport
2024-07-02,GOLD SAVINGS,15807.32,Credit Card,Investment
2024-07-02,UPI BROADBAND BILL HYD,2216.99,Credit Card,Bills
2024-07-03,MOBILE POSTPAID BILL,4119.43,UPI,Bills
2024-07-03,DENTAL CLINIC REF456082,3902.26,Net Banking,Healthcare
2024-07-03,EXAM FEE,7062.78,Cash,Education
2024-07-03,ATM FEE TXN73469,5328.09,Credit Card,Other
2024-07-03,BUS TICKET REF489862,68.17,Cash,Transport
2024-07-03,HP FUEL STATION TXN24126,1066.69,Cash,Transport
2024-07-03,SIP INVESTMENT,10533.12,Wallet,Investment
2024-07-03,HOSTEL FEE RENT,16328.52,Cash,Rent
2024-07-03,ATM FEE TXN98760,1934.16,Net Banking,Other
2024-07-03,DONATION PAYMENT,347.9,Credit Card,Other
2024-07-03,MOBILE POSTPAID BILL,5665.79,Wallet,Bills
2024-07-03,UPI TRANSFER,7680.13,Net Banking,Other
2024-07-03,SIP INVESTMENT REF790229,28117.36,UPI,Investment
2024-07-04,HOTSTAR SUBSCRIPTION REF744324,3848.34,UPI,Entertainment
2024-07-04,STATIONERY STORE,11330.2,Net Banking,Education
2024-07-04,HP FUEL STATION,2594.09,Credit Card,Transport
2024-07-04,AMAZON PRIME REF824047,3680.66,Net Banking,Entertainment
2024-07-04,ELECTRICITY BILL TXN99092,2549.2,Wallet,Bills
2024-07-05,ZOMATO FOOD ORDER,364.22,Net Banking,Food
2024-07-05,UPI TRANSFER,937.26,Wallet,Other
2024-07-05,ELECTRICITY BILL,5518.82,Net Banking,Bills
2024-07-05,UPI GOLD SAVINGS BLR,19373.92,Debit Card,Investment
2024-07-05,PG RENT PAYMENT,18978.21,Wallet,Rent
2024-07-05,STOCK INVESTMENT TXN72521,4308.76,Wallet,Investment
2024-07-05,UPI TEA SHOP UPI CHENNAI,1022.21,Wallet,Food
2024-07-05,GROCERY FOOD STORE TXN67794,1073.56,Net Banking,Food
2024-07-05,PERSONAL TRANSFER REF221909,9184.21,Wallet,Other
2024-07-05,UPI ROOM RENT VIJAYAWADA,6723.28,UPI,Rent
2024-07-05,WATER BILL REF104282,4228.84,Wallet,Bills
2024-07-05,EYE HOSPITAL,3476.65,Debit Card,Healthcare
2024-07-06,HOTSTAR SUBSCRIPTION TXN45476,1726.0,Debit Card,Entertainment
2024-07-06,UPI YOUTUBE PREMIUM HYD,3351.43,Cash,Entertainment
2024-07-06,GAS BILL PAYMENT,3829.51,Wallet,Bills
2024-07-06,UPI MISCELLANEOUS PAYMENT GUNTUR,3095.54,Net Banking,Other
2024-07-06,ACT FIBERNET,5262.82,Debit Card,Bills
2024-07-06,HOSTEL RENT,23526.35,Wallet,Rent
2024-07-06,UPI RESTAURANT PAYMENT CHENNAI,126.78,Debit Card,Food
2024-07-06,UPI HOUSE RENT VIJAYAWADA,4200.48,UPI,Rent
2024-07-06,HP FUEL STATION,263.21,Net Banking,Transport
2024-07-07,INOX MOVIES,1158.1,UPI,Entertainment
2024-07-07,PVR CINEMAS TXN81403,1460.2,UPI,Entertainment
2024-07-07,SPOTIFY PREMIUM,1926.37,Wallet,Entertainment
2024-07-07,YOUTUBE PREMIUM REF335351,901.55,Wallet,Entertainment
2024-07-07,UPI LIBRARY FEE BLR,11970.43,Net Banking,Education
2024-07-07,AMAZON PRIME,3989.94,Cash,Entertainment
2024-07-07,DMART PURCHASE,11544.96,Debit Card,Shopping
2024-07-07,ENTERTAINMENT EVENT REF292667,3793.04,Debit Card,Entertainment
2024-07-07,DOMINOS PIZZA,811.4,Wallet,Food
2024-07-07,GAS BILL PAYMENT REF975295,2624.49,Net Banking,Bills
2024-07-08,EYE HOSPITAL,2625.21,Wallet,Healthcare
2024-07-08,CASH WITHDRAWAL REF342337,5300.98,Credit Card,Other
2024-07-08,MEESHO ORDER TXN62710,12115.79,Cash,Shopping
2024-07-08,MEDICAL STORE,1380.03,Cash,Healthcare
2024-07-08,MUTUAL FUND INVESTMENT,8274.43,UPI,Investment
2024-07-08,UPI RESTAURANT PAYMENT CHENNAI,1220.28,Net Banking,Food
2024-07-08,UPI SWIGGY ORDER CHENNAI,273.52,UPI,Food
2024-07-08,ELECTRONICS STORE TXN64278,3574.25,Net Banking,Shopping
2024-07-08,UPI TRANSFER TXN31871,4040.99,Net Banking,Other
2024-07-09,MEESHO ORDER TXN53163,12453.04,Net Banking,Shopping
2024-07-09,HOUSE RENT,5985.67,Cash,Rent
2024-07-09,DOCTOR CONSULTATION TXN20782,8041.26,Debit Card,Healthcare
2024-07-09,STOCK INVESTMENT REF632496,2863.29,UPI,Investment
2024-07-09,HP FUEL STATION REF379062,2556.07,Net Banking,Transport
2024-07-09,SWIGGY ORDER REF410152,261.88,Wallet,Food
2024-07-09,UPI ROOM RENT HYD,23928.95,Cash,Rent
2024-07-09,UPI GAS BILL PAYMENT GUNTUR,4567.89,Credit Card,Bills
2024-07-09,PG RENT PAYMENT,16854.73,Wallet,Rent
2024-07-09,MOVIE TICKET,1763.26,Net Banking,Entertainment
2024-07-09,HOSTEL RENT,13903.51,UPI,Rent
2024-07-09,INDEX FUND SIP,10981.56,Net Banking,Investment
2024-07-09,BANK CHARGE,512.25,UPI,Other
2024-07-09,STATIONERY STORE,13335.86,Debit Card,Education
2024-07-09,UPI PETROL PUMP CHENNAI,1624.1,Debit Card,Transport
2024-07-09,UPI HOSPITAL PAYMENT VIJAYAWADA,1077.77,Wallet,Healthcare
2024-07-10,UPI RECURRING DEPOSIT BLR,2303.88,Wallet,Investment
2024-07-10,FLIPKART ORDER REF541893,14112.15,Debit Card,Shopping
2024-07-10,GIFT PURCHASE REF671192,7607.63,Cash,Other
2024-07-10,UPI EXAM FEE BLR,18431.8,Cash,Education
2024-07-10,AUTO RICKSHAW UPI,2635.47,UPI,Transport
2024-07-10,MONTHLY RENT TXN23399,5915.15,Net Banking,Rent
2024-07-10,GOLD SAVINGS,17620.2,Wallet,Investment
2024-07-10,UPI CLOTHING STORE CHENNAI,4403.64,Credit Card,Shopping
2024-07-10,UPI GAME PURCHASE BLR,2461.79,Cash,Entertainment
2024-07-10,UPI RECURRING DEPOSIT HYD,1115.82,Net Banking,Investment
2024-07-11,UPI GAS BILL PAYMENT CHENNAI,4337.27,Cash,Bills
2024-07-11,DONATION PAYMENT,2058.39,Net Banking,Other
2024-07-11,UPI HEALTH CHECKUP BLR,1224.75,Cash,Healthcare
2024-07-11,UPI EXAM FEE VIJAYAWADA,12091.43,Wallet,Education
2024-07-11,UPI AMAZON PRIME BLR,527.28,Net Banking,Entertainment
2024-07-11,UPI PETROL PUMP BLR,1022.64,Debit Card,Transport
2024-07-11,UPI EXAM FEE HYD,1005.85,UPI,Education
2024-07-11,MOVIE TICKET,3041.04,Net Banking,Entertainment
2024-07-11,AIRTEL RECHARGE REF130808,2905.0,Credit Card,Bills
2024-07-11,UPI UDEMY COURSE CHENNAI,23042.02,Cash,Education
2024-07-11,DENTAL CLINIC,6490.99,Net Banking,Healthcare
2024-07-11,STATIONERY STORE REF563849,14583.87,Debit Card,Education
2024-07-11,BOOK STORE TXN36111,19211.8,Wallet,Education
2024-07-12,BOOK STORE,20050.51,Wallet,Education
2024-07-12,PETROL PUMP,1034.98,Debit Card,Transport
2024-07-12,AJIO PURCHASE,191.18,Net Banking,Shopping
2024-07-12,HEALTH CHECKUP,6425.73,Credit Card,Healthcare
2024-07-12,INDIAN OIL PETROL,141.62,Credit Card,Transport
2024-07-12,HOSPITAL PAYMENT,5796.8,Wallet,Healthcare
2024-07-12,CLOTHING STORE TXN35348,8205.18,UPI,Shopping
2024-07-13,STATIONERY STORE REF763529,11005.8,Debit Card,Education
2024-07-13,RECURRING DEPOSIT,29870.53,Cash,Investment
2024-07-13,UPI PERSONAL TRANSFER CHENNAI,8084.6,UPI,Other
2024-07-13,ACT FIBERNET,2223.46,UPI,Bills
2024-07-13,UPI SPOTIFY PREMIUM CHENNAI,2573.77,Wallet,Entertainment
2024-07-13,COURSERA COURSE,8918.13,Net Banking,Education
2024-07-13,DOMINOS PIZZA,1264.13,Credit Card,Food
2024-07-13,PHARMACY UPI,1756.02,Debit Card,Healthcare
2024-07-13,EXAM FEE REF136245,19454.8,Wallet,Education
2024-07-13,MUTUAL FUND INVESTMENT,910.06,Wallet,Investment
2024-07-13,CAFE COFFEE DAY REF152327,1111.89,Credit Card,Food
2024-07-13,INVESTMENT ACCOUNT,732.4,Credit Card,Investment
2024-07-13,BAKERY PURCHASE REF466163,193.62,UPI,Food
2024-07-13,HOTSTAR SUBSCRIPTION,3522.16,Debit Card,Entertainment
2024-07-13,COLLEGE FEE TXN80295,5263.75,Credit Card,Education
2024-07-14,RECURRING DEPOSIT TXN28013,8479.22,Debit Card,Investment
2024-07-14,ZOMATO FOOD ORDER TXN60329,129.87,Wallet,Food
2024-07-14,LIBRARY FEE REF228619,11590.84,Cash,Education
2024-07-14,UPI COLLEGE FEE GUNTUR,22267.2,Net Banking,Education
2024-07-14,GOLD SAVINGS REF544134,17269.4,UPI,Investment
2024-07-14,UPI UDEMY COURSE CHENNAI,14607.57,UPI,Education
2024-07-14,AMAZON PURCHASE REF357016,10628.17,Cash,Shopping
2024-07-14,MOVIE TICKET REF231165,626.08,UPI,Entertainment
2024-07-14,UPI MISCELLANEOUS PAYMENT GUNTUR,2137.14,Wallet,Other
2024-07-14,ZOMATO FOOD ORDER,531.66,UPI,Food
2024-07-15,OLA CAB,472.23,Cash,Transport
2024-07-15,CAFE COFFEE DAY,1394.05,Credit Card,Food
2024-07-15,RAPIDO RIDE,143.95,Debit Card,Transport
2024-07-15,RELIANCE TRENDS,12838.98,Debit Card,Shopping
2024-07-15,UPI OLA CAB VIJAYAWADA,2390.85,Cash,Transport
2024-07-15,UDEMY COURSE REF928697,859.9,UPI,Education
2024-07-15,STOCK INVESTMENT,18648.07,Cash,Investment
2024-07-15,DENTAL CLINIC,5735.79,Wallet,Healthcare
2024-07-15,UPI MOBILE POSTPAID BILL GUNTUR,5836.81,Credit Card,Bills
2024-07-15,JIO RECHARGE REF939192,3477.98,Credit Card,Bills
2024-07-15,TATA PLAY RECHARGE REF481901,1023.53,Credit Card,Bills
2024-07-16,CLOTHING STORE,531.33,Debit Card,Shopping
2024-07-16,VI MOBILE RECHARGE TXN78080,5884.22,Debit Card,Bills
2024-07-16,OLA CAB TXN29952,1830.63,UPI,Transport
2024-07-16,AUTO RICKSHAW UPI TXN30281,1432.38,Credit Card,Transport
2024-07-16,UPI AUTO RICKSHAW UPI BLR,433.36,Net Banking,Transport
2024-07-16,MEDICAL STORE TXN40217,1294.49,Credit Card,Healthcare
2024-07-16,MCDONALDS ORDER REF403170,1168.99,Net Banking,Food
2024-07-16,MEDPLUS PHARMACY,3956.81,Credit Card,Healthcare
2024-07-16,ZOMATO FOOD ORDER,698.34,Net Banking,Food
2024-07-16,HEALTH CHECKUP REF775192,5637.59,Cash,Healthcare
2024-07-16,MEESHO ORDER,1948.75,UPI,Shopping
2024-07-16,ROOM RENT,13296.46,UPI,Rent
2024-07-16,UPI TRAINING PROGRAM GUNTUR,15757.66,Credit Card,Education
2024-07-16,PETROL PUMP,1174.43,Cash,Transport
2024-07-16,UPI ONLINE COURSE PAYMENT VIJAYAWADA,689.24,Net Banking,Education
2024-07-16,CASH WITHDRAWAL,1161.38,Wallet,Other
2024-07-16,CAFE COFFEE DAY TXN84420,1230.2,Debit Card,Food
2024-07-17,COLLEGE FEE,9096.53,Debit Card,Education
2024-07-17,HOSTEL FEE RENT,5084.69,UPI,Rent
2024-07-17,CASH WITHDRAWAL,7904.69,Cash,Other
2024-07-17,APOLLO PHARMACY TXN70699,6517.62,Wallet,Healthcare
2024-07-17,HP FUEL STATION,237.33,Credit Card,Transport
2024-07-17,AMAZON PRIME REF939871,805.96,Net Banking,Entertainment
2024-07-17,DOMINOS PIZZA TXN97704,1569.22,Debit Card,Food
2024-07-17,ACCOMMODATION PAYMENT REF984855,18098.52,Debit Card,Rent
2024-07-17,MOVIE TICKET,3620.48,UPI,Entertainment
2024-07-17,ELECTRONICS STORE TXN45191,9145.75,UPI,Shopping
2024-07-17,CASH WITHDRAWAL TXN95967,4136.1,UPI,Other
2024-07-17,UPI BUS TICKET HYD,1667.16,Wallet,Transport
2024-07-17,MISCELLANEOUS PAYMENT TXN37041,7456.43,Net Banking,Other
2024-07-17,INVESTMENT ACCOUNT REF881537,13163.37,Cash,Investment
2024-07-17,OLA CAB TXN68383,1663.12,Net Banking,Transport
2024-07-17,INOX MOVIES,3729.67,Debit Card,Entertainment
2024-07-17,INDEX FUND SIP REF492759,21922.89,Credit Card,Investment
2024-07-18,MISCELLANEOUS PAYMENT,5583.7,Wallet,Other
2024-07-18,MEDICAL STORE REF547857,182.59,Debit Card,Healthcare
2024-07-18,MISCELLANEOUS PAYMENT REF866307,7202.43,UPI,Other
2024-07-18,RAPIDO RIDE REF703164,1784.47,Wallet,Transport
2024-07-18,WATER BILL,1641.99,Cash,Bills
2024-07-18,UPI TRANSFER,3429.44,Debit Card,Other
2024-07-18,SIP INVESTMENT,21127.49,Net Banking,Investment
2024-07-18,HOUSE RENT TXN11256,13661.4,Net Banking,Rent
2024-07-19,DMART PURCHASE,3764.87,UPI,Shopping
2024-07-19,INVESTMENT ACCOUNT REF108139,27504.69,Credit Card,Investment
2024-07-19,SPOTIFY PREMIUM REF513531,200.81,Wallet,Entertainment
2024-07-19,WATER BILL,1379.52,Wallet,Bills
2024-07-19,DONATION PAYMENT REF498376,4744.95,Debit Card,Other
2024-07-19,SWIGGY ORDER REF911192,1418.19,Cash,Food
2024-07-19,UPI ROOM RENT GUNTUR,14354.57,Net Banking,Rent
2024-07-19,PETROL PUMP TXN13629,1298.72,Net Banking,Transport
2024-07-19,CERTIFICATION EXAM,13414.93,Net Banking,Education
2024-07-19,UPI ONLINE COURSE PAYMENT CHENNAI,14885.78,Net Banking,Education
2024-07-19,MOBILE POSTPAID BILL,5564.37,UPI,Bills
2024-07-19,HOTSTAR SUBSCRIPTION TXN48448,2427.59,UPI,Entertainment
2024-07-19,HOSTEL RENT TXN27911,18726.99,Debit Card,Rent
2024-07-19,INDIAN OIL PETROL,1932.56,Wallet,Transport
2024-07-19,PVR CINEMAS REF295083,673.79,Credit Card,Entertainment
2024-07-20,AMAZON PURCHASE,2371.51,UPI,Shopping
2024-07-20,CASH WITHDRAWAL TXN28350,8918.41,Credit Card,Other
2024-07-20,DOMINOS PIZZA REF165418,59.42,Wallet,Food
2024-07-20,SWIGGY ORDER,907.84,Wallet,Food
2024-07-20,HOSTEL RENT,8849.41,UPI,Rent
2024-07-20,HOSPITAL PAYMENT,5896.87,Wallet,Healthcare
2024-07-20,FLIPKART ORDER TXN28696,14939.12,Net Banking,Shopping
2024-07-20,AIRTEL RECHARGE,689.53,Net Banking,Bills
2024-07-21,RAILWAY TICKET TXN21703,2009.86,Wallet,Transport
2024-07-21,ELECTRICITY BILL REF340880,229.6,Credit Card,Bills
2024-07-21,UPI MONTHLY RENT GUNTUR,16924.72,Wallet,Rent
2024-07-21,INOX MOVIES REF873207,2494.63,Net Banking,Entertainment
2024-07-21,UPI METRO TICKET HYD,619.42,Net Banking,Transport
2024-07-21,ROOM RENT,11740.62,UPI,Rent
2024-07-21,MEESHO ORDER TXN35070,9566.81,Wallet,Shopping
2024-07-21,HOSTEL FEE RENT REF876617,7043.25,Net Banking,Rent
2024-07-21,UPI RECURRING DEPOSIT HYD,6681.13,UPI,Investment
2024-07-21,GIFT PURCHASE REF122859,9971.76,Wallet,Other
2024-07-21,RELIANCE TRENDS TXN38245,9020.58,UPI,Shopping
2024-07-21,MCDONALDS ORDER,1183.03,Net Banking,Food
2024-07-21,PERSONAL TRANSFER TXN95033,4074.83,Credit Card,Other
2024-07-21,UPI AIRTEL RECHARGE VIJAYAWADA,4980.94,Debit Card,Bills
2024-07-22,DENTAL CLINIC TXN69878,8468.51,Net Banking,Healthcare
2024-07-22,UPI INVESTMENT ACCOUNT BLR,26565.62,Wallet,Investment
2024-07-22,FLIPKART ORDER,10343.49,Net Banking,Shopping
2024-07-22,FIXED DEPOSIT,13648.09,UPI,Investment
2024-07-22,ACCOMMODATION PAYMENT REF670821,4063.27,Debit Card,Rent
2024-07-22,UPI INDEX FUND SIP HYD,15222.71,Debit Card,Investment
2024-07-22,AIRTEL RECHARGE,4366.96,Wallet,Bills
2024-07-22,ACT FIBERNET REF568516,2687.43,Debit Card,Bills
2024-07-22,SIP INVESTMENT TXN40090,16196.82,Wallet,Investment
2024-07-22,UPI UDEMY COURSE GUNTUR,5693.55,Debit Card,Education
2024-07-23,UPI RESTAURANT PAYMENT HYD,1222.94,Credit Card,Food
2024-07-23,STATIONERY STORE TXN89268,22092.02,Wallet,Education
2024-07-23,GOLD SAVINGS,15660.69,Cash,Investment
2024-07-23,MYNTRA SHOPPING,4552.95,Cash,Shopping
2024-07-23,ZOMATO FOOD ORDER TXN60202,290.16,Wallet,Food
2024-07-23,UPI LIBRARY FEE HYD,24829.52,UPI,Education
2024-07-23,UPI BOOK STORE VIJAYAWADA,717.82,Debit Card,Education
2024-07-23,UPI LIBRARY FEE BLR,6488.89,Cash,Education
2024-07-23,INDEX FUND SIP TXN91735,12657.48,Debit Card,Investment
2024-07-23,DONATION PAYMENT,2195.34,Debit Card,Other
2024-07-23,GROCERY FOOD STORE TXN39919,860.3,Credit Card,Food
2024-07-24,BANK CHARGE,8225.1,Debit Card,Other
2024-07-24,COURSERA COURSE REF342274,8999.61,UPI,Education
2024-07-24,UPI DIAGNOSTIC LAB CHENNAI,3453.25,Debit Card,Healthcare
2024-07-24,MOBILE POSTPAID BILL,5324.87,Cash,Bills
2024-07-24,MYNTRA SHOPPING TXN76683,3441.2,Debit Card,Shopping
2024-07-24,SIP INVESTMENT,27460.51,Net Banking,Investment
2024-07-25,ENTERTAINMENT EVENT,2526.73,Cash,Entertainment
2024-07-25,GAS BILL PAYMENT REF671805,5605.24,Credit Card,Bills
2024-07-25,ONLINE COURSE PAYMENT,20485.65,Cash,Education
2024-07-25,WATER BILL TXN86415,4329.14,Debit Card,Bills
2024-07-25,GAS BILL PAYMENT TXN19068,4272.28,Wallet,Bills
2024-07-25,MEDPLUS PHARMACY,6625.2,Wallet,Healthcare
2024-07-25,RAPIDO RIDE REF256941,943.22,Cash,Transport
2024-07-25,UPI TRANSFER REF909930,3805.09,Debit Card,Other
2024-07-25,UPI MEDPLUS PHARMACY GUNTUR,332.57,Credit Card,Healthcare
2024-07-25,MOVIE TICKET,2914.1,UPI,Entertainment
2024-07-25,RECURRING DEPOSIT REF858993,18763.22,Credit Card,Investment
2024-07-25,DONATION PAYMENT TXN72154,9896.96,Cash,Other
2024-07-26,ACCOMMODATION PAYMENT,12476.32,UPI,Rent
2024-07-26,AIRTEL RECHARGE,4917.08,Credit Card,Bills
2024-07-26,UPI MEDICAL STORE VIJAYAWADA,6430.01,Credit Card,Healthcare
2024-07-26,DOCTOR CONSULTATION REF646661,8523.31,Wallet,Healthcare
2024-07-26,UPI SHOPPING MALL GUNTUR,14635.78,Credit Card,Shopping
2024-07-26,MUTUAL FUND INVESTMENT,4893.52,UPI,Investment
2024-07-26,ZOMATO FOOD ORDER TXN46905,1308.02,Credit Card,Food
2024-07-26,HEALTH CHECKUP TXN40357,1035.56,Credit Card,Healthcare
2024-07-26,ELECTRICITY BILL REF742643,2652.64,Cash,Bills
2024-07-26,TRAINING PROGRAM REF113595,18617.38,Cash,Education
2024-07-26,UPI PVR CINEMAS VIJAYAWADA,3924.01,Debit Card,Entertainment
2024-07-26,HOTSTAR SUBSCRIPTION REF409300,1129.18,Net Banking,Entertainment
2024-07-27,MONTHLY RENT,4222.94,Debit Card,Rent
2024-07-27,PERSONAL TRANSFER,7611.91,Credit Card,Other
2024-07-27,HOSTEL RENT REF929125,13901.27,Debit Card,Rent
2024-07-27,STOCK INVESTMENT,7664.33,Credit Card,Investment
2024-07-27,APARTMENT RENT REF313686,4983.8,Credit Card,Rent
2024-07-27,APOLLO PHARMACY,8810.37,UPI,Healthcare
2024-07-27,INDEX FUND SIP REF635859,2784.78,Credit Card,Investment
2024-07-27,UPI BANK CHARGE VIJAYAWADA,5230.45,Credit Card,Other
2024-07-27,BROADBAND BILL REF588153,1944.39,Credit Card,Bills
2024-07-27,GOLD SAVINGS TXN99168,1229.51,Cash,Investment
2024-07-27,UPI GROCERY FOOD STORE GUNTUR,361.79,Cash,Food
2024-07-27,UPI MOVIE TICKET GUNTUR,614.72,Cash,Entertainment
2024-07-28,RESTAURANT PAYMENT,1157.07,Credit Card,Food
2024-07-28,MEDICAL STORE TXN29521,694.42,UPI,Healthcare
2024-07-28,PG RENT PAYMENT,12588.42,Cash,Rent
2024-07-28,BANK CHARGE REF763741,1652.28,Wallet,Other
2024-07-28,SPOTIFY PREMIUM,921.11,Debit Card,Entertainment
2024-07-28,GOLD SAVINGS TXN12729,13768.12,Credit Card,Investment
2024-07-28,DOCTOR CONSULTATION,3375.85,Cash,Healthcare
2024-07-28,DIAGNOSTIC LAB,3187.7,Debit Card,Healthcare
2024-07-28,UPI GAME PURCHASE HYD,3294.4,Credit Card,Entertainment
2024-07-28,ACCOMMODATION PAYMENT,12835.56,Cash,Rent
2024-07-29,OLA CAB,2614.11,Credit Card,Transport
2024-07-29,GAS BILL PAYMENT TXN11932,3086.09,Debit Card,Bills
2024-07-29,PERSONAL TRANSFER REF415645,7739.09,Cash,Other
2024-07-29,UPI TRANSFER,4733.75,Cash,Other
2024-07-29,AUTO RICKSHAW UPI TXN72180,2114.55,Wallet,Transport
2024-07-29,KFC RESTAURANT TXN12783,650.47,Net Banking,Food
2024-07-29,JIO RECHARGE REF420668,3677.32,Debit Card,Bills
2024-07-29,FIXED DEPOSIT,5467.84,UPI,Investment
2024-07-29,OLA CAB REF362352,2816.96,Net Banking,Transport
2024-07-29,UPI MONTHLY RENT GUNTUR,5700.85,Cash,Rent
2024-07-29,BANK CHARGE,4489.58,Cash,Other
2024-07-29,ZOMATO FOOD ORDER REF886437,129.99,Wallet,Food
2024-07-29,UPI TRANSFER TXN34336,5324.33,Cash,Other
2024-07-29,RESTAURANT PAYMENT,1537.93,Debit Card,Food
2024-07-29,HEALTH CHECKUP,4488.61,Cash,Healthcare
2024-07-29,UPI RELIANCE TRENDS CHENNAI,7203.97,Debit Card,Shopping
2024-07-29,STOCK INVESTMENT,2435.26,Credit Card,Investment
2024-07-29,CASH WITHDRAWAL,6775.48,Wallet,Other
2024-07-29,INOX MOVIES,292.6,Wallet,Entertainment
2024-07-29,UPI ENTERTAINMENT EVENT BLR,1328.34,Debit Card,Entertainment
2024-07-30,DOMINOS PIZZA REF520080,207.67,Cash,Food
2024-07-30,YOUTUBE PREMIUM,2286.66,Cash,Entertainment
2024-07-30,UPI CASH WITHDRAWAL GUNTUR,1452.98,Cash,Other
2024-07-30,SIP INVESTMENT REF483752,24648.98,Net Banking,Investment
2024-07-30,UPI DOMINOS PIZZA GUNTUR,937.68,Net Banking,Food
2024-07-30,COURSERA COURSE TXN18495,22371.7,Cash,Education
2024-07-30,UPI SPOTIFY PREMIUM CHENNAI,814.22,Net Banking,Entertainment
2024-07-30,GOLD SAVINGS TXN30167,13876.84,Wallet,Investment
2024-07-30,STOCK INVESTMENT,12699.0,Net Banking,Investment
2024-07-31,PHARMACY UPI,8219.2,UPI,Healthcare
2024-07-31,SHOPPING MALL REF125580,4546.47,Wallet,Shopping
2024-07-31,BANK CHARGE REF396987,5705.98,UPI,Other
2024-07-31,RAPIDO RIDE,929.2,Debit Card,Transport
2024-07-31,DENTAL CLINIC,7486.5,Debit Card,Healthcare
2024-07-31,UPI SIP INVESTMENT GUNTUR,961.91,Cash,Investment
2024-07-31,STOCK INVESTMENT REF703823,17581.28,Cash,Investment
2024-07-31,EXAM FEE,12257.42,UPI,Education
2024-07-31,HOSTEL FEE RENT TXN41094,21494.52,Wallet,Rent
2024-07-31,SWIGGY ORDER REF167403,338.22,Debit Card,Food
2024-08-01,AMAZON PURCHASE TXN53103,122.2,Debit Card,Shopping
2024-08-01,UPI APOLLO PHARMACY VIJAYAWADA,6037.04,Net Banking,Healthcare
2024-08-01,MOVIE TICKET REF312960,1289.07,Cash,Entertainment
2024-08-01,MEDPLUS PHARMACY TXN75333,3708.35,Net Banking,Healthcare
2024-08-01,PHARMACY UPI TXN82768,5405.27,Cash,Healthcare
2024-08-01,GAS BILL PAYMENT REF200367,1417.66,Net Banking,Bills
2024-08-01,HOSTEL FEE RENT,16193.33,UPI,Rent
2024-08-01,ZOMATO FOOD ORDER TXN82844,1219.21,Wallet,Food
2024-08-01,UPI STATIONERY STORE CHENNAI,12700.19,UPI,Education
2024-08-01,DIAGNOSTIC LAB,8867.69,Credit Card,Healthcare
2024-08-01,APARTMENT RENT REF958294,18495.46,Wallet,Rent
2024-08-01,BAKERY PURCHASE,941.84,UPI,Food
2024-08-01,BROADBAND BILL,2608.36,Credit Card,Bills
2024-08-02,JIO RECHARGE REF236376,3790.71,Cash,Bills
2024-08-02,COURSERA COURSE,6791.28,Credit Card,Education
2024-08-02,EYE HOSPITAL,325.21,Wallet,Healthcare
2024-08-02,DIAGNOSTIC LAB,4196.2,Wallet,Healthcare
2024-08-02,SIP INVESTMENT,28317.76,Net Banking,Investment
2024-08-02,LIBRARY FEE,188.25,Debit Card,Education
2024-08-02,UPI ROOM RENT HYD,11394.98,Net Banking,Rent
2024-08-02,ZOMATO FOOD ORDER,416.65,UPI,Food
2024-08-02,FIXED DEPOSIT,6996.3,Cash,Investment
2024-08-02,RAILWAY TICKET TXN28705,828.99,Wallet,Transport
2024-08-03,MCDONALDS ORDER,459.19,Credit Card,Food
2024-08-03,HOTSTAR SUBSCRIPTION,3324.25,Cash,Entertainment
2024-08-03,MUTUAL FUND INVESTMENT TXN90124,26382.3,Net Banking,Investment
2024-08-03,UPI SIP INVESTMENT CHENNAI,15744.36,Cash,Investment
2024-08-03,UPI RAILWAY TICKET BLR,1468.31,Net Banking,Transport
2024-08-03,FLIPKART ORDER,14925.37,Debit Card,Shopping
2024-08-03,TATA PLAY RECHARGE,2193.2,Cash,Bills
2024-08-03,DONATION PAYMENT TXN34105,5012.76,Net Banking,Other
2024-08-03,RAPIDO RIDE,1081.25,Net Banking,Transport
2024-08-03,DOMINOS PIZZA,577.49,Net Banking,Food
2024-08-03,MYNTRA SHOPPING,10278.54,Credit Card,Shopping
2024-08-03,INDEX FUND SIP,16840.51,Cash,Investment
2024-08-03,MISCELLANEOUS PAYMENT TXN21712,9487.36,Cash,Other
2024-08-04,RAILWAY TICKET,1789.5,Cash,Transport
2024-08-04,DENTAL CLINIC,5141.04,UPI,Healthcare
2024-08-04,AIRTEL RECHARGE TXN62581,1679.67,Cash,Bills
2024-08-04,MUTUAL FUND INVESTMENT REF553685,2770.6,Wallet,Investment
2024-08-04,UPI FIXED DEPOSIT HYD,14899.72,Net Banking,Investment
2024-08-04,GIFT PURCHASE REF985232,1311.7,Net Banking,Other
2024-08-05,STOCK INVESTMENT REF709252,24955.31,Cash,Investment
2024-08-05,MUTUAL FUND INVESTMENT,8866.62,Cash,Investment
2024-08-05,ELECTRICITY BILL TXN41322,4101.64,Wallet,Bills
2024-08-05,UPI DIAGNOSTIC LAB VIJAYAWADA,2719.18,UPI,Healthcare
2024-08-05,SHOPPING MALL TXN11667,803.93,UPI,Shopping
2024-08-05,UPI OLA CAB HYD,437.84,UPI,Transport
2024-08-05,MUTUAL FUND INVESTMENT REF991116,5244.43,UPI,Investment
2024-08-05,UPI HEALTH CHECKUP VIJAYAWADA,9929.23,Net Banking,Healthcare
2024-08-05,DONATION PAYMENT REF232193,9696.78,Wallet,Other
2024-08-05,SIP INVESTMENT TXN74370,24430.33,Net Banking,Investment
2024-08-06,ACT FIBERNET REF837880,661.58,Net Banking,Bills
2024-08-06,ZOMATO FOOD ORDER REF804751,270.01,Cash,Food
2024-08-06,UPI STOCK INVESTMENT HYD,23004.15,Credit Card,Investment
2024-08-06,MEDICAL STORE,3006.1,UPI,Healthcare
2024-08-06,CAFE COFFEE DAY,1762.48,UPI,Food
2024-08-06,UPI WATER BILL BLR,5953.06,Wallet,Bills
2024-08-06,PHARMACY UPI REF620760,9889.8,Cash,Healthcare
2024-08-06,BUS TICKET REF806921,1151.96,Wallet,Transport
2024-08-06,STATIONERY STORE,11109.78,Cash,Education
2024-08-06,APARTMENT RENT,22087.53,Cash,Rent
2024-08-06,AMAZON PRIME REF953293,2028.78,Wallet,Entertainment
2024-08-06,CASH WITHDRAWAL,891.99,Debit Card,Other
2024-08-07,UPI ACT FIBERNET VIJAYAWADA,730.2,Credit Card,Bills
2024-08-07,MISCELLANEOUS PAYMENT,94.28,Debit Card,Other
2024-08-07,MOBILE POSTPAID BILL,2767.41,Net Banking,Bills
2024-08-07,SWIGGY ORDER TXN88682,1573.26,Debit Card,Food
2024-08-07,INOX MOVIES TXN16503,3924.4,Net Banking,Entertainment
2024-08-07,PERSONAL TRANSFER,4365.17,Wallet,Other
2024-08-07,STATIONERY STORE,22181.94,UPI,Education
2024-08-08,HOUSE RENT REF649334,4392.87,Wallet,Rent
2024-08-08,GAS BILL PAYMENT,818.34,Wallet,Bills
2024-08-08,UPI ELECTRICITY BILL GUNTUR,5835.17,Net Banking,Bills
2024-08-08,RESTAURANT PAYMENT REF824087,335.85,Credit Card,Food
2024-08-08,APOLLO PHARMACY,6782.3,Debit Card,Healthcare
2024-08-08,UPI DMART PURCHASE GUNTUR,13027.15,UPI,Shopping
2024-08-08,UPI SPOTIFY PREMIUM GUNTUR,3030.7,UPI,Entertainment
2024-08-08,UPI MEDICAL STORE CHENNAI,2586.74,Net Banking,Healthcare
2024-08-08,ACCOMMODATION PAYMENT,23546.69,Net Banking,Rent
2024-08-08,ATM FEE REF492415,5754.69,Net Banking,Other
2024-08-09,BANK CHARGE,3395.23,Net Banking,Other
2024-08-09,INVESTMENT ACCOUNT REF240065,24563.97,Debit Card,Investment
2024-08-09,HP FUEL STATION,163.59,Cash,Transport
2024-08-09,INOX MOVIES REF623922,2382.28,Debit Card,Entertainment
2024-08-09,UPI ACCOMMODATION PAYMENT HYD,24877.89,Cash,Rent
2024-08-09,ZOMATO FOOD ORDER,913.84,UPI,Food
2024-08-09,UPI HOSPITAL PAYMENT VIJAYAWADA,9798.81,Wallet,Healthcare
2024-08-09,PETROL PUMP,1450.82,UPI,Transport
2024-08-09,SIP INVESTMENT,26394.36,Cash,Investment
2024-08-09,APARTMENT RENT,11631.6,UPI,Rent
2024-08-09,HOSPITAL PAYMENT,3645.06,Wallet,Healthcare
2024-08-10,GOLD SAVINGS REF598190,18281.64,Net Banking,Investment
2024-08-10,GAME PURCHASE TXN83258,3747.69,Wallet,Entertainment
2024-08-10,METRO TICKET REF111896,2579.02,Wallet,Transport
2024-08-10,MYNTRA SHOPPING,14196.04,UPI,Shopping
2024-08-10,HOTSTAR SUBSCRIPTION,902.27,Wallet,Entertainment
2024-08-10,UPI SIP INVESTMENT CHENNAI,6729.39,Net Banking,Investment
2024-08-10,GAME PURCHASE REF187031,809.86,Wallet,Entertainment
2024-08-10,UPI MCDONALDS ORDER BLR,492.64,UPI,Food
2024-08-10,MEESHO ORDER TXN33184,5490.63,Net Banking,Shopping
2024-08-10,APARTMENT RENT REF273930,19047.65,Wallet,Rent
2024-08-10,INVESTMENT ACCOUNT TXN91888,17495.87,Debit Card,Investment
2024-08-11,MEESHO ORDER REF121458,3692.42,Wallet,Shopping
2024-08-11,UPI KFC RESTAURANT CHENNAI,405.67,Debit Card,Food
2024-08-11,DOCTOR CONSULTATION TXN16827,8650.21,UPI,Healthcare
2024-08-11,UPI RELIANCE TRENDS GUNTUR,4281.1,Credit Card,Shopping
2024-08-11,SHOPPING MALL,3151.42,UPI,Shopping
2024-08-11,ELECTRICITY BILL TXN53393,2228.71,Cash,Bills
2024-08-11,MEESHO ORDER TXN79415,3653.02,Cash,Shopping
2024-08-11,MYNTRA SHOPPING TXN88836,5807.15,Net Banking,Shopping
2024-08-11,RAILWAY TICKET REF461683,31.54,Net Banking,Transport
2024-08-11,ZOMATO FOOD ORDER,282.68,Credit Card,Food
2024-08-11,AJIO PURCHASE TXN53633,10876.34,Credit Card,Shopping
2024-08-11,UPI AUTO RICKSHAW UPI HYD,2709.26,Wallet,Transport
2024-08-11,RAPIDO RIDE,1692.02,Cash,Transport
2024-08-12,MEDPLUS PHARMACY TXN58174,6184.79,Debit Card,Healthcare
2024-08-12,MISCELLANEOUS PAYMENT TXN52460,8027.02,Net Banking,Other
2024-08-12,MISCELLANEOUS PAYMENT,723.45,Debit Card,Other
2024-08-12,TRAINING PROGRAM,18434.4,Net Banking,Education
2024-08-12,MYNTRA SHOPPING,6342.53,Wallet,Shopping
2024-08-12,UBER TRIP REF587219,1816.8,UPI,Transport
2024-08-12,BROADBAND BILL TXN43181,5644.49,Credit Card,Bills
2024-08-12,ZOMATO FOOD ORDER REF576768,1075.74,Net Banking,Food
2024-08-12,BAKERY PURCHASE TXN75884,803.85,Credit Card,Food
2024-08-13,UPI DOMINOS PIZZA VIJAYAWADA,1240.09,Credit Card,Food
2024-08-13,RECURRING DEPOSIT,11345.21,Net Banking,Investment
2024-08-13,RAILWAY TICKET,849.01,UPI,Transport
2024-08-13,MISCELLANEOUS PAYMENT REF261164,9630.25,Debit Card,Other
2024-08-13,MYNTRA SHOPPING,11654.0,Cash,Shopping
2024-08-13,MISCELLANEOUS PAYMENT,3959.21,Wallet,Other
2024-08-13,PERSONAL TRANSFER,5802.98,Credit Card,Other
2024-08-14,PG RENT PAYMENT,17772.58,Wallet,Rent
2024-08-14,AUTO RICKSHAW UPI,2163.74,Wallet,Transport
2024-08-14,CASH WITHDRAWAL,7109.17,UPI,Other
2024-08-14,AMAZON PRIME,1161.47,Credit Card,Entertainment
2024-08-14,MCDONALDS ORDER REF429101,961.98,Debit Card,Food
2024-08-14,UPI PETROL PUMP HYD,2135.76,UPI,Transport
2024-08-14,GAS BILL PAYMENT TXN72982,1739.91,Cash,Bills
2024-08-14,DIAGNOSTIC LAB,1133.31,UPI,Healthcare
2024-08-14,BANK CHARGE REF550039,7890.9,UPI,Other
2024-08-14,ACCOMMODATION PAYMENT TXN10835,13098.94,Net Banking,Rent
2024-08-15,APOLLO PHARMACY REF495476,9796.9,Net Banking,Healthcare
2024-08-15,NETFLIX SUBSCRIPTION REF797691,3474.52,UPI,Entertainment
2024-08-15,HOTSTAR SUBSCRIPTION,986.7,Credit Card,Entertainment
2024-08-15,ENTERTAINMENT EVENT,3263.18,Credit Card,Entertainment
2024-08-15,STATIONERY STORE REF202170,19007.07,UPI,Education
2024-08-15,UBER TRIP REF970708,2349.45,Debit Card,Transport
2024-08-15,MEDPLUS PHARMACY TXN20363,7468.35,Wallet,Healthcare
2024-08-15,EYE HOSPITAL REF191062,9501.41,Net Banking,Healthcare
2024-08-16,INVESTMENT ACCOUNT REF522861,19563.85,Credit Card,Investment
2024-08-16,CASH WITHDRAWAL,5924.38,Credit Card,Other
2024-08-16,RECURRING DEPOSIT,29193.89,Cash,Investment
2024-08-16,ROOM RENT TXN93770,4999.38,Debit Card,Rent
2024-08-16,SWIGGY ORDER REF708449,189.07,Credit Card,Food
2024-08-16,HOSTEL FEE RENT TXN22476,24965.97,Debit Card,Rent
2024-08-16,GOLD SAVINGS,8009.59,Credit Card,Investment
2024-08-16,FIXED DEPOSIT REF713585,15044.95,Debit Card,Investment
2024-08-17,EYE HOSPITAL REF628660,1661.43,Cash,Healthcare
2024-08-17,ELECTRICITY BILL TXN82541,985.57,Cash,Bills
2024-08-17,UPI HOSTEL FEE RENT HYD,15576.38,UPI,Rent
2024-08-17,CAFE COFFEE DAY,167.53,Credit Card,Food
2024-08-17,FLIPKART ORDER,8985.05,Debit Card,Shopping
2024-08-17,MEDPLUS PHARMACY REF973941,3914.55,Debit Card,Healthcare
2024-08-17,ZOMATO FOOD ORDER,556.58,Wallet,Food
2024-08-17,MOVIE TICKET,1944.07,UPI,Entertainment
2024-08-17,MEDPLUS PHARMACY,5498.94,Cash,Healthcare
2024-08-17,AMAZON PURCHASE,11506.33,Cash,Shopping
2024-08-17,INDIAN OIL PETROL,335.15,UPI,Transport
2024-08-17,ZOMATO FOOD ORDER TXN39468,591.29,Debit Card,Food
2024-08-17,BANK CHARGE REF102563,8508.5,UPI,Other
2024-08-17,HOSTEL FEE RENT REF109846,11531.02,Credit Card,Rent
2024-08-17,HOSTEL RENT TXN94250,10292.84,Debit Card,Rent
2024-08-17,PHARMACY UPI,8531.51,Wallet,Healthcare
2024-08-18,TRAINING PROGRAM,13359.46,Net Banking,Education
2024-08-18,HOUSE RENT TXN62312,11372.38,UPI,Rent
2024-08-18,MCDONALDS ORDER,1293.06,Net Banking,Food
2024-08-18,UPI INOX MOVIES GUNTUR,2071.32,Debit Card,Entertainment
2024-08-18,CLOTHING STORE,3690.43,Credit Card,Shopping
2024-08-19,UPI BAKERY PURCHASE HYD,887.94,Wallet,Food
2024-08-19,UPI MEESHO ORDER BLR,4801.56,Debit Card,Shopping
2024-08-19,UPI BAKERY PURCHASE VIJAYAWADA,479.37,Net Banking,Food
2024-08-19,COURSERA COURSE TXN95592,11534.83,UPI,Education
2024-08-19,ELECTRICITY BILL REF802371,5440.59,Wallet,Bills
2024-08-19,FLIPKART ORDER TXN15501,6693.62,Net Banking,Shopping
2024-08-19,GOLD SAVINGS REF899649,8717.76,Net Banking,Investment
2024-08-19,ONLINE COURSE PAYMENT TXN99515,22446.81,Net Banking,Education
2024-08-19,HOTSTAR SUBSCRIPTION,2484.29,UPI,Entertainment
2024-08-19,AJIO PURCHASE,7264.68,Credit Card,Shopping
2024-08-20,INDIAN OIL PETROL REF723742,1261.25,Cash,Transport
2024-08-20,ZOMATO FOOD ORDER TXN66442,249.45,UPI,Food
2024-08-20,HOSPITAL PAYMENT,4046.22,Debit Card,Healthcare
2024-08-20,MOBILE POSTPAID BILL REF830797,2857.9,Wallet,Bills
2024-08-20,BAKERY PURCHASE TXN15140,1331.77,Credit Card,Food
2024-08-20,HOUSE RENT REF686292,17411.12,UPI,Rent
2024-08-20,GIFT PURCHASE REF973074,1981.47,Credit Card,Other
2024-08-20,CLOTHING STORE REF426790,3224.79,UPI,Shopping
2024-08-20,UPI HOSTEL RENT GUNTUR,11831.41,Credit Card,Rent
2024-08-21,UPI DOCTOR CONSULTATION BLR,1100.18,Wallet,Healthcare
2024-08-21,SWIGGY ORDER,1228.7,Credit Card,Food
2024-08-21,ROOM RENT REF342259,6701.24,Cash,Rent
2024-08-21,HOUSE RENT,17939.54,Net Banking,Rent
2024-08-21,UPI AUTO RICKSHAW UPI CHENNAI,1371.12,Net Banking,Transport
2024-08-21,LIBRARY FEE,5435.42,Net Banking,Education
2024-08-21,MONTHLY RENT REF946466,21178.46,Wallet,Rent
2024-08-21,UPI BOOK STORE BLR,10600.88,Debit Card,Education
2024-08-22,ACCOMMODATION PAYMENT TXN85245,11985.32,Debit Card,Rent
2024-08-22,UPI ROOM RENT BLR,23033.31,Cash,Rent
2024-08-22,ELECTRICITY BILL REF267958,1087.54,Cash,Bills
2024-08-22,ONLINE COURSE PAYMENT,11425.87,Credit Card,Education
2024-08-22,FIXED DEPOSIT TXN83605,22371.58,Wallet,Investment
2024-08-22,CASH WITHDRAWAL REF866670,5059.03,Cash,Other
2024-08-22,GROCERY FOOD STORE,1179.05,Credit Card,Food
2024-08-22,BUS TICKET TXN89121,1836.47,UPI,Transport
2024-08-23,STATIONERY STORE,14805.84,Net Banking,Education
2024-08-23,PG RENT PAYMENT REF769795,7906.55,Net Banking,Rent
2024-08-23,UPI INDIAN OIL PETROL HYD,231.52,Wallet,Transport
2024-08-23,MUTUAL FUND INVESTMENT TXN95633,14782.56,Net Banking,Investment
2024-08-23,HOSTEL RENT REF111662,10595.78,Debit Card,Rent
2024-08-23,UPI DOMINOS PIZZA BLR,1081.43,Credit Card,Food
2024-08-23,BOOK STORE,16065.23,Net Banking,Education
2024-08-23,INDEX FUND SIP,16318.27,Net Banking,Investment
2024-08-23,CERTIFICATION EXAM REF653815,22986.89,Debit Card,Education
2024-08-23,CERTIFICATION EXAM TXN99748,15760.68,Debit Card,Education
2024-08-23,UPI BOOK STORE HYD,4601.63,Net Banking,Education
2024-08-23,UPI SWIGGY ORDER GUNTUR,701.88,Cash,Food
2024-08-23,FIXED DEPOSIT REF280108,19281.96,Wallet,Investment
2024-08-24,KFC RESTAURANT,1418.31,UPI,Food
2024-08-24,CERTIFICATION EXAM TXN94399,798.45,Wallet,Education
2024-08-24,UPI CASH WITHDRAWAL VIJAYAWADA,7125.13,Debit Card,Other
2024-08-24,ATM FEE,2004.71,Wallet,Other
2024-08-24,GIFT PURCHASE,5692.08,Cash,Other
2024-08-24,UPI RECURRING DEPOSIT GUNTUR,9551.77,Net Banking,Investment
2024-08-24,HOSTEL RENT,12509.34,Debit Card,Rent
2024-08-24,VI MOBILE RECHARGE TXN17696,3929.6,Wallet,Bills
2024-08-24,MYNTRA SHOPPING TXN41438,433.15,Wallet,Shopping
2024-08-24,HOSTEL FEE RENT,6945.11,Wallet,Rent
2024-08-24,OLA CAB,2690.9,Net Banking,Transport
2024-08-24,UDEMY COURSE REF271306,13855.54,Cash,Education
2024-08-24,RECURRING DEPOSIT REF665422,9121.18,Net Banking,Investment
2024-08-25,MYNTRA SHOPPING,5269.91,Cash,Shopping
2024-08-25,AUTO RICKSHAW UPI TXN17038,320.13,UPI,Transport
2024-08-25,DOMINOS PIZZA TXN22193,126.83,Cash,Food
2024-08-25,UPI PERSONAL TRANSFER CHENNAI,8672.51,Cash,Other
2024-08-25,UPI METRO TICKET CHENNAI,2399.59,Cash,Transport
2024-08-25,HOUSE RENT TXN33677,17315.7,Credit Card,Rent
2024-08-26,CERTIFICATION EXAM TXN27837,9803.74,Debit Card,Education
2024-08-26,TATA PLAY RECHARGE REF144224,1392.11,Debit Card,Bills
2024-08-26,HOSPITAL PAYMENT,7298.36,UPI,Healthcare
2024-08-26,MONTHLY RENT,14289.2,Cash,Rent
2024-08-26,HOSTEL FEE RENT,17093.02,Cash,Rent
2024-08-26,UPI ACT FIBERNET CHENNAI,5502.54,UPI,Bills
2024-08-26,UPI GAS BILL PAYMENT CHENNAI,4331.89,Cash,Bills
2024-08-26,UPI PETROL PUMP HYD,2804.73,Credit Card,Transport
2024-08-26,UPI SPOTIFY PREMIUM BLR,3463.62,Credit Card,Entertainment
2024-08-26,PERSONAL TRANSFER REF292773,4756.17,UPI,Other
2024-08-27,DENTAL CLINIC TXN41750,9366.62,Credit Card,Healthcare
2024-08-27,DENTAL CLINIC TXN52565,1964.42,UPI,Healthcare
2024-08-27,JIO RECHARGE,5758.7,Net Banking,Bills
2024-08-27,INDEX FUND SIP,24090.75,Net Banking,Investment
2024-08-27,YOUTUBE PREMIUM REF364850,2209.01,Debit Card,Entertainment
2024-08-27,STOCK INVESTMENT,1860.56,Wallet,Investment
2024-08-27,PETROL PUMP,777.52,UPI,Transport
2024-08-27,MONTHLY RENT,7893.78,Debit Card,Rent
2024-08-27,DOMINOS PIZZA,1788.6,Wallet,Food
2024-08-27,ACCOMMODATION PAYMENT,16585.67,Wallet,Rent
2024-08-27,GOLD SAVINGS,3896.6,Debit Card,Investment
2024-08-27,MCDONALDS ORDER,1371.3,UPI,Food
2024-08-28,KFC RESTAURANT,361.78,Credit Card,Food
2024-08-28,RECURRING DEPOSIT TXN26439,14152.97,Wallet,Investment
2024-08-28,BAKERY PURCHASE REF474276,1666.39,Cash,Food
2024-08-28,APARTMENT RENT,5589.62,Wallet,Rent
2024-08-28,UPI DMART PURCHASE VIJAYAWADA,2293.39,Credit Card,Shopping
2024-08-28,MCDONALDS ORDER,1352.09,Net Banking,Food
2024-08-28,GOLD SAVINGS REF395917,26037.55,Net Banking,Investment
2024-08-28,UPI KFC RESTAURANT VIJAYAWADA,841.14,Net Banking,Food
2024-08-28,CERTIFICATION EXAM REF542453,6335.95,UPI,Education
2024-08-28,UPI INVESTMENT ACCOUNT BLR,17500.44,UPI,Investment
2024-08-28,UPI RAPIDO RIDE GUNTUR,640.85,Credit Card,Transport
2024-08-28,UPI STOCK INVESTMENT VIJAYAWADA,23520.09,Debit Card,Investment
2024-08-29,INDIAN OIL PETROL,1242.69,Net Banking,Transport
2024-08-29,METRO TICKET REF649430,2196.76,Credit Card,Transport
2024-08-29,DOMINOS PIZZA REF798025,1220.94,Cash,Food
2024-08-29,APARTMENT RENT REF300114,23327.11,UPI,Rent
2024-08-29,MEDPLUS PHARMACY,4531.23,Wallet,Healthcare
2024-08-29,MEDICAL STORE,1993.01,Cash,Healthcare
2024-08-29,MOBILE POSTPAID BILL,1060.13,Debit Card,Bills
2024-08-29,RELIANCE TRENDS,8488.72,Net Banking,Shopping
2024-08-29,UPI CAFE COFFEE DAY CHENNAI,828.22,Credit Card,Food
2024-08-29,UPI TRANSFER TXN95679,3627.54,UPI,Other
2024-08-29,SHOPPING MALL,7527.89,Net Banking,Shopping
2024-08-29,CAFE COFFEE DAY TXN56580,1144.15,Cash,Food
2024-08-29,PHARMACY UPI REF575159,3455.9,Wallet,Healthcare
2024-08-30,ATM FEE,6718.28,UPI,Other
2024-08-30,AUTO RICKSHAW UPI TXN64525,2953.22,UPI,Transport
2024-08-30,PERSONAL TRANSFER,6329.42,Cash,Other
2024-08-30,GAME PURCHASE,951.88,Cash,Entertainment
2024-08-31,UPI RECURRING DEPOSIT CHENNAI,14286.31,Debit Card,Investment
2024-08-31,GIFT PURCHASE,8851.42,Cash,Other
2024-08-31,SPOTIFY PREMIUM,3380.12,Cash,Entertainment
2024-08-31,YOUTUBE PREMIUM,2435.12,Wallet,Entertainment
2024-08-31,UPI AMAZON PURCHASE HYD,12547.15,Debit Card,Shopping
2024-08-31,UPI MEESHO ORDER BLR,10302.21,Credit Card,Shopping
2024-08-31,GROCERY FOOD STORE REF511158,480.47,Net Banking,Food
2024-09-01,BAKERY PURCHASE TXN63778,128.99,UPI,Food
2024-09-01,BAKERY PURCHASE TXN31873,141.02,Wallet,Food
2024-09-01,ONLINE COURSE PAYMENT,2751.73,UPI,Education
2024-09-01,HOTSTAR SUBSCRIPTION TXN85263,1859.26,Net Banking,Entertainment
2024-09-01,UDEMY COURSE,20014.39,Credit Card,Education
2024-09-01,KFC RESTAURANT REF854701,1793.67,Net Banking,Food
2024-09-01,INDEX FUND SIP,17920.81,Cash,Investment
2024-09-01,UPI PERSONAL TRANSFER CHENNAI,1597.57,UPI,Other
2024-09-01,APARTMENT RENT,8148.06,Credit Card,Rent
2024-09-01,UPI KFC RESTAURANT HYD,1137.34,Debit Card,Food
2024-09-01,UPI MYNTRA SHOPPING GUNTUR,1700.06,Wallet,Shopping
2024-09-01,UPI MEESHO ORDER GUNTUR,6837.46,Debit Card,Shopping
2024-09-01,INDIAN OIL PETROL TXN92360,2433.17,Credit Card,Transport
2024-09-01,WATER BILL REF333522,4686.16,Credit Card,Bills
2024-09-01,SWIGGY ORDER,1609.54,Wallet,Food
2024-09-01,UPI SHOPPING MALL HYD,6428.29,Credit Card,Shopping
2024-09-02,CAFE COFFEE DAY,1606.57,Cash,Food
2024-09-02,STATIONERY STORE,22080.53,Credit Card,Education
2024-09-02,SPOTIFY PREMIUM TXN20382,1746.16,Cash,Entertainment
2024-09-02,MOVIE TICKET REF921875,3601.76,Net Banking,Entertainment
2024-09-02,BOOK STORE TXN67737,3290.83,Cash,Education
2024-09-02,UPI DOCTOR CONSULTATION BLR,3454.47,Debit Card,Healthcare
2024-09-02,CLOTHING STORE TXN42363,5534.72,Debit Card,Shopping
2024-09-02,RAPIDO RIDE REF994467,2813.2,UPI,Transport
2024-09-02,APARTMENT RENT,8411.5,Credit Card,Rent
2024-09-03,EYE HOSPITAL REF118079,7603.47,Cash,Healthcare
2024-09-03,WATER BILL,4898.42,UPI,Bills
2024-09-03,VI MOBILE RECHARGE,856.54,Wallet,Bills
2024-09-03,ATM FEE REF732823,8330.97,UPI,Other
2024-09-03,WATER BILL TXN59390,1296.23,Debit Card,Bills
2024-09-03,COLLEGE FEE TXN56777,11837.46,Cash,Education
2024-09-03,BANK CHARGE TXN54974,5310.65,UPI,Other
2024-09-03,GOLD SAVINGS REF210691,21112.83,Wallet,Investment
2024-09-03,DOCTOR CONSULTATION TXN62254,5460.53,Cash,Healthcare
2024-09-03,RELIANCE TRENDS REF413814,2520.51,Cash,Shopping
2024-09-03,SPOTIFY PREMIUM TXN97327,1373.1,Net Banking,Entertainment
2024-09-04,UPI PVR CINEMAS CHENNAI,2817.72,Wallet,Entertainment
2024-09-04,BANK CHARGE TXN28028,4511.99,Credit Card,Other
2024-09-04,INVESTMENT ACCOUNT TXN97089,19289.2,Debit Card,Investment
2024-09-04,DENTAL CLINIC REF892935,9901.15,Debit Card,Healthcare
2024-09-04,BANK CHARGE REF764978,9570.26,Net Banking,Other
2024-09-04,METRO TICKET,2254.69,Cash,Transport
2024-09-04,UPI ACCOMMODATION PAYMENT BLR,12760.37,Debit Card,Rent
2024-09-04,UPI APOLLO PHARMACY GUNTUR,6863.7,Debit Card,Healthcare
2024-09-04,SWIGGY ORDER,1086.88,Credit Card,Food
2024-09-04,UPI STOCK INVESTMENT GUNTUR,21226.83,Debit Card,Investment
2024-09-04,ROOM RENT REF828694,23902.43,Net Banking,Rent
2024-09-04,BAKERY PURCHASE REF578939,249.74,Credit Card,Food
2024-09-05,MOBILE POSTPAID BILL,2435.96,UPI,Bills
2024-09-05,PHARMACY UPI,9221.07,Wallet,Healthcare
2024-09-05,INDIAN OIL PETROL,2511.56,Wallet,Transport
2024-09-05,UPI HOUSE RENT CHENNAI,19546.43,Cash,Rent
2024-09-05,HP FUEL STATION,754.18,Credit Card,Transport
2024-09-05,UPI COURSERA COURSE HYD,23211.7,Net Banking,Education
2024-09-05,TEA SHOP UPI REF990358,296.02,Credit Card,Food
2024-09-05,RAPIDO RIDE,1059.51,Cash,Transport
2024-09-05,TATA PLAY RECHARGE,2605.72,Net Banking,Bills
2024-09-06,APOLLO PHARMACY,3290.08,Net Banking,Healthcare
2024-09-06,UPI ONLINE COURSE PAYMENT BLR,7397.33,Credit Card,Education
2024-09-06,PERSONAL TRANSFER,9197.52,Cash,Other
2024-09-06,RAPIDO RIDE,1546.86,Net Banking,Transport
2024-09-06,ZOMATO FOOD ORDER,468.88,Debit Card,Food
2024-09-06,RAILWAY TICKET,2590.91,Net Banking,Transport
2024-09-07,RECURRING DEPOSIT REF262060,20988.78,Net Banking,Investment
2024-09-07,MISCELLANEOUS PAYMENT,4809.45,Wallet,Other
2024-09-07,MCDONALDS ORDER TXN14328,90.34,Credit Card,Food
2024-09-07,HOUSE RENT,8650.38,Net Banking,Rent
2024-09-07,COURSERA COURSE TXN58821,4078.95,Wallet,Education
2024-09-07,MCDONALDS ORDER REF927825,770.86,Debit Card,Food
2024-09-07,MCDONALDS ORDER TXN59131,803.7,Cash,Food
2024-09-07,RESTAURANT PAYMENT,1361.92,Wallet,Food
2024-09-07,HOSPITAL PAYMENT REF264984,6961.96,Credit Card,Healthcare
2024-09-07,STATIONERY STORE,18862.36,UPI,Education
2024-09-07,YOUTUBE PREMIUM REF730421,2440.0,Cash,Entertainment
2024-09-07,METRO TICKET,2847.6,Wallet,Transport
2024-09-08,CAFE COFFEE DAY,400.14,Credit Card,Food
2024-09-08,HOUSE RENT REF574622,3437.36,Net Banking,Rent
2024-09-08,APARTMENT RENT,5025.07,Wallet,Rent
2024-09-08,ATM FEE REF250494,766.88,Net Banking,Other
2024-09-08,UPI RELIANCE TRENDS VIJAYAWADA,3239.98,Wallet,Shopping
2024-09-08,UPI TRANSFER REF794196,2649.79,Net Banking,Other
2024-09-08,AIRTEL RECHARGE,4074.89,Debit Card,Bills
2024-09-08,HP FUEL STATION,1252.05,Debit Card,Transport
2024-09-08,MYNTRA SHOPPING TXN49612,1218.29,Cash,Shopping
2024-09-08,GIFT PURCHASE,7794.05,Debit Card,Other
2024-09-08,CASH WITHDRAWAL TXN50099,3287.98,Net Banking,Other
2024-09-08,UPI COURSERA COURSE BLR,23310.54,UPI,Education
2024-09-08,UPI GROCERY FOOD STORE CHENNAI,585.0,Wallet,Food
2024-09-08,INDEX FUND SIP TXN63177,18978.56,Credit Card,Investment
2024-09-09,UPI MOVIE TICKET HYD,3650.04,Wallet,Entertainment
2024-09-09,UPI TRANSFER,4381.45,Credit Card,Other
2024-09-09,HOSTEL RENT,16306.67,Cash,Rent
2024-09-09,UPI HOSTEL RENT VIJAYAWADA,16421.49,UPI,Rent
2024-09-09,UPI ONLINE COURSE PAYMENT CHENNAI,12569.33,Net Banking,Education
2024-09-09,GOLD SAVINGS TXN89963,14783.31,Credit Card,Investment
2024-09-09,LIBRARY FEE REF263503,3627.57,Cash,Education
2024-09-09,MCDONALDS ORDER TXN81175,1248.29,Cash,Food
2024-09-09,RELIANCE TRENDS REF215389,8288.82,Net Banking,Shopping
2024-09-09,SIP INVESTMENT REF736213,23629.13,UPI,Investment
2024-09-09,AMAZON PURCHASE,14920.79,Wallet,Shopping
2024-09-09,ONLINE COURSE PAYMENT,21103.28,Credit Card,Education
2024-09-09,UPI HOSTEL FEE RENT HYD,4929.8,UPI,Rent
2024-09-10,WATER BILL REF376331,5966.12,Wallet,Bills
2024-09-10,BANK CHARGE,5220.68,UPI,Other
2024-09-10,NETFLIX SUBSCRIPTION TXN14784,988.01,Net Banking,Entertainment
2024-09-10,MUTUAL FUND INVESTMENT REF568328,17217.71,Debit Card,Investment
2024-09-10,ATM FEE REF923298,340.26,Wallet,Other
2024-09-10,GAME PURCHASE,3310.93,Net Banking,Entertainment
2024-09-10,ACCOMMODATION PAYMENT,24327.76,Wallet,Rent
2024-09-10,ELECTRONICS STORE TXN16873,10771.2,Cash,Shopping
2024-09-10,DIAGNOSTIC LAB REF945748,9862.18,Debit Card,Healthcare
2024-09-11,DMART PURCHASE,11423.28,Debit Card,Shopping
2024-09-11,TATA PLAY RECHARGE,4227.32,Cash,Bills
2024-09-11,MCDONALDS ORDER TXN15946,296.29,Debit Card,Food
2024-09-11,UPI CASH WITHDRAWAL VIJAYAWADA,4612.37,UPI,Other
2024-09-11,BUS TICKET,1313.86,Wallet,Transport
2024-09-11,UPI RAPIDO RIDE CHENNAI,991.1,UPI,Transport
2024-09-11,ELECTRONICS STORE TXN42683,11822.03,Net Banking,Shopping
2024-09-11,DIAGNOSTIC LAB TXN56186,9738.44,Credit Card,Healthcare
2024-09-11,COURSERA COURSE TXN94872,13881.54,Credit Card,Education
2024-09-11,UPI RAILWAY TICKET BLR,267.07,Cash,Transport
2024-09-12,DIAGNOSTIC LAB REF475190,2179.76,Wallet,Healthcare
2024-09-12,AMAZON PURCHASE REF521312,6423.78,Debit Card,Shopping
2024-09-12,INDIAN OIL PETROL,1444.68,Debit Card,Transport
2024-09-12,CLOTHING STORE REF447203,786.33,Credit Card,Shopping
2024-09-12,MEDICAL STORE REF654844,6536.04,Net Banking,Healthcare
2024-09-12,INVESTMENT ACCOUNT,12353.23,Credit Card,Investment
2024-09-12,HOSTEL RENT TXN65797,15587.8,Cash,Rent
2024-09-12,APARTMENT RENT REF336815,15003.73,UPI,Rent
2024-09-12,APOLLO PHARMACY,4266.48,Debit Card,Healthcare
2024-09-12,UPI RAILWAY TICKET GUNTUR,1149.32,Cash,Transport
2024-09-12,OLA CAB TXN62635,291.72,UPI,Transport
2024-09-12,TATA PLAY RECHARGE TXN96715,1368.62,Cash,Bills
2024-09-12,UPI MEDICAL STORE CHENNAI,5082.06,Wallet,Healthcare
2024-09-13,MOBILE POSTPAID BILL REF505697,4729.3,Cash,Bills
2024-09-13,METRO TICKET REF263190,2315.26,Debit Card,Transport
2024-09-13,ACT FIBERNET TXN72809,260.56,Net Banking,Bills
2024-09-14,INOX MOVIES REF816356,283.8,UPI,Entertainment
2024-09-14,SHOPPING MALL REF807025,8496.76,UPI,Shopping
2024-09-14,EYE HOSPITAL,1819.01,Wallet,Healthcare
2024-09-14,UPI COURSERA COURSE BLR,24684.96,Credit Card,Education
2024-09-14,OLA CAB TXN75976,2451.4,Cash,Transport
2024-09-14,UPI DOMINOS PIZZA VIJAYAWADA,1021.46,Wallet,Food
2024-09-15,CLOTHING STORE REF992805,11778.07,Debit Card,Shopping
2024-09-15,EYE HOSPITAL,9109.53,UPI,Healthcare
2024-09-15,INOX MOVIES,3352.81,Wallet,Entertainment
2024-09-15,MEESHO ORDER,12567.96,Credit Card,Shopping
2024-09-15,KFC RESTAURANT,1534.6,Credit Card,Food
2024-09-15,UBER TRIP REF981979,2563.61,Net Banking,Transport
2024-09-15,PG RENT PAYMENT,8674.31,Wallet,Rent
2024-09-15,MONTHLY RENT REF728441,18100.53,Net Banking,Rent
2024-09-15,GAME PURCHASE REF576919,442.52,Credit Card,Entertainment
2024-09-15,UPI HOTSTAR SUBSCRIPTION GUNTUR,2622.55,Net Banking,Entertainment
2024-09-16,BAKERY PURCHASE REF950608,289.9,Debit Card,Food
2024-09-16,PVR CINEMAS REF419497,2832.72,Net Banking,Entertainment
2024-09-16,AMAZON PURCHASE,7861.8,Net Banking,Shopping
2024-09-16,DOCTOR CONSULTATION,6125.27,Credit Card,Healthcare
2024-09-16,ATM FEE TXN31454,3836.45,Debit Card,Other
2024-09-16,FIXED DEPOSIT,10066.82,Credit Card,Investment
2024-09-16,INVESTMENT ACCOUNT TXN24161,27661.42,Net Banking,Investment
2024-09-16,HOSTEL RENT TXN68905,17982.52,Net Banking,Rent
2024-09-16,UPI INOX MOVIES VIJAYAWADA,3250.81,Net Banking,Entertainment
2024-09-16,DMART PURCHASE,8368.18,Credit Card,Shopping
2024-09-16,MONTHLY RENT,10484.29,Cash,Rent
2024-09-17,PERSONAL TRANSFER,3446.92,Cash,Other
2024-09-17,UPI CASH WITHDRAWAL CHENNAI,5599.16,Cash,Other
2024-09-17,UPI APOLLO PHARMACY VIJAYAWADA,8595.47,Credit Card,Healthcare
2024-09-17,MEESHO ORDER TXN89176,13422.59,UPI,Shopping
2024-09-17,HOSTEL FEE RENT,12197.37,Cash,Rent
2024-09-17,UPI COURSERA COURSE BLR,9995.47,Wallet,Education
2024-09-17,INVESTMENT ACCOUNT,27124.63,Wallet,Investment
2024-09-17,JIO RECHARGE,4607.36,Net Banking,Bills
2024-09-17,RAPIDO RIDE REF123214,2661.28,UPI,Transport
2024-09-17,HOTSTAR SUBSCRIPTION,1878.12,Wallet,Entertainment
2024-09-17,PG RENT PAYMENT TXN65669,23047.97,Debit Card,Rent
2024-09-17,APOLLO PHARMACY REF808649,9451.27,Credit Card,Healthcare
2024-09-17,UPI ENTERTAINMENT EVENT VIJAYAWADA,3144.67,Credit Card,Entertainment
2024-09-18,VI MOBILE RECHARGE REF449518,959.33,UPI,Bills
2024-09-18,ONLINE COURSE PAYMENT REF500033,20965.64,UPI,Education
2024-09-18,PHARMACY UPI,8860.47,Net Banking,Healthcare
2024-09-18,MCDONALDS ORDER,481.7,Net Banking,Food
2024-09-18,FLIPKART ORDER TXN81768,8872.65,UPI,Shopping
2024-09-18,AJIO PURCHASE,2472.19,Net Banking,Shopping
2024-09-18,HOTSTAR SUBSCRIPTION,2233.07,Debit Card,Entertainment
2024-09-18,PERSONAL TRANSFER TXN99915,6813.17,Cash,Other
2024-09-18,FLIPKART ORDER TXN71666,14578.97,Cash,Shopping
2024-09-18,UPI AMAZON PURCHASE GUNTUR,9473.9,Credit Card,Shopping
2024-09-18,INDIAN OIL PETROL,2078.45,Wallet,Transport
2024-09-18,YOUTUBE PREMIUM,1117.7,Cash,Entertainment
2024-09-18,ELECTRONICS STORE,1207.96,Credit Card,Shopping
2024-09-19,UPI TRANSFER REF219403,7593.74,Cash,Other
2024-09-19,CLOTHING STORE TXN31937,14158.2,Wallet,Shopping
2024-09-19,UPI MOBILE POSTPAID BILL VIJAYAWADA,5213.12,Credit Card,Bills
2024-09-19,APOLLO PHARMACY,1662.54,Debit Card,Healthcare
2024-09-19,EXAM FEE TXN36018,17383.71,Cash,Education
2024-09-19,FIXED DEPOSIT,24205.86,Debit Card,Investment
2024-09-19,COLLEGE FEE REF209967,6071.56,Cash,Education
2024-09-19,DONATION PAYMENT TXN31950,6245.91,Debit Card,Other
2024-09-19,BOOK STORE,9984.73,Debit Card,Education
2024-09-19,ACT FIBERNET TXN47623,3911.65,Wallet,Bills
2024-09-19,UPI ELECTRONICS STORE VIJAYAWADA,1408.53,UPI,Shopping
2024-09-19,HOSPITAL PAYMENT REF198229,5558.97,Credit Card,Healthcare
2024-09-19,DIAGNOSTIC LAB REF261382,1833.74,Credit Card,Healthcare
2024-09-19,UPI HOUSE RENT VIJAYAWADA,5191.95,Wallet,Rent
2024-09-20,DONATION PAYMENT REF740561,7822.37,Cash,Other
2024-09-20,INOX MOVIES REF292864,3806.35,Wallet,Entertainment
2024-09-20,TRAINING PROGRAM,23302.93,Credit Card,Education
2024-09-20,UPI HP FUEL STATION VIJAYAWADA,167.61,UPI,Transport
2024-09-20,MEDPLUS PHARMACY,6123.33,Wallet,Healthcare
2024-09-20,INDIAN OIL PETROL,2594.78,Cash,Transport
2024-09-20,BANK CHARGE,7280.15,Net Banking,Other
2024-09-20,DONATION PAYMENT REF852895,5816.74,UPI,Other
2024-09-20,UPI ELECTRONICS STORE GUNTUR,3776.76,UPI,Shopping
2024-09-20,RAILWAY TICKET,1494.27,Credit Card,Transport
2024-09-20,APARTMENT RENT,20371.06,Cash,Rent
2024-09-21,ROOM RENT,7559.28,Wallet,Rent
2024-09-21,UPI FIXED DEPOSIT BLR,15936.34,Cash,Investment
2024-09-21,MOBILE POSTPAID BILL REF557082,911.01,Net Banking,Bills
2024-09-21,UPI VI MOBILE RECHARGE BLR,200.26,Wallet,Bills
2024-09-21,CERTIFICATION EXAM TXN71463,23896.14,Cash,Education
2024-09-21,UPI KFC RESTAURANT GUNTUR,288.75,Credit Card,Food
2024-09-21,MONTHLY RENT TXN46540,10246.57,Net Banking,Rent
2024-09-21,APARTMENT RENT REF834692,9913.63,Wallet,Rent
2024-09-21,MEDPLUS PHARMACY,7756.75,Debit Card,Healthcare
2024-09-21,DONATION PAYMENT TXN31432,8384.66,Wallet,Other
2024-09-21,MONTHLY RENT,11472.79,Net Banking,Rent
2024-09-21,MYNTRA SHOPPING REF707603,1231.49,Debit Card,Shopping
2024-09-21,MEESHO ORDER REF593649,2006.37,Wallet,Shopping
2024-09-21,AJIO PURCHASE REF176587,12342.12,UPI,Shopping
2024-09-21,ENTERTAINMENT EVENT,2645.34,Debit Card,Entertainment
2024-09-22,RESTAURANT PAYMENT REF934269,203.87,Credit Card,Food
2024-09-22,UPI BUS TICKET GUNTUR,426.38,Wallet,Transport
2024-09-22,UPI ONLINE COURSE PAYMENT BLR,911.1,Cash,Education
2024-09-22,FIXED DEPOSIT TXN86833,25991.98,Debit Card,Investment
2024-09-22,UBER TRIP TXN98974,259.34,UPI,Transport
2024-09-22,WATER BILL,5087.53,Debit Card,Bills
2024-09-22,VI MOBILE RECHARGE,2195.03,UPI,Bills
2024-09-22,INVESTMENT ACCOUNT,17973.15,UPI,Investment
2024-09-22,UPI SWIGGY ORDER GUNTUR,797.51,Debit Card,Food
2024-09-22,UPI BANK CHARGE HYD,2111.43,Net Banking,Other
2024-09-23,COURSERA COURSE,15711.66,Wallet,Education
2024-09-23,PG RENT PAYMENT REF899510,11510.11,Net Banking,Rent
2024-09-23,YOUTUBE PREMIUM,2017.6,Credit Card,Entertainment
2024-09-23,HOSTEL RENT,19381.05,Credit Card,Rent
2024-09-23,HP FUEL STATION TXN28009,1883.67,Debit Card,Transport
2024-09-23,UPI EYE HOSPITAL GUNTUR,9030.88,UPI,Healthcare
2024-09-23,FLIPKART ORDER TXN79523,6550.65,UPI,Shopping
2024-09-23,HOTSTAR SUBSCRIPTION,807.92,Net Banking,Entertainment
2024-09-23,RESTAURANT PAYMENT,800.58,Debit Card,Food
2024-09-23,HOSPITAL PAYMENT REF584795,6101.06,Debit Card,Healthcare
2024-09-23,NETFLIX SUBSCRIPTION REF429707,3957.31,UPI,Entertainment
2024-09-24,BUS TICKET,1996.69,Cash,Transport
2024-09-24,ROOM RENT REF899816,23051.34,Debit Card,Rent
2024-09-24,GAME PURCHASE TXN13617,548.95,Debit Card,Entertainment
2024-09-24,RAPIDO RIDE,2843.2,Wallet,Transport
2024-09-24,INDIAN OIL PETROL TXN15362,492.03,Net Banking,Transport
2024-09-24,CASH WITHDRAWAL,5585.85,Cash,Other
2024-09-24,NETFLIX SUBSCRIPTION,3109.79,Wallet,Entertainment
2024-09-24,ZOMATO FOOD ORDER,491.67,Net Banking,Food
2024-09-24,BUS TICKET REF932196,599.18,Credit Card,Transport
2024-09-24,AIRTEL RECHARGE REF496005,4062.24,Credit Card,Bills
2024-09-24,UPI GAME PURCHASE CHENNAI,2266.38,Net Banking,Entertainment
2024-09-24,GAME PURCHASE,2688.41,Wallet,Entertainment
2024-09-24,UPI BUS TICKET VIJAYAWADA,2286.31,Net Banking,Transport
2024-09-25,BROADBAND BILL REF280182,4921.16,Cash,Bills
2024-09-25,ZOMATO FOOD ORDER,478.31,Net Banking,Food
2024-09-25,ROOM RENT REF993506,5276.92,Wallet,Rent
2024-09-25,UDEMY COURSE TXN91666,11317.21,Cash,Education
2024-09-25,DMART PURCHASE TXN35830,6917.5,Wallet,Shopping
2024-09-25,HP FUEL STATION REF120602,2254.6,Cash,Transport
2024-09-25,ATM FEE,5359.62,Wallet,Other
2024-09-25,PG RENT PAYMENT REF929653,3053.83,Credit Card,Rent
2024-09-25,UPI UBER TRIP CHENNAI,720.24,Cash,Transport
2024-09-25,ELECTRICITY BILL REF164342,1655.81,Cash,Bills
2024-09-25,UBER TRIP,230.57,Debit Card,Transport
2024-09-25,HOSTEL FEE RENT REF208656,6211.64,Cash,Rent
2024-09-26,SHOPPING MALL REF274872,1899.75,Cash,Shopping
2024-09-26,RAILWAY TICKET,2812.67,Wallet,Transport
2024-09-26,SHOPPING MALL REF857168,13150.21,Cash,Shopping
2024-09-26,UPI FIXED DEPOSIT HYD,13099.93,Credit Card,Investment
2024-09-26,UPI AUTO RICKSHAW UPI CHENNAI,908.15,Cash,Transport
2024-09-26,EXAM FEE REF777192,12291.84,Net Banking,Education
2024-09-26,GIFT PURCHASE REF525323,7722.14,Debit Card,Other
2024-09-26,GIFT PURCHASE,68.86,Net Banking,Other
2024-09-26,FIXED DEPOSIT,8195.39,Wallet,Investment
2024-09-26,TATA PLAY RECHARGE,2302.57,Net Banking,Bills
2024-09-26,UPI ZOMATO FOOD ORDER HYD,969.68,Debit Card,Food
2024-09-26,BAKERY PURCHASE TXN20774,499.62,Debit Card,Food
2024-09-26,LIBRARY FEE TXN34455,11199.8,Net Banking,Education
2024-09-26,UPI AMAZON PURCHASE GUNTUR,14295.01,Cash,Shopping
2024-09-27,MUTUAL FUND INVESTMENT TXN24860,3307.14,Credit Card,Investment
2024-09-27,DIAGNOSTIC LAB REF776307,5263.02,Wallet,Healthcare
2024-09-27,ATM FEE,1340.23,Debit Card,Other
2024-09-27,HOUSE RENT REF846048,21096.01,Debit Card,Rent
2024-09-27,MEDPLUS PHARMACY,242.15,Debit Card,Healthcare
2024-09-27,HOSTEL FEE RENT TXN12729,6905.33,UPI,Rent
2024-09-27,NETFLIX SUBSCRIPTION,431.64,Net Banking,Entertainment
2024-09-27,MEESHO ORDER,8127.02,Cash,Shopping
2024-09-27,UPI SPOTIFY PREMIUM CHENNAI,951.13,Debit Card,Entertainment
2024-09-28,UPI CERTIFICATION EXAM CHENNAI,15702.09,Cash,Education
2024-09-28,EXAM FEE REF437753,10805.92,Credit Card,Education
2024-09-28,NETFLIX SUBSCRIPTION,3555.74,Net Banking,Entertainment
2024-09-28,UPI TRANSFER TXN95466,5783.46,Net Banking,Other
2024-09-28,HP FUEL STATION,1995.34,Wallet,Transport
2024-09-28,KFC RESTAURANT,494.75,UPI,Food
2024-09-28,UPI TRANSFER,3156.08,Cash,Other
2024-09-28,STATIONERY STORE,6190.73,Credit Card,Education
2024-09-28,PETROL PUMP,2923.89,Credit Card,Transport
2024-09-28,METRO TICKET TXN44752,2671.54,Credit Card,Transport
2024-09-28,GROCERY FOOD STORE,1445.0,UPI,Food
2024-09-28,AMAZON PRIME TXN16899,3991.01,Wallet,Entertainment
2024-09-28,HOSTEL RENT,7709.76,UPI,Rent
2024-09-28,PERSONAL TRANSFER,6256.91,Credit Card,Other
2024-09-28,BROADBAND BILL,1415.11,Credit Card,Bills
2024-09-28,SIP INVESTMENT TXN88110,15115.94,Net Banking,Investment
2024-09-28,BUS TICKET TXN86582,1615.1,Credit Card,Transport
2024-09-29,LIBRARY FEE REF694340,8844.39,Wallet,Education
2024-09-29,APARTMENT RENT REF608581,13557.62,Debit Card,Rent
2024-09-29,UPI GAME PURCHASE VIJAYAWADA,1220.82,UPI,Entertainment
2024-09-29,INVESTMENT ACCOUNT TXN17641,24797.47,Cash,Investment
2024-09-29,UPI FIXED DEPOSIT HYD,2475.73,Debit Card,Investment
2024-09-29,BROADBAND BILL,5925.06,Debit Card,Bills
2024-09-29,FLIPKART ORDER REF744040,12459.67,Net Banking,Shopping
2024-09-29,HEALTH CHECKUP,4262.88,UPI,Healthcare
2024-09-30,HOUSE RENT,24032.49,Wallet,Rent
2024-09-30,BROADBAND BILL,5644.21,Net Banking,Bills
2024-09-30,UPI RECURRING DEPOSIT CHENNAI,13836.27,UPI,Investment
2024-09-30,MUTUAL FUND INVESTMENT TXN41685,14260.94,Net Banking,Investment
2024-09-30,UPI PG RENT PAYMENT GUNTUR,10759.66,Cash,Rent
2024-09-30,UPI HOUSE RENT VIJAYAWADA,12334.51,Debit Card,Rent
2024-09-30,KFC RESTAURANT TXN60243,609.17,Debit Card,Food
2024-09-30,TRAINING PROGRAM,20760.61,Cash,Education
2024-09-30,STOCK INVESTMENT TXN48356,9035.33,Cash,Investment
2024-10-01,GIFT PURCHASE,8419.32,Wallet,Other
2024-10-01,DENTAL CLINIC REF503183,5610.28,Debit Card,Healthcare
2024-10-01,APARTMENT RENT TXN38879,9520.0,Cash,Rent
2024-10-01,UPI RESTAURANT PAYMENT BLR,1406.03,Wallet,Food
2024-10-01,INDIAN OIL PETROL REF548915,2932.74,UPI,Transport
2024-10-01,ZOMATO FOOD ORDER TXN24085,1009.86,Debit Card,Food
2024-10-01,CAFE COFFEE DAY,1072.0,Credit Card,Food
2024-10-01,UPI TATA PLAY RECHARGE GUNTUR,2442.25,Credit Card,Bills
2024-10-01,AIRTEL RECHARGE,1859.96,Debit Card,Bills
2024-10-01,BUS TICKET,2231.37,Net Banking,Transport
2024-10-01,GAS BILL PAYMENT,3459.43,Cash,Bills
2024-10-01,HOSTEL RENT,5446.4,Credit Card,Rent
2024-10-02,GAS BILL PAYMENT REF541435,2612.78,Cash,Bills
2024-10-02,KFC RESTAURANT TXN62618,702.62,Wallet,Food
2024-10-02,GOLD SAVINGS,25083.23,Debit Card,Investment
2024-10-02,UPI GIFT PURCHASE BLR,2665.35,Net Banking,Other
2024-10-02,ZOMATO FOOD ORDER TXN34167,1237.56,Net Banking,Food
2024-10-02,UPI RELIANCE TRENDS GUNTUR,5394.43,Net Banking,Shopping
2024-10-02,HOSTEL FEE RENT REF110141,14004.4,Credit Card,Rent
2024-10-03,CAFE COFFEE DAY REF442504,1466.82,Debit Card,Food
2024-10-03,TATA PLAY RECHARGE,2079.01,Credit Card,Bills
2024-10-03,AMAZON PURCHASE TXN38902,9598.79,UPI,Shopping
2024-10-03,PG RENT PAYMENT TXN72499,24197.18,Debit Card,Rent
2024-10-03,FLIPKART ORDER,11132.8,Net Banking,Shopping
2024-10-03,NETFLIX SUBSCRIPTION,1064.49,UPI,Entertainment
2024-10-03,CAFE COFFEE DAY TXN54536,1291.24,Net Banking,Food
2024-10-03,INDEX FUND SIP,25759.65,Cash,Investment
2024-10-03,APARTMENT RENT REF238701,22751.75,UPI,Rent
2024-10-03,UPI ROOM RENT BLR,14843.28,UPI,Rent
2024-10-04,UPI YOUTUBE PREMIUM VIJAYAWADA,657.19,Cash,Entertainment
2024-10-04,AJIO PURCHASE REF594680,14943.01,Wallet,Shopping
2024-10-04,ELECTRICITY BILL TXN31402,2603.27,Debit Card,Bills
2024-10-04,MEDPLUS PHARMACY,2229.41,Credit Card,Healthcare
2024-10-04,UPI ROOM RENT CHENNAI,13387.94,UPI,Rent
2024-10-04,SIP INVESTMENT REF980664,16558.74,Cash,Investment
2024-10-04,MUTUAL FUND INVESTMENT TXN93068,8145.31,Net Banking,Investment
2024-10-04,RESTAURANT PAYMENT,1719.23,Wallet,Food
2024-10-04,HEALTH CHECKUP TXN99340,3281.0,Credit Card,Healthcare
2024-10-04,MEDICAL STORE,6481.98,Net Banking,Healthcare
2024-10-05,ACCOMMODATION PAYMENT,23542.98,Credit Card,Rent
2024-10-05,APARTMENT RENT,24522.04,Wallet,Rent
2024-10-05,GAS BILL PAYMENT TXN96895,3465.15,Net Banking,Bills
2024-10-05,UPI APOLLO PHARMACY CHENNAI,8287.98,Cash,Healthcare
2024-10-05,YOUTUBE PREMIUM,666.44,UPI,Entertainment
2024-10-05,CASH WITHDRAWAL,9734.1,UPI,Other
2024-10-05,METRO TICKET,227.07,Wallet,Transport
2024-10-06,TATA PLAY RECHARGE,4200.02,Credit Card,Bills
2024-10-06,BANK CHARGE TXN52749,2273.98,Wallet,Other
2024-10-06,HOUSE RENT,15783.51,Debit Card,Rent
2024-10-06,UBER TRIP,2011.03,Debit Card,Transport
2024-10-06,UPI ZOMATO FOOD ORDER GUNTUR,888.6,Wallet,Food
2024-10-06,UPI GIFT PURCHASE BLR,6450.0,Credit Card,Other
2024-10-06,UBER TRIP TXN86890,678.7,Wallet,Transport
2024-10-06,INDIAN OIL PETROL,1573.91,Wallet,Transport
2024-10-06,CASH WITHDRAWAL,3156.1,Wallet,Other
2024-10-06,APOLLO PHARMACY,8423.72,Net Banking,Healthcare
2024-10-06,LIBRARY FEE REF340698,16713.8,UPI,Education
2024-10-06,UPI PETROL PUMP HYD,889.72,Cash,Transport
2024-10-06,YOUTUBE PREMIUM REF647164,1731.33,Debit Card,Entertainment
2024-10-06,ENTERTAINMENT EVENT,3346.68,Net Banking,Entertainment
2024-10-07,CASH WITHDRAWAL TXN35755,611.97,Credit Card,Other
2024-10-07,GROCERY FOOD STORE REF998803,69.62,UPI,Food
2024-10-07,HOSTEL FEE RENT REF829283,18493.82,Wallet,Rent
2024-10-07,ACCOMMODATION PAYMENT TXN47391,20129.31,Cash,Rent
2024-10-07,MONTHLY RENT,20364.98,UPI,Rent
2024-10-07,MEESHO ORDER REF842411,8058.61,UPI,Shopping
2024-10-07,INVESTMENT ACCOUNT,19520.96,Net Banking,Investment
2024-10-07,UPI HOSTEL FEE RENT HYD,7948.07,Wallet,Rent
2024-10-07,ZOMATO FOOD ORDER TXN50863,1462.25,UPI,Food
2024-10-08,APARTMENT RENT REF762651,12522.43,Net Banking,Rent
2024-10-08,STOCK INVESTMENT REF198825,3401.67,Wallet,Investment
2024-10-08,MEDICAL STORE,2565.32,Wallet,Healthcare
2024-10-08,EXAM FEE REF479025,18125.09,Cash,Education
2024-10-08,UPI JIO RECHARGE HYD,4767.37,Wallet,Bills
2024-10-08,BAKERY PURCHASE TXN92830,1668.8,Wallet,Food
2024-10-08,MYNTRA SHOPPING REF293815,1995.04,UPI,Shopping
2024-10-09,MONTHLY RENT,14049.04,Net Banking,Rent
2024-10-09,MCDONALDS ORDER TXN50862,255.15,UPI,Food
2024-10-09,UPI UDEMY COURSE BLR,23701.31,Credit Card,Education
2024-10-09,DIAGNOSTIC LAB REF827114,6313.39,UPI,Healthcare
2024-10-09,RESTAURANT PAYMENT REF802988,791.59,UPI,Food
2024-10-09,UPI DONATION PAYMENT HYD,1147.97,Wallet,Other
2024-10-09,ACT FIBERNET TXN11974,1087.43,Cash,Bills
2024-10-09,INOX MOVIES REF200923,1406.95,Cash,Entertainment
2024-10-09,AJIO PURCHASE,2221.89,Credit Card,Shopping
2024-10-09,PETROL PUMP,1491.82,Debit Card,Transport
2024-10-09,UPI GIFT PURCHASE HYD,5344.71,Debit Card,Other
2024-10-09,PETROL PUMP REF575214,2614.24,Debit Card,Transport
2024-10-09,CERTIFICATION EXAM,7177.24,UPI,Education
2024-10-10,HOTSTAR SUBSCRIPTION REF242345,2432.67,Cash,Entertainment
2024-10-10,EXAM FEE,10194.46,UPI,Education
2024-10-10,UPI MEDICAL STORE HYD,7949.02,Wallet,Healthcare
2024-10-10,DOCTOR CONSULTATION TXN78295,8132.59,Cash,Healthcare
2024-10-10,FLIPKART ORDER TXN21233,5728.16,UPI,Shopping
2024-10-10,RAPIDO RIDE,2758.74,Wallet,Transport
2024-10-10,UPI TRAINING PROGRAM CHENNAI,19710.13,Net Banking,Education
2024-10-10,UPI HP FUEL STATION HYD,330.66,Cash,Transport
2024-10-10,NETFLIX SUBSCRIPTION,3761.39,Cash,Entertainment
2024-10-11,UPI STOCK INVESTMENT VIJAYAWADA,25659.98,UPI,Investment
2024-10-11,UPI CLOTHING STORE GUNTUR,296.25,Net Banking,Shopping
2024-10-11,UPI DOMINOS PIZZA BLR,1106.86,Debit Card,Food
2024-10-11,ZOMATO FOOD ORDER REF944386,728.46,Credit Card,Food
2024-10-11,DMART PURCHASE,13737.53,Debit Card,Shopping
2024-10-11,METRO TICKET TXN66271,1885.95,Debit Card,Transport
2024-10-11,UPI TATA PLAY RECHARGE HYD,4266.33,Debit Card,Bills
2024-10-11,HOUSE RENT TXN22776,21873.59,Debit Card,Rent
2024-10-11,HOTSTAR SUBSCRIPTION TXN97704,888.98,UPI,Entertainment
2024-10-11,UPI EYE HOSPITAL GUNTUR,6702.77,UPI,Healthcare
2024-10-11,UDEMY COURSE,5584.01,Net Banking,Education
2024-10-11,COLLEGE FEE REF819446,16100.4,Credit Card,Education
2024-10-12,ELECTRONICS STORE,6923.97,Credit Card,Shopping
2024-10-12,ENTERTAINMENT EVENT,1673.76,UPI,Entertainment
2024-10-12,BOOK STORE,14017.16,Debit Card,Education
2024-10-12,ENTERTAINMENT EVENT REF411448,3859.21,Cash,Entertainment
2024-10-12,ACCOMMODATION PAYMENT REF176000,24274.34,Cash,Rent
2024-10-12,PERSONAL TRANSFER TXN91557,1969.87,Cash,Other
2024-10-12,MOVIE TICKET TXN49489,2766.48,Debit Card,Entertainment
2024-10-12,FLIPKART ORDER,1951.16,Cash,Shopping
2024-10-12,UPI COLLEGE FEE GUNTUR,22670.08,Credit Card,Education
2024-10-12,HOTSTAR SUBSCRIPTION REF488034,3287.56,Credit Card,Entertainment
2024-10-12,INDIAN OIL PETROL,471.96,Wallet,Transport
2024-10-12,MEDPLUS PHARMACY TXN46535,4924.02,Wallet,Healthcare
2024-10-12,UPI TRANSFER TXN48145,2641.1,Debit Card,Other
2024-10-12,DOMINOS PIZZA TXN63084,1755.11,Cash,Food
2024-10-12,GAS BILL PAYMENT,467.19,Wallet,Bills
2024-10-12,PETROL PUMP,2183.85,Wallet,Transport
2024-10-13,RECURRING DEPOSIT TXN55109,733.12,Cash,Investment
2024-10-13,AUTO RICKSHAW UPI REF210520,1212.1,Cash,Transport
2024-10-13,GAS BILL PAYMENT,153.82,Net Banking,Bills
2024-10-13,HP FUEL STATION TXN88142,2925.6,Credit Card,Transport
2024-10-13,UPI ACCOMMODATION PAYMENT HYD,8907.68,UPI,Rent
2024-10-13,DOCTOR CONSULTATION,1646.38,Net Banking,Healthcare
2024-10-13,UPI DMART PURCHASE HYD,9478.94,Debit Card,Shopping
2024-10-13,UPI UDEMY COURSE CHENNAI,4658.66,Credit Card,Education
2024-10-13,HOTSTAR SUBSCRIPTION TXN43123,848.08,Cash,Entertainment
2024-10-13,UPI RAILWAY TICKET HYD,2200.05,Debit Card,Transport
2024-10-13,HOUSE RENT REF805703,5746.16,Cash,Rent
2024-10-13,SWIGGY ORDER TXN38741,1328.33,Debit Card,Food
2024-10-13,DIAGNOSTIC LAB TXN87524,9597.98,Wallet,Healthcare
2024-10-14,UPI DOMINOS PIZZA BLR,1116.63,Net Banking,Food
2024-10-14,BUS TICKET REF208691,264.82,Wallet,Transport
2024-10-14,LIBRARY FEE,19959.36,UPI,Education
2024-10-14,AIRTEL RECHARGE,2169.81,Cash,Bills
2024-10-14,INVESTMENT ACCOUNT REF551839,6654.34,Debit Card,Investment
2024-10-14,UPI RAILWAY TICKET VIJAYAWADA,2179.99,UPI,Transport
2024-10-14,STOCK INVESTMENT,23074.47,Credit Card,Investment
2024-10-14,WATER BILL TXN92822,4147.32,Credit Card,Bills
2024-10-14,UPI SPOTIFY PREMIUM HYD,2156.57,Credit Card,Entertainment
2024-10-14,UPI ENTERTAINMENT EVENT CHENNAI,368.91,Net Banking,Entertainment
2024-10-15,APARTMENT RENT,12884.04,Net Banking,Rent
2024-10-15,TRAINING PROGRAM TXN60818,15981.37,Net Banking,Education
2024-10-15,ROOM RENT REF335428,5238.2,Credit Card,Rent
2024-10-15,MCDONALDS ORDER,1333.9,Cash,Food
2024-10-15,DONATION PAYMENT,3965.04,Net Banking,Other
2024-10-15,UPI ACT FIBERNET GUNTUR,1893.86,Debit Card,Bills
2024-10-15,UPI ACCOMMODATION PAYMENT VIJAYAWADA,19708.74,Cash,Rent
2024-10-15,UPI TRANSFER,4827.92,Net Banking,Other
2024-10-15,ELECTRONICS STORE TXN16953,10997.23,UPI,Shopping
2024-10-15,CASH WITHDRAWAL REF429786,6711.04,Wallet,Other
2024-10-15,LIBRARY FEE,18980.41,Wallet,Education
2024-10-15,FIXED DEPOSIT REF771736,6435.02,Credit Card,Investment
2024-10-15,HEALTH CHECKUP REF256900,7667.16,Debit Card,Healthcare
2024-10-15,UPI GOLD SAVINGS HYD,4540.01,Credit Card,Investment
2024-10-15,SWIGGY ORDER REF218616,419.13,Net Banking,Food
2024-10-16,PHARMACY UPI TXN16920,8693.29,Debit Card,Healthcare
2024-10-16,APARTMENT RENT TXN59380,23421.8,Credit Card,Rent
2024-10-16,UPI YOUTUBE PREMIUM GUNTUR,2940.74,Debit Card,Entertainment
2024-10-16,MEDICAL STORE,5977.77,Credit Card,Healthcare
2024-10-16,BAKERY PURCHASE REF211106,1127.92,Net Banking,Food
2024-10-16,UPI HP FUEL STATION HYD,449.2,Cash,Transport
2024-10-16,INVESTMENT ACCOUNT,19474.36,Credit Card,Investment
2024-10-16,ROOM RENT TXN64859,4191.94,Net Banking,Rent
2024-10-16,LIBRARY FEE TXN63952,18250.32,Cash,Education
2024-10-16,UPI RAILWAY TICKET CHENNAI,349.96,Cash,Transport
2024-10-16,AMAZON PRIME,2934.07,Wallet,Entertainment
2024-10-16,MEDPLUS PHARMACY REF245679,6366.67,Net Banking,Healthcare
2024-10-16,MUTUAL FUND INVESTMENT TXN12107,6181.41,Wallet,Investment
2024-10-16,UPI ACT FIBERNET BLR,1997.53,Net Banking,Bills
2024-10-17,GOLD SAVINGS REF772706,8031.45,Cash,Investment
2024-10-17,HOSTEL FEE RENT,6259.66,Net Banking,Rent
2024-10-17,DMART PURCHASE,7300.87,Wallet,Shopping
2024-10-17,BROADBAND BILL,2464.53,Wallet,Bills
2024-10-17,FLIPKART ORDER TXN22265,3135.63,Debit Card,Shopping
2024-10-17,PHARMACY UPI REF640610,8271.18,Wallet,Healthcare
2024-10-17,ENTERTAINMENT EVENT,2428.8,Cash,Entertainment
2024-10-18,CAFE COFFEE DAY TXN80503,696.54,UPI,Food
2024-10-18,RECURRING DEPOSIT,14573.4,Cash,Investment
2024-10-18,APOLLO PHARMACY,8046.8,UPI,Healthcare
2024-10-18,ZOMATO FOOD ORDER TXN91836,1309.25,Net Banking,Food
2024-10-18,UPI TRANSFER REF146275,832.54,Net Banking,Other
2024-10-18,MUTUAL FUND INVESTMENT,25609.4,UPI,Investment
2024-10-18,ATM FEE TXN46148,5804.28,Debit Card,Other
2024-10-18,UPI NETFLIX SUBSCRIPTION VIJAYAWADA,1385.29,UPI,Entertainment
2024-10-18,TATA PLAY RECHARGE TXN91765,4801.13,Credit Card,Bills
2024-10-18,BANK CHARGE,4386.97,Wallet,Other
2024-10-18,ACCOMMODATION PAYMENT,19904.35,Credit Card,Rent
2024-10-19,WATER BILL,557.15,Debit Card,Bills
2024-10-19,HOUSE RENT REF697525,22875.73,Debit Card,Rent
2024-10-19,MEESHO ORDER TXN76778,8112.11,Wallet,Shopping
2024-10-19,APARTMENT RENT REF889882,17231.81,Credit Card,Rent
2024-10-19,RAPIDO RIDE,1255.39,Net Banking,Transport
2024-10-19,DIAGNOSTIC LAB,1163.68,Credit Card,Healthcare
2024-10-19,GIFT PURCHASE TXN95205,2432.3,Cash,Other
2024-10-19,UPI APARTMENT RENT HYD,16579.15,Net Banking,Rent
2024-10-20,CAFE COFFEE DAY,71.52,Credit Card,Food
2024-10-20,PG RENT PAYMENT TXN70855,14208.5,Debit Card,Rent
2024-10-20,ACT FIBERNET,5111.76,Debit Card,Bills
2024-10-20,GOLD SAVINGS REF435299,14068.44,Wallet,Investment
2024-10-20,INDIAN OIL PETROL REF613998,611.21,Net Banking,Transport
2024-10-20,UPI RELIANCE TRENDS GUNTUR,9408.9,Credit Card,Shopping
2024-10-20,PERSONAL TRANSFER TXN45811,2295.52,Credit Card,Other
2024-10-21,PG RENT PAYMENT,12134.39,Debit Card,Rent
2024-10-21,JIO RECHARGE,3813.21,Cash,Bills
2024-10-21,ZOMATO FOOD ORDER,287.83,Net Banking,Food
2024-10-21,AJIO PURCHASE TXN68425,6660.48,UPI,Shopping
2024-10-21,UPI APARTMENT RENT CHENNAI,5429.16,Debit Card,Rent
2024-10-21,RECURRING DEPOSIT,25880.27,Wallet,Investment
2024-10-21,DONATION PAYMENT,1850.31,Net Banking,Other
2024-10-21,UDEMY COURSE TXN47328,4223.25,Credit Card,Education
2024-10-21,INDEX FUND SIP REF747614,21412.82,Debit Card,Investment
2024-10-22,DMART PURCHASE,10435.74,Wallet,Shopping
2024-10-22,BROADBAND BILL,4801.47,UPI,Bills
2024-10-22,ZOMATO FOOD ORDER,795.51,Debit Card,Food
2024-10-22,GAS BILL PAYMENT,975.47,Wallet,Bills
2024-10-22,BUS TICKET,1268.02,Wallet,Transport
2024-10-22,UPI MEESHO ORDER CHENNAI,5641.34,UPI,Shopping
2024-10-22,ROOM RENT TXN79816,13542.5,Net Banking,Rent
2024-10-22,MISCELLANEOUS PAYMENT,531.6,Credit Card,Other
2024-10-23,UPI BANK CHARGE VIJAYAWADA,8331.22,Cash,Other
2024-10-23,DOCTOR CONSULTATION REF994776,3208.73,Cash,Healthcare
2024-10-23,MYNTRA SHOPPING,5113.96,UPI,Shopping
2024-10-23,UPI WATER BILL VIJAYAWADA,4608.55,Credit Card,Bills
2024-10-23,ELECTRICITY BILL,805.88,UPI,Bills
2024-10-23,ACCOMMODATION PAYMENT TXN61326,16647.52,Debit Card,Rent
2024-10-23,GAS BILL PAYMENT REF334659,332.66,Cash,Bills
2024-10-23,ZOMATO FOOD ORDER REF202452,1205.93,Cash,Food
2024-10-23,STOCK INVESTMENT REF929995,27919.69,UPI,Investment
2024-10-24,DMART PURCHASE TXN25163,1608.8,Debit Card,Shopping
2024-10-24,UPI ACCOMMODATION PAYMENT BLR,8119.88,Debit Card,Rent
2024-10-24,FIXED DEPOSIT,14103.5,Wallet,Investment
2024-10-24,ENTERTAINMENT EVENT TXN30209,944.9,Debit Card,Entertainment
2024-10-24,UPI FIXED DEPOSIT VIJAYAWADA,18912.94,Wallet,Investment
2024-10-24,ATM FEE,8322.35,Wallet,Other
2024-10-24,INOX MOVIES,2257.36,Credit Card,Entertainment
2024-10-24,UPI LIBRARY FEE BLR,18357.35,Debit Card,Education
2024-10-25,UPI RAPIDO RIDE HYD,1614.69,UPI,Transport
2024-10-25,UPI MONTHLY RENT CHENNAI,24311.95,Wallet,Rent
2024-10-25,WATER BILL TXN33274,349.63,Debit Card,Bills
2024-10-25,GAS BILL PAYMENT,1265.18,UPI,Bills
2024-10-25,RAILWAY TICKET,147.48,Debit Card,Transport
2024-10-25,UPI OLA CAB GUNTUR,2845.78,Wallet,Transport
2024-10-25,AIRTEL RECHARGE,3914.73,Credit Card,Bills
2024-10-25,GAME PURCHASE TXN84104,3458.6,UPI,Entertainment
2024-10-25,UPI ROOM RENT CHENNAI,12070.63,Wallet,Rent
2024-10-26,RESTAURANT PAYMENT,614.57,Cash,Food
2024-10-26,STATIONERY STORE TXN77739,1798.7,Wallet,Education
2024-10-26,MUTUAL FUND INVESTMENT,19219.48,Net Banking,Investment
2024-10-26,UPI APARTMENT RENT VIJAYAWADA,6223.58,Net Banking,Rent
2024-10-26,UPI HP FUEL STATION GUNTUR,374.55,Wallet,Transport
2024-10-27,CERTIFICATION EXAM,3365.85,Wallet,Education
2024-10-27,UPI INDIAN OIL PETROL HYD,423.94,UPI,Transport
2024-10-27,VI MOBILE RECHARGE TXN25303,5808.9,Cash,Bills
2024-10-27,UPI ACCOMMODATION PAYMENT GUNTUR,24498.85,UPI,Rent
2024-10-27,HEALTH CHECKUP REF771830,3038.61,Net Banking,Healthcare
2024-10-27,BROADBAND BILL,5195.81,Cash,Bills
2024-10-27,ONLINE COURSE PAYMENT REF669113,6754.16,Credit Card,Education
2024-10-27,GAS BILL PAYMENT,4756.3,Net Banking,Bills
2024-10-27,AUTO RICKSHAW UPI TXN94012,1040.32,Net Banking,Transport
2024-10-27,MEDICAL STORE,1290.95,UPI,Healthcare
2024-10-27,BOOK STORE TXN80396,20571.9,UPI,Education
2024-10-27,INDIAN OIL PETROL TXN39471,2325.6,Cash,Transport
2024-10-27,GIFT PURCHASE TXN61587,6585.27,Credit Card,Other
2024-10-27,EXAM FEE,17111.27,Debit Card,Education
2024-10-28,UPI TRAINING PROGRAM CHENNAI,3637.52,Cash,Education
2024-10-28,CAFE COFFEE DAY,167.81,UPI,Food
2024-10-28,AJIO PURCHASE TXN69563,359.21,UPI,Shopping
2024-10-28,INOX MOVIES TXN65499,183.66,Cash,Entertainment
2024-10-28,WATER BILL REF476536,5418.71,Cash,Bills
2024-10-28,HOSPITAL PAYMENT,8993.52,Credit Card,Healthcare
2024-10-28,BANK CHARGE REF829445,1883.42,Net Banking,Other
2024-10-28,HOUSE RENT TXN73278,18662.32,UPI,Rent
2024-10-28,WATER BILL,5785.2,Net Banking,Bills
2024-10-28,DONATION PAYMENT REF247693,8648.02,Cash,Other
2024-10-28,DENTAL CLINIC TXN58717,2679.54,Net Banking,Healthcare
2024-10-28,UPI PVR CINEMAS CHENNAI,271.51,Wallet,Entertainment
2024-10-28,AMAZON PURCHASE,1597.68,UPI,Shopping
2024-10-28,NETFLIX SUBSCRIPTION TXN86574,2740.09,UPI,Entertainment
2024-10-29,EYE HOSPITAL REF230857,7844.68,Net Banking,Healthcare
2024-10-29,GAME PURCHASE REF784246,2548.18,Credit Card,Entertainment
2024-10-29,BOOK STORE TXN73948,9477.21,UPI,Education
2024-10-29,METRO TICKET REF576900,961.74,Debit Card,Transport
2024-10-29,STOCK INVESTMENT TXN13219,14741.75,Net Banking,Investment
2024-10-29,VI MOBILE RECHARGE,3840.14,Debit Card,Bills
2024-10-29,PHARMACY UPI REF342938,8885.27,Debit Card,Healthcare
2024-10-29,FIXED DEPOSIT,28828.34,UPI,Investment
2024-10-29,ZOMATO FOOD ORDER REF794018,1576.84,UPI,Food
2024-10-30,BANK CHARGE,8432.36,Credit Card,Other
2024-10-30,APARTMENT RENT TXN38558,4417.38,Credit Card,Rent
2024-10-30,BAKERY PURCHASE,456.73,Credit Card,Food
2024-10-30,CAFE COFFEE DAY,986.23,Net Banking,Food
2024-10-30,DOMINOS PIZZA,1609.27,Net Banking,Food
2024-10-30,UPI HP FUEL STATION CHENNAI,2966.34,Credit Card,Transport
2024-10-30,UPI AIRTEL RECHARGE HYD,4869.96,UPI,Bills
2024-10-30,PERSONAL TRANSFER,6286.5,Debit Card,Other
2024-10-30,UPI STATIONERY STORE HYD,6668.92,Wallet,Education
2024-10-30,UPI SIP INVESTMENT GUNTUR,9895.94,Credit Card,Investment
2024-10-30,NETFLIX SUBSCRIPTION TXN44208,895.74,UPI,Entertainment
2024-10-30,CERTIFICATION EXAM REF418411,8447.92,Cash,Education
2024-10-30,HOSTEL RENT REF540920,5858.77,Credit Card,Rent
2024-10-30,UPI GAS BILL PAYMENT VIJAYAWADA,2461.46,Debit Card,Bills
2024-10-31,DENTAL CLINIC,6826.26,Wallet,Healthcare
2024-10-31,HP FUEL STATION,1971.27,UPI,Transport
2024-10-31,HOSTEL FEE RENT,5059.65,Cash,Rent
2024-10-31,UPI AJIO PURCHASE HYD,9218.17,Net Banking,Shopping
2024-10-31,SIP INVESTMENT TXN61344,18377.04,Debit Card,Investment
2024-10-31,JIO RECHARGE,5420.29,Credit Card,Bills
2024-10-31,UPI AIRTEL RECHARGE VIJAYAWADA,2384.02,Wallet,Bills
2024-10-31,ZOMATO FOOD ORDER,1584.32,Credit Card,Food
2024-11-01,LIBRARY FEE TXN90577,10792.05,UPI,Education
2024-11-01,PHARMACY UPI,3572.25,UPI,Healthcare
2024-11-01,ELECTRICITY BILL,4440.64,Wallet,Bills
2024-11-01,RAPIDO RIDE REF387210,1233.05,Wallet,Transport
2024-11-01,UPI GIFT PURCHASE HYD,8247.25,Credit Card,Other
2024-11-01,GOLD SAVINGS,16287.75,Wallet,Investment
2024-11-01,TRAINING PROGRAM TXN10336,7142.69,Cash,Education
2024-11-02,MONTHLY RENT,12908.81,Cash,Rent
2024-11-02,RAILWAY TICKET,1166.24,Credit Card,Transport
2024-11-02,DONATION PAYMENT,7195.28,Net Banking,Other
2024-11-02,GIFT PURCHASE TXN22209,9651.73,Debit Card,Other
2024-11-02,INOX MOVIES,2309.2,UPI,Entertainment
2024-11-03,VI MOBILE RECHARGE REF559980,1087.62,Cash,Bills
2024-11-03,AMAZON PRIME,2450.05,Wallet,Entertainment
2024-11-03,MONTHLY RENT,11149.75,Net Banking,Rent
2024-11-03,ROOM RENT,14356.28,UPI,Rent
2024-11-03,UPI INDEX FUND SIP GUNTUR,8403.44,Net Banking,Investment
2024-11-03,UPI AIRTEL RECHARGE BLR,5914.18,Credit Card,Bills
2024-11-03,UPI TRANSFER,6967.11,UPI,Other
2024-11-03,CASH WITHDRAWAL REF536754,1236.64,Net Banking,Other
2024-11-03,CERTIFICATION EXAM TXN73249,16996.04,UPI,Education
2024-11-03,GAME PURCHASE TXN64568,1691.62,Net Banking,Entertainment
2024-11-03,AIRTEL RECHARGE TXN83927,517.23,UPI,Bills
2024-11-03,INVESTMENT ACCOUNT,28950.5,Wallet,Investment
2024-11-03,HOUSE RENT,6029.56,Credit Card,Rent
2024-11-03,UPI MUTUAL FUND INVESTMENT GUNTUR,12432.81,Debit Card,Investment
2024-11-03,UPI CERTIFICATION EXAM VIJAYAWADA,6480.47,UPI,Education
2024-11-03,SHOPPING MALL REF913107,3303.91,UPI,Shopping
2024-11-03,GOLD SAVINGS REF622491,9597.36,Net Banking,Investment
2024-11-03,ENTERTAINMENT EVENT REF271993,2097.11,Cash,Entertainment
2024-11-03,UPI WATER BILL BLR,1404.15,Credit Card,Bills
2024-11-04,ACT FIBERNET,1226.4,Net Banking,Bills
2024-11-04,TRAINING PROGRAM REF403915,19693.61,Cash,Education
2024-11-04,DONATION PAYMENT REF231003,8938.24,Net Banking,Other
2024-11-04,ELECTRICITY BILL TXN34199,4407.18,Credit Card,Bills
2024-11-04,CLOTHING STORE TXN54195,11769.71,Cash,Shopping
2024-11-04,RECURRING DEPOSIT,17185.95,Debit Card,Investment
2024-11-04,ELECTRONICS STORE,7247.44,UPI,Shopping
2024-11-04,HOTSTAR SUBSCRIPTION,3510.6,Cash,Entertainment
2024-11-04,SPOTIFY PREMIUM TXN20940,3012.61,Credit Card,Entertainment
2024-11-04,UPI UPI TRANSFER CHENNAI,7978.37,Wallet,Other
2024-11-04,DONATION PAYMENT,7481.03,Net Banking,Other
2024-11-04,ELECTRONICS STORE,4506.84,Net Banking,Shopping
2024-11-04,UPI BAKERY PURCHASE HYD,1600.34,Credit Card,Food
2024-11-04,INVESTMENT ACCOUNT REF913875,8999.0,UPI,Investment
2024-11-05,AMAZON PRIME,2944.31,Wallet,Entertainment
2024-11-05,SWIGGY ORDER TXN76131,1134.4,Net Banking,Food
2024-11-05,UPI SWIGGY ORDER HYD,536.73,Debit Card,Food
2024-11-05,MEESHO ORDER,4558.56,Debit Card,Shopping
2024-11-05,CASH WITHDRAWAL TXN26269,7991.88,Wallet,Other
2024-11-05,LIBRARY FEE,18612.74,Credit Card,Education
2024-11-05,DOCTOR CONSULTATION,7703.74,Cash,Healthcare
2024-11-05,UBER TRIP REF854215,990.2,Credit Card,Transport
2024-11-05,MYNTRA SHOPPING REF356307,251.39,Credit Card,Shopping
2024-11-05,BROADBAND BILL,4993.8,Debit Card,Bills
2024-11-06,SPOTIFY PREMIUM TXN52668,3953.01,UPI,Entertainment
2024-11-06,MISCELLANEOUS PAYMENT TXN73474,6724.91,Cash,Other
2024-11-06,DIAGNOSTIC LAB,2672.09,UPI,Healthcare
2024-11-06,UPI UBER TRIP GUNTUR,2759.23,Credit Card,Transport
2024-11-06,TATA PLAY RECHARGE,4813.2,Wallet,Bills
2024-11-06,INVESTMENT ACCOUNT,13147.87,Net Banking,Investment
2024-11-06,DOCTOR CONSULTATION REF992253,2195.45,Debit Card,Healthcare
2024-11-06,CAFE COFFEE DAY,1732.09,Net Banking,Food
2024-11-06,UBER TRIP,371.03,Wallet,Transport
2024-11-06,UPI CASH WITHDRAWAL CHENNAI,6028.31,Wallet,Other
2024-11-06,RAILWAY TICKET,62.73,UPI,Transport
2024-11-06,RAILWAY TICKET TXN12126,2989.19,Net Banking,Transport
2024-11-06,UPI MEDPLUS PHARMACY VIJAYAWADA,8057.09,Net Banking,Healthcare
2024-11-07,BANK CHARGE,4942.49,Cash,Other
2024-11-07,PERSONAL TRANSFER,5513.62,Credit Card,Other
2024-11-07,UPI BAKERY PURCHASE VIJAYAWADA,773.36,Net Banking,Food
2024-11-07,YOUTUBE PREMIUM,387.19,Wallet,Entertainment
2024-11-07,PVR CINEMAS TXN69454,1575.49,Net Banking,Entertainment
2024-11-07,HOTSTAR SUBSCRIPTION TXN74393,1517.33,UPI,Entertainment
2024-11-07,SWIGGY ORDER TXN77463,1484.56,Wallet,Food
2024-11-07,UPI STATIONERY STORE CHENNAI,6201.69,Wallet,Education
2024-11-07,INVESTMENT ACCOUNT,14839.48,Cash,Investment
2024-11-07,UPI VI MOBILE RECHARGE BLR,605.71,Debit Card,Bills
2024-11-07,UPI SWIGGY ORDER HYD,926.4,UPI,Food
2024-11-07,PERSONAL TRANSFER REF630601,6729.0,UPI,Other
2024-11-07,MISCELLANEOUS PAYMENT,5923.14,UPI,Other
2024-11-07,UPI DENTAL CLINIC HYD,3392.41,Wallet,Healthcare
2024-11-08,COURSERA COURSE,21856.38,Wallet,Education
2024-11-08,BAKERY PURCHASE TXN40030,1549.35,UPI,Food
2024-11-08,HEALTH CHECKUP TXN26789,5046.23,Cash,Healthcare
2024-11-08,UPI UPI TRANSFER GUNTUR,6103.02,Wallet,Other
2024-11-08,UPI GOLD SAVINGS VIJAYAWADA,17741.45,Debit Card,Investment
2024-11-08,WATER BILL TXN19567,4771.07,Cash,Bills
2024-11-08,FIXED DEPOSIT TXN93313,25808.68,Net Banking,Investment
2024-11-08,ONLINE COURSE PAYMENT TXN30749,14234.23,Net Banking,Education
2024-11-08,UPI TEA SHOP UPI VIJAYAWADA,1588.58,Credit Card,Food
2024-11-09,HOUSE RENT,10202.22,Wallet,Rent
2024-11-09,GAME PURCHASE,2688.29,Credit Card,Entertainment
2024-11-09,MOVIE TICKET,1055.85,Net Banking,Entertainment
2024-11-09,HOSTEL RENT,6401.51,Debit Card,Rent
2024-11-09,UPI CASH WITHDRAWAL HYD,8382.98,Credit Card,Other
2024-11-09,MISCELLANEOUS PAYMENT TXN54056,9268.24,Cash,Other
2024-11-09,GROCERY FOOD STORE,1267.59,Credit Card,Food
2024-11-09,HOUSE RENT TXN43225,14227.66,Cash,Rent
2024-11-09,UPI OLA CAB BLR,2193.13,Cash,Transport
2024-11-09,GROCERY FOOD STORE TXN91045,1654.86,Cash,Food
2024-11-09,UPI INDIAN OIL PETROL HYD,1352.16,Net Banking,Transport
2024-11-10,GIFT PURCHASE TXN30014,598.01,Wallet,Other
2024-11-10,AJIO PURCHASE TXN45635,12194.26,UPI,Shopping
2024-11-10,GAME PURCHASE TXN23033,1243.68,Credit Card,Entertainment
2024-11-10,ENTERTAINMENT EVENT,1298.18,Net Banking,Entertainment
2024-11-10,TEA SHOP UPI REF297215,1706.86,Cash,Food
2024-11-10,APOLLO PHARMACY TXN42493,7974.49,Net Banking,Healthcare
2024-11-10,PHARMACY UPI REF370874,4537.54,Credit Card,Healthcare
2024-11-10,UPI AJIO PURCHASE BLR,12739.34,Cash,Shopping
2024-11-11,MEESHO ORDER REF596574,12672.16,Net Banking,Shopping
2024-11-11,OLA CAB REF871345,759.18,Cash,Transport
2024-11-11,MCDONALDS ORDER REF576440,1291.52,UPI,Food
2024-11-11,GROCERY FOOD STORE,1419.4,Credit Card,Food
2024-11-11,MONTHLY RENT,22646.94,Cash,Rent
2024-11-11,HOUSE RENT REF221248,17988.39,Wallet,Rent
2024-11-11,INDEX FUND SIP REF779778,3867.45,Cash,Investment
2024-11-11,UPI INDEX FUND SIP CHENNAI,14969.95,Wallet,Investment
2024-11-11,ONLINE COURSE PAYMENT,24178.73,Credit Card,Education
2024-11-11,FIXED DEPOSIT REF180058,9685.22,Net Banking,Investment
2024-11-12,UPI APOLLO PHARMACY GUNTUR,7056.72,Credit Card,Healthcare
2024-11-12,CAFE COFFEE DAY TXN67662,298.82,Net Banking,Food
2024-11-12,CLOTHING STORE TXN74831,3999.35,UPI,Shopping
2024-11-12,UPI TRAINING PROGRAM BLR,24075.03,Debit Card,Education
2024-11-12,HOSTEL RENT REF249550,19858.98,Cash,Rent
2024-11-12,MONTHLY RENT,6726.65,Net Banking,Rent
2024-11-12,JIO RECHARGE TXN80142,1709.94,Debit Card,Bills
2024-11-12,AMAZON PURCHASE,1923.88,Cash,Shopping
2024-11-12,UPI DOCTOR CONSULTATION VIJAYAWADA,5972.12,Credit Card,Healthcare
2024-11-12,UPI GIFT PURCHASE HYD,6008.86,Cash,Other
2024-11-12,AMAZON PURCHASE,7964.76,Wallet,Shopping
2024-11-12,INOX MOVIES,1570.79,Wallet,Entertainment
2024-11-12,TATA PLAY RECHARGE,2133.7,Wallet,Bills
2024-11-12,UBER TRIP,1897.96,Wallet,Transport
2024-11-12,DOCTOR CONSULTATION REF387341,7626.43,Net Banking,Healthcare
2024-11-12,UBER TRIP,1249.84,Credit Card,Transport
2024-11-13,PHARMACY UPI REF235630,3791.05,Cash,Healthcare
2024-11-13,MOBILE POSTPAID BILL TXN38417,3115.49,UPI,Bills
2024-11-13,ROOM RENT,15652.01,Cash,Rent
2024-11-13,HP FUEL STATION REF909814,1516.3,Cash,Transport
2024-11-13,UPI CASH WITHDRAWAL CHENNAI,3703.51,Wallet,Other
2024-11-13,ONLINE COURSE PAYMENT TXN50393,13809.15,Net Banking,Education
2024-11-13,UPI BUS TICKET VIJAYAWADA,2615.23,Net Banking,Transport
2024-11-13,DMART PURCHASE REF216895,2927.87,Cash,Shopping
2024-11-13,MYNTRA SHOPPING REF999652,3805.05,Net Banking,Shopping
2024-11-13,HOUSE RENT TXN10755,3533.52,Debit Card,Rent
2024-11-13,FIXED DEPOSIT,16889.48,Net Banking,Investment
2024-11-13,UBER TRIP,1459.09,Cash,Transport
2024-11-14,CERTIFICATION EXAM,17914.03,Credit Card,Education
2024-11-14,PETROL PUMP,145.63,Wallet,Transport
2024-11-14,GAS BILL PAYMENT TXN46720,1654.1,Credit Card,Bills
2024-11-14,CERTIFICATION EXAM TXN50488,8561.48,Wallet,Education
2024-11-14,UPI MCDONALDS ORDER GUNTUR,662.61,Debit Card,Food
2024-11-14,ACT FIBERNET TXN67537,2248.14,Net Banking,Bills
2024-11-14,TEA SHOP UPI,996.85,Wallet,Food
2024-11-14,METRO TICKET REF662317,64.06,Cash,Transport
2024-11-14,SWIGGY ORDER,935.11,Credit Card,Food
2024-11-14,UPI MOVIE TICKET HYD,3298.57,Credit Card,Entertainment
2024-11-15,UPI UDEMY COURSE GUNTUR,3725.67,Wallet,Education
2024-11-15,TATA PLAY RECHARGE,4120.51,Credit Card,Bills
2024-11-15,YOUTUBE PREMIUM,160.91,Wallet,Entertainment
2024-11-15,TRAINING PROGRAM REF608240,10458.09,Cash,Education
2024-11-15,TEA SHOP UPI TXN85625,1664.59,UPI,Food
2024-11-15,HOSTEL RENT,20558.16,Cash,Rent
2024-11-15,UPI ACT FIBERNET BLR,1001.22,Cash,Bills
2024-11-15,RAPIDO RIDE TXN24168,1748.69,Cash,Transport
2024-11-15,UPI COLLEGE FEE VIJAYAWADA,5942.09,Cash,Education
2024-11-15,MISCELLANEOUS PAYMENT,5518.04,Cash,Other
2024-11-15,CAFE COFFEE DAY TXN66502,1674.22,UPI,Food
2024-11-15,UPI MUTUAL FUND INVESTMENT CHENNAI,17845.81,Wallet,Investment
2024-11-15,HOUSE RENT REF669605,18244.38,Debit Card,Rent
2024-11-16,DIAGNOSTIC LAB,1922.83,Wallet,Healthcare
2024-11-16,HEALTH CHECKUP TXN66742,6668.22,Debit Card,Healthcare
2024-11-16,MEDICAL STORE TXN87913,5183.83,Credit Card,Healthcare
2024-11-16,RAPIDO RIDE,1342.45,Cash,Transport
2024-11-16,MOBILE POSTPAID BILL,3132.17,Credit Card,Bills
2024-11-16,DENTAL CLINIC REF336081,7045.47,Wallet,Healthcare
2024-11-16,UPI INDEX FUND SIP BLR,14968.06,Cash,Investment
2024-11-16,UPI PETROL PUMP HYD,2985.12,Debit Card,Transport
2024-11-17,INDIAN OIL PETROL,2178.79,Debit Card,Transport
2024-11-17,INDIAN OIL PETROL,2579.21,Credit Card,Transport
2024-11-17,HOTSTAR SUBSCRIPTION,907.02,Credit Card,Entertainment
2024-11-17,UPI HOSTEL RENT CHENNAI,11255.6,Wallet,Rent
2024-11-17,ROOM RENT REF150822,22169.65,UPI,Rent
2024-11-17,UPI PVR CINEMAS VIJAYAWADA,1888.0,Wallet,Entertainment
2024-11-17,NETFLIX SUBSCRIPTION REF954508,970.58,Credit Card,Entertainment
2024-11-17,UPI RAILWAY TICKET BLR,1119.84,Wallet,Transport
2024-11-17,DONATION PAYMENT TXN36772,6713.77,Debit Card,Other
2024-11-18,CLOTHING STORE TXN19078,4979.17,Debit Card,Shopping
2024-11-18,SHOPPING MALL REF955933,9888.37,Debit Card,Shopping
2024-11-18,UPI ROOM RENT VIJAYAWADA,5241.99,Credit Card,Rent
2024-11-18,MCDONALDS ORDER,1144.58,UPI,Food
2024-11-18,PVR CINEMAS TXN99372,3571.48,Debit Card,Entertainment
2024-11-18,UPI HOTSTAR SUBSCRIPTION GUNTUR,1117.13,Net Banking,Entertainment
2024-11-19,SHOPPING MALL REF832162,7821.26,Wallet,Shopping
2024-11-19,AIRTEL RECHARGE TXN65058,3241.22,UPI,Bills
2024-11-19,EYE HOSPITAL TXN94432,6518.89,Credit Card,Healthcare
2024-11-19,PERSONAL TRANSFER,6022.66,Debit Card,Other
2024-11-19,BANK CHARGE,8224.6,Net Banking,Other
2024-11-19,BANK CHARGE TXN61945,4278.74,Net Banking,Other
2024-11-19,GOLD SAVINGS,26833.82,Wallet,Investment
2024-11-19,MCDONALDS ORDER TXN16893,195.08,Wallet,Food
2024-11-19,ELECTRONICS STORE,5530.95,Net Banking,Shopping
2024-11-19,WATER BILL TXN17246,1103.6,Cash,Bills
2024-11-19,HOSPITAL PAYMENT,7816.1,Credit Card,Healthcare
2024-11-19,APARTMENT RENT,5955.4,Cash,Rent
2024-11-19,MCDONALDS ORDER,810.89,Wallet,Food
2024-11-19,UPI MONTHLY RENT CHENNAI,24670.64,Cash,Rent
2024-11-19,SPOTIFY PREMIUM REF259000,2406.1,Wallet,Entertainment
2024-11-19,BUS TICKET,2432.62,Net Banking,Transport
2024-11-20,PERSONAL TRANSFER,6130.94,Debit Card,Other
2024-11-20,CERTIFICATION EXAM,12389.24,Cash,Education
2024-11-20,UPI TRANSFER TXN98079,8489.89,Wallet,Other
2024-11-20,UPI CAFE COFFEE DAY GUNTUR,886.84,Cash,Food
2024-11-20,UPI MYNTRA SHOPPING HYD,713.16,Cash,Shopping
2024-11-20,UPI OLA CAB GUNTUR,707.81,Wallet,Transport
2024-11-20,AUTO RICKSHAW UPI,712.85,Debit Card,Transport
2024-11-20,PETROL PUMP,1358.56,UPI,Transport
2024-11-20,UPI PERSONAL TRANSFER VIJAYAWADA,6831.09,Credit Card,Other
2024-11-20,UPI ENTERTAINMENT EVENT CHENNAI,2075.8,Wallet,Entertainment
2024-11-21,ZOMATO FOOD ORDER,953.56,Net Banking,Food
2024-11-21,COLLEGE FEE TXN75392,4750.7,Credit Card,Education
2024-11-21,MYNTRA SHOPPING REF716076,2238.71,UPI,Shopping
2024-11-21,ENTERTAINMENT EVENT TXN79026,150.42,UPI,Entertainment
2024-11-21,AUTO RICKSHAW UPI,607.52,Cash,Transport
2024-11-21,APARTMENT RENT,12554.65,Wallet,Rent
2024-11-21,UPI RELIANCE TRENDS BLR,13764.97,UPI,Shopping
2024-11-22,UPI MEDICAL STORE HYD,4038.3,Wallet,Healthcare
2024-11-22,UPI BOOK STORE GUNTUR,6988.57,Net Banking,Education
2024-11-22,PG RENT PAYMENT,15259.21,Wallet,Rent
2024-11-22,PG RENT PAYMENT,17218.1,Cash,Rent
2024-11-22,UPI MUTUAL FUND INVESTMENT BLR,10834.39,Credit Card,Investment
2024-11-22,OLA CAB,898.69,Debit Card,Transport
2024-11-22,SIP INVESTMENT,12777.79,Wallet,Investment
2024-11-22,DOCTOR CONSULTATION,8940.49,Wallet,Healthcare
2024-11-23,MUTUAL FUND INVESTMENT REF758697,16447.1,Credit Card,Investment
2024-11-23,UPI BAKERY PURCHASE BLR,936.32,Credit Card,Food
2024-11-23,MISCELLANEOUS PAYMENT,241.29,Debit Card,Other
2024-11-23,JIO RECHARGE,4802.41,UPI,Bills
2024-11-23,EXAM FEE REF653247,6560.5,Debit Card,Education
2024-11-23,ENTERTAINMENT EVENT,492.48,Cash,Entertainment
2024-11-23,HOSTEL RENT,19755.84,Debit Card,Rent
2024-11-23,APARTMENT RENT,22583.01,Cash,Rent
2024-11-23,FLIPKART ORDER REF702902,10044.48,Cash,Shopping
2024-11-23,UPI DIAGNOSTIC LAB VIJAYAWADA,332.28,Credit Card,Healthcare
2024-11-23,YOUTUBE PREMIUM,2222.5,Net Banking,Entertainment
2024-11-23,ELECTRONICS STORE,11910.37,Net Banking,Shopping
2024-11-23,HOTSTAR SUBSCRIPTION,2350.81,UPI,Entertainment
2024-11-23,UPI HOSTEL FEE RENT BLR,3155.31,UPI,Rent
2024-11-23,WATER BILL REF682977,2160.87,Cash,Bills
2024-11-24,KFC RESTAURANT,1035.04,Wallet,Food
2024-11-24,ACCOMMODATION PAYMENT TXN91625,13823.91,UPI,Rent
2024-11-24,CAFE COFFEE DAY TXN83863,761.84,Net Banking,Food
2024-11-24,UPI ROOM RENT GUNTUR,13561.75,Credit Card,Rent
2024-11-24,UPI DMART PURCHASE GUNTUR,7721.57,Wallet,Shopping
2024-11-25,MEESHO ORDER,3494.89,Credit Card,Shopping
2024-11-25,KFC RESTAURANT,627.66,Debit Card,Food
2024-11-25,FIXED DEPOSIT TXN92350,24037.9,Wallet,Investment
2024-11-25,PG RENT PAYMENT,14684.88,Debit Card,Rent
2024-11-25,UPI DIAGNOSTIC LAB VIJAYAWADA,8498.4,Wallet,Healthcare
2024-11-25,BOOK STORE,14229.98,Debit Card,Education
2024-11-26,UPI INDIAN OIL PETROL CHENNAI,1799.96,Credit Card,Transport
2024-11-26,MEESHO ORDER,10953.76,Debit Card,Shopping
2024-11-26,RELIANCE TRENDS TXN79734,12827.69,UPI,Shopping
2024-11-26,AIRTEL RECHARGE TXN23956,4203.45,Wallet,Bills
2024-11-26,BROADBAND BILL TXN26992,4175.74,Cash,Bills
2024-11-26,BUS TICKET TXN98694,835.19,Cash,Transport
2024-11-26,ACCOMMODATION PAYMENT,24449.33,Wallet,Rent
2024-11-26,TATA PLAY RECHARGE REF162744,5053.09,Debit Card,Bills
2024-11-26,GAME PURCHASE REF803776,1602.3,Cash,Entertainment
2024-11-26,INOX MOVIES,1797.6,Credit Card,Entertainment
2024-11-27,DONATION PAYMENT TXN13331,8915.77,Wallet,Other
2024-11-27,GAME PURCHASE REF759439,1793.05,Net Banking,Entertainment
2024-11-27,BOOK STORE REF369137,9337.36,Credit Card,Education
2024-11-27,UPI HOSTEL FEE RENT BLR,23486.85,Credit Card,Rent
2024-11-27,SIP INVESTMENT,632.43,UPI,Investment
2024-11-27,INOX MOVIES REF326874,667.59,Cash,Entertainment
2024-11-27,ATM FEE,6735.28,Debit Card,Other
2024-11-27,AIRTEL RECHARGE REF646513,5124.9,Cash,Bills
2024-11-27,PG RENT PAYMENT,4983.95,Wallet,Rent
2024-11-27,UPI AMAZON PRIME VIJAYAWADA,512.06,Debit Card,Entertainment
2024-11-27,ELECTRICITY BILL REF379190,4682.95,Wallet,Bills
2024-11-27,GAS BILL PAYMENT,674.19,Cash,Bills
2024-11-27,CERTIFICATION EXAM,2743.69,Credit Card,Education
2024-11-27,UPI AMAZON PURCHASE VIJAYAWADA,5267.93,UPI,Shopping
2024-11-27,CERTIFICATION EXAM,6904.19,Wallet,Education
2024-11-27,ONLINE COURSE PAYMENT REF394199,20637.93,Credit Card,Education
2024-11-28,BAKERY PURCHASE REF483398,1707.62,Cash,Food
2024-11-28,UPI MEDPLUS PHARMACY VIJAYAWADA,9051.95,Credit Card,Healthcare
2024-11-28,DOMINOS PIZZA,412.85,Wallet,Food
2024-11-28,MOVIE TICKET,955.72,UPI,Entertainment
2024-11-28,UPI ROOM RENT BLR,21720.2,Cash,Rent
2024-11-28,MEDPLUS PHARMACY,306.48,Debit Card,Healthcare
2024-11-28,PHARMACY UPI,5528.73,Net Banking,Healthcare
2024-11-28,AMAZON PRIME,3959.08,Debit Card,Entertainment
2024-11-28,HOTSTAR SUBSCRIPTION,3508.67,Wallet,Entertainment
2024-11-28,MISCELLANEOUS PAYMENT TXN13761,4968.35,Debit Card,Other
2024-11-28,UPI MONTHLY RENT GUNTUR,9856.02,Cash,Rent
2024-11-28,MUTUAL FUND INVESTMENT,8231.36,Debit Card,Investment
2024-11-28,MYNTRA SHOPPING,14038.18,Cash,Shopping
2024-11-28,UPI BOOK STORE GUNTUR,3647.43,Debit Card,Education
2024-11-28,RECURRING DEPOSIT,14615.05,Net Banking,Investment
2024-11-28,LIBRARY FEE,22011.37,Net Banking,Education
2024-11-29,UDEMY COURSE REF628896,19186.82,Net Banking,Education
2024-11-29,UPI TRANSFER TXN63166,6610.56,Net Banking,Other
2024-11-29,HP FUEL STATION,2909.01,Debit Card,Transport
2024-11-29,BUS TICKET,2240.29,Wallet,Transport
2024-11-29,GOLD SAVINGS,17234.09,Credit Card,Investment
2024-11-29,UPI STOCK INVESTMENT GUNTUR,14930.81,Wallet,Investment
2024-11-29,UPI SWIGGY ORDER CHENNAI,1066.76,Credit Card,Food
2024-11-29,UPI RESTAURANT PAYMENT BLR,338.07,UPI,Food
2024-11-29,MOVIE TICKET,587.55,UPI,Entertainment
2024-11-29,UPI EYE HOSPITAL VIJAYAWADA,3113.57,Cash,Healthcare
2024-11-30,ONLINE COURSE PAYMENT TXN87996,9822.83,UPI,Education
2024-11-30,MONTHLY RENT,8414.42,Wallet,Rent
2024-11-30,AMAZON PURCHASE,287.42,Net Banking,Shopping
2024-11-30,VI MOBILE RECHARGE,5714.78,Cash,Bills
2024-11-30,ATM FEE,3606.07,UPI,Other
2024-11-30,BOOK STORE REF575058,24365.02,UPI,Education
2024-11-30,UPI NETFLIX SUBSCRIPTION VIJAYAWADA,3303.67,UPI,Entertainment
2024-11-30,KFC RESTAURANT,545.53,Wallet,Food
2024-11-30,STOCK INVESTMENT TXN11145,17504.67,Debit Card,Investment
2024-11-30,CAFE COFFEE DAY,69.33,Net Banking,Food
2024-11-30,HOTSTAR SUBSCRIPTION,800.41,Wallet,Entertainment
2024-11-30,GAS BILL PAYMENT REF432221,2660.32,Cash,Bills
2024-11-30,UDEMY COURSE,21217.36,Cash,Education
2024-12-01,UPI EXAM FEE CHENNAI,15048.78,Cash,Education
2024-12-01,METRO TICKET,1854.38,Debit Card,Transport
2024-12-01,UPI YOUTUBE PREMIUM HYD,355.05,Net Banking,Entertainment
2024-12-01,RAILWAY TICKET,1505.1,Net Banking,Transport
2024-12-01,CLOTHING STORE TXN52101,1628.71,Wallet,Shopping
2024-12-01,FLIPKART ORDER,8731.11,Credit Card,Shopping
2024-12-01,TRAINING PROGRAM REF716628,8759.66,Net Banking,Education
2024-12-01,STOCK INVESTMENT TXN53189,19323.5,Debit Card,Investment
2024-12-01,MYNTRA SHOPPING TXN30342,6839.89,Wallet,Shopping
2024-12-01,COURSERA COURSE REF612711,13804.4,Credit Card,Education
2024-12-01,TRAINING PROGRAM TXN34792,6558.44,Net Banking,Education
2024-12-02,SHOPPING MALL REF764169,13604.81,Wallet,Shopping
2024-12-02,BAKERY PURCHASE TXN52084,1558.53,Credit Card,Food
2024-12-02,RAILWAY TICKET,1430.81,Net Banking,Transport
2024-12-02,HOSTEL RENT,3316.55,Cash,Rent
2024-12-02,BOOK STORE,23978.92,UPI,Education
2024-12-02,RESTAURANT PAYMENT,442.34,Debit Card,Food
2024-12-02,UPI STOCK INVESTMENT VIJAYAWADA,1908.45,Cash,Investment
2024-12-02,ATM FEE,6498.79,Wallet,Other
2024-12-02,SPOTIFY PREMIUM REF869390,1032.67,Cash,Entertainment
2024-12-02,EYE HOSPITAL TXN22482,3995.73,Wallet,Healthcare
2024-12-02,RECURRING DEPOSIT,26561.14,Debit Card,Investment
2024-12-02,DMART PURCHASE TXN17945,11539.79,Debit Card,Shopping
2024-12-03,MEDICAL STORE TXN82393,371.95,Wallet,Healthcare
2024-12-03,UPI JIO RECHARGE VIJAYAWADA,690.89,Credit Card,Bills
2024-12-03,INVESTMENT ACCOUNT TXN38577,15320.25,Wallet,Investment
2024-12-03,HOTSTAR SUBSCRIPTION TXN16105,3800.23,Credit Card,Entertainment
2024-12-03,UPI UPI TRANSFER BLR,215.93,UPI,Other
2024-12-03,HP FUEL STATION,2382.87,UPI,Transport
2024-12-03,UPI STOCK INVESTMENT CHENNAI,13439.86,Credit Card,Investment
2024-12-03,HOUSE RENT TXN53986,3714.69,Wallet,Rent
2024-12-03,PETROL PUMP TXN75790,2689.1,Credit Card,Transport
2024-12-03,MONTHLY RENT TXN99611,20320.42,Cash,Rent
2024-12-03,COLLEGE FEE,15697.41,Cash,Education
2024-12-03,UPI DENTAL CLINIC CHENNAI,7562.19,Credit Card,Healthcare
2024-12-03,APARTMENT RENT,17476.14,UPI,Rent
2024-12-03,AJIO PURCHASE,12269.76,Wallet,Shopping
2024-12-03,UPI TEA SHOP UPI GUNTUR,394.13,Credit Card,Food
2024-12-03,ACT FIBERNET REF362127,1261.57,Credit Card,Bills
2024-12-03,MUTUAL FUND INVESTMENT,12500.05,Wallet,Investment
2024-12-04,FLIPKART ORDER,4877.44,Credit Card,Shopping
2024-12-04,CAFE COFFEE DAY,497.11,UPI,Food
2024-12-04,BAKERY PURCHASE REF845217,548.79,Credit Card,Food
2024-12-04,YOUTUBE PREMIUM TXN32900,3811.34,Wallet,Entertainment
2024-12-04,HOTSTAR SUBSCRIPTION,3718.94,Wallet,Entertainment
2024-12-04,INVESTMENT ACCOUNT,16381.18,Credit Card,Investment
2024-12-04,MISCELLANEOUS PAYMENT,2519.6,Cash,Other
2024-12-04,GAME PURCHASE TXN65475,1273.95,Net Banking,Entertainment
2024-12-04,SPOTIFY PREMIUM REF743895,2830.39,Debit Card,Entertainment
2024-12-04,UPI HOTSTAR SUBSCRIPTION HYD,1717.4,Cash,Entertainment
2024-12-04,RAPIDO RIDE,2938.24,Credit Card,Transport
2024-12-04,TEA SHOP UPI,128.76,Credit Card,Food
2024-12-05,FIXED DEPOSIT REF843064,9510.78,Net Banking,Investment
2024-12-05,LIBRARY FEE,18219.45,Wallet,Education
2024-12-05,DIAGNOSTIC LAB,8631.48,Cash,Healthcare
2024-12-05,VI MOBILE RECHARGE,5354.57,Cash,Bills
2024-12-05,UPI MONTHLY RENT VIJAYAWADA,10247.33,Debit Card,Rent
2024-12-05,MOVIE TICKET TXN27603,2750.04,Net Banking,Entertainment
2024-12-05,CLOTHING STORE TXN64036,5399.94,Cash,Shopping
2024-12-05,RELIANCE TRENDS TXN63147,10835.43,Cash,Shopping
2024-12-05,UPI AMAZON PRIME HYD,1890.44,UPI,Entertainment
2024-12-05,MISCELLANEOUS PAYMENT,8349.21,UPI,Other
2024-12-05,SPOTIFY PREMIUM TXN31155,3651.46,Net Banking,Entertainment
2024-12-05,MEDPLUS PHARMACY TXN10348,5380.88,Net Banking,Healthcare
2024-12-05,ROOM RENT REF988432,21245.84,UPI,Rent
2024-12-05,MISCELLANEOUS PAYMENT REF515018,8901.26,Wallet,Other
2024-12-06,RAPIDO RIDE TXN10887,2848.01,Cash,Transport
2024-12-06,DENTAL CLINIC TXN15383,2449.54,UPI,Healthcare
2024-12-06,ONLINE COURSE PAYMENT,21082.72,Net Banking,Education
2024-12-06,ACCOMMODATION PAYMENT,23382.94,Wallet,Rent
2024-12-06,MEDPLUS PHARMACY REF684056,681.65,Debit Card,Healthcare
2024-12-06,DENTAL CLINIC REF212272,6258.19,Debit Card,Healthcare
2024-12-06,JIO RECHARGE,4437.6,Debit Card,Bills
2024-12-06,UPI GIFT PURCHASE BLR,4118.55,Cash,Other
2024-12-06,FLIPKART ORDER,14054.61,Cash,Shopping
2024-12-06,ENTERTAINMENT EVENT,1379.08,Credit Card,Entertainment
2024-12-06,HOSTEL RENT TXN43730,13738.79,Cash,Rent
2024-12-07,PERSONAL TRANSFER,7069.06,Debit Card,Other
2024-12-07,BANK CHARGE REF722924,388.44,Credit Card,Other
2024-12-07,MOBILE POSTPAID BILL,2542.84,Credit Card,Bills
2024-12-07,WATER BILL,2724.98,UPI,Bills
2024-12-07,SWIGGY ORDER REF618974,475.94,Cash,Food
2024-12-07,HOSPITAL PAYMENT REF843002,9056.35,UPI,Healthcare
2024-12-07,HP FUEL STATION,851.32,Debit Card,Transport
2024-12-07,MISCELLANEOUS PAYMENT TXN91020,6006.05,Debit Card,Other
2024-12-07,SPOTIFY PREMIUM REF819529,2172.09,Net Banking,Entertainment
2024-12-08,SWIGGY ORDER TXN65234,506.54,UPI,Food
2024-12-08,CASH WITHDRAWAL REF914817,5194.38,UPI,Other
2024-12-08,TATA PLAY RECHARGE REF548160,3659.81,Wallet,Bills
2024-12-08,BUS TICKET,854.3,Debit Card,Transport
2024-12-08,PERSONAL TRANSFER TXN93179,8921.85,Cash,Other
2024-12-08,UPI ENTERTAINMENT EVENT BLR,2504.37,Debit Card,Entertainment
2024-12-08,MYNTRA SHOPPING REF185666,9459.74,Debit Card,Shopping
2024-12-08,AMAZON PRIME,3514.41,Debit Card,Entertainment
2024-12-08,UPI GROCERY FOOD STORE VIJAYAWADA,800.1,Cash,Food
2024-12-08,UPI DENTAL CLINIC BLR,569.59,UPI,Healthcare
2024-12-08,AMAZON PURCHASE,2452.74,Debit Card,Shopping
2024-12-08,CERTIFICATION EXAM,14630.08,Net Banking,Education
2024-12-09,DOCTOR CONSULTATION REF145099,6126.1,Wallet,Healthcare
2024-12-09,FIXED DEPOSIT,6928.74,Cash,Investment
2024-12-09,YOUTUBE PREMIUM TXN66939,3540.03,Cash,Entertainment
2024-12-09,APOLLO PHARMACY,7383.81,Wallet,Healthcare
2024-12-09,UPI NETFLIX SUBSCRIPTION VIJAYAWADA,1515.08,Credit Card,Entertainment
2024-12-09,AMAZON PURCHASE TXN89556,11843.65,Net Banking,Shopping
2024-12-09,HOUSE RENT TXN56617,24890.85,Debit Card,Rent
2024-12-10,AJIO PURCHASE,5980.52,Wallet,Shopping
2024-12-10,MOBILE POSTPAID BILL TXN98713,211.15,Cash,Bills
2024-12-10,FIXED DEPOSIT TXN56293,10991.57,Credit Card,Investment
2024-12-10,UPI RAPIDO RIDE BLR,961.67,UPI,Transport
2024-12-10,DOMINOS PIZZA,882.12,Wallet,Food
2024-12-10,AMAZON PURCHASE,2821.51,Debit Card,Shopping
2024-12-10,ATM FEE TXN63120,3766.34,Debit Card,Other
2024-12-10,ACT FIBERNET TXN14742,5274.81,UPI,Bills
2024-12-10,AUTO RICKSHAW UPI,1982.39,Net Banking,Transport
2024-12-11,MEDICAL STORE,9961.92,UPI,Healthcare
2024-12-11,TATA PLAY RECHARGE REF337486,5419.02,Cash,Bills
2024-12-11,ACCOMMODATION PAYMENT,13197.38,Credit Card,Rent
2024-12-11,UPI RESTAURANT PAYMENT BLR,1787.58,Debit Card,Food
2024-12-11,RESTAURANT PAYMENT,312.32,Debit Card,Food
2024-12-11,PETROL PUMP,846.81,Net Banking,Transport
2024-12-11,GIFT PURCHASE,4758.66,Cash,Other
2024-12-11,UPI RAPIDO RIDE BLR,1222.62,Wallet,Transport
2024-12-11,RECURRING DEPOSIT,12639.91,Net Banking,Investment
2024-12-11,MISCELLANEOUS PAYMENT,6631.7,Cash,Other
2024-12-11,RELIANCE TRENDS REF930550,11667.6,UPI,Shopping
2024-12-11,GROCERY FOOD STORE,705.42,Wallet,Food
2024-12-11,VI MOBILE RECHARGE REF134670,691.37,Credit Card,Bills
2024-12-12,CAFE COFFEE DAY REF949489,1326.14,UPI,Food
2024-12-12,SWIGGY ORDER REF668716,1338.23,Wallet,Food
2024-12-12,ACCOMMODATION PAYMENT REF359947,7943.34,UPI,Rent
2024-12-12,GIFT PURCHASE REF606805,6873.41,Debit Card,Other
2024-12-12,UPI AMAZON PRIME VIJAYAWADA,550.71,UPI,Entertainment
2024-12-12,DOMINOS PIZZA,903.42,Wallet,Food
2024-12-12,UDEMY COURSE REF838849,16661.03,Wallet,Education
2024-12-12,EXAM FEE TXN60779,10278.36,Wallet,Education
2024-12-12,UPI UBER TRIP BLR,1957.18,Cash,Transport
2024-12-12,HOSTEL RENT TXN60485,17237.84,Debit Card,Rent
2024-12-13,UPI TRANSFER,3326.42,Debit Card,Other
2024-12-13,UPI INDEX FUND SIP CHENNAI,19053.21,Cash,Investment
2024-12-13,UPI CERTIFICATION EXAM BLR,6986.72,Cash,Education
2024-12-13,APOLLO PHARMACY TXN73636,7309.05,Wallet,Healthcare
2024-12-13,GOLD SAVINGS,23667.88,Credit Card,Investment
2024-12-13,ATM FEE TXN42623,9323.08,Debit Card,Other
2024-12-13,MEDPLUS PHARMACY TXN89169,7829.45,Debit Card,Healthcare
2024-12-13,UPI HOSTEL RENT GUNTUR,4909.13,Wallet,Rent
2024-12-13,UPI TRANSFER REF418807,471.69,Net Banking,Other
2024-12-13,ROOM RENT,22871.5,UPI,Rent
2024-12-13,BAKERY PURCHASE,651.7,UPI,Food
2024-12-13,HOTSTAR SUBSCRIPTION,2250.18,Wallet,Entertainment
2024-12-14,DENTAL CLINIC REF596376,3345.16,UPI,Healthcare
2024-12-14,INOX MOVIES TXN11616,647.01,Cash,Entertainment
2024-12-14,ZOMATO FOOD ORDER REF866599,1585.08,Wallet,Food
2024-12-14,HEALTH CHECKUP,7820.74,Debit Card,Healthcare
2024-12-14,UPI ONLINE COURSE PAYMENT HYD,11892.06,UPI,Education
2024-12-14,UPI GAS BILL PAYMENT CHENNAI,2364.52,Debit Card,Bills
2024-12-14,EYE HOSPITAL,1826.13,Wallet,Healthcare
2024-12-14,FIXED DEPOSIT,8105.75,Credit Card,Investment
2024-12-14,HOSTEL FEE RENT,13217.73,Cash,Rent
2024-12-14,MCDONALDS ORDER,532.08,UPI,Food
2024-12-14,EXAM FEE REF318464,238.69,Net Banking,Education
2024-12-14,UPI EXAM FEE GUNTUR,17182.01,Debit Card,Education
2024-12-14,WATER BILL REF878123,1936.91,UPI,Bills
2024-12-14,PVR CINEMAS,3049.19,Cash,Entertainment
2024-12-14,PETROL PUMP,2283.64,Cash,Transport
2024-12-15,TATA PLAY RECHARGE,5377.21,Debit Card,Bills
2024-12-15,UPI MEESHO ORDER VIJAYAWADA,5169.02,Wallet,Shopping
2024-12-15,AMAZON PURCHASE,6222.74,Wallet,Shopping
2024-12-15,METRO TICKET,1262.44,Net Banking,Transport
2024-12-15,UDEMY COURSE,6397.53,Wallet,Education
2024-12-15,AMAZON PRIME,1453.48,Net Banking,Entertainment
2024-12-15,HOSTEL FEE RENT TXN84727,4574.72,Debit Card,Rent
2024-12-15,UPI STOCK INVESTMENT GUNTUR,15906.13,Wallet,Investment
2024-12-15,CAFE COFFEE DAY,784.52,UPI,Food
2024-12-16,UPI ATM FEE HYD,7360.88,Net Banking,Other
2024-12-16,UPI SIP INVESTMENT HYD,20510.15,Net Banking,Investment
2024-12-16,SHOPPING MALL,7894.5,Debit Card,Shopping
2024-12-16,MISCELLANEOUS PAYMENT,5693.75,Cash,Other
2024-12-16,UPI MEESHO ORDER CHENNAI,4595.84,UPI,Shopping
2024-12-16,UPI INDEX FUND SIP HYD,26475.22,Wallet,Investment
2024-12-17,DOCTOR CONSULTATION REF707667,5248.77,Cash,Healthcare
2024-12-17,INDIAN OIL PETROL TXN54323,271.04,UPI,Transport
2024-12-17,MISCELLANEOUS PAYMENT,4128.1,Debit Card,Other
2024-12-17,UPI TATA PLAY RECHARGE CHENNAI,511.1,Wallet,Bills
2024-12-17,UPI TATA PLAY RECHARGE BLR,5185.89,UPI,Bills
2024-12-17,MONTHLY RENT,5869.47,Debit Card,Rent
2024-12-17,APARTMENT RENT TXN74833,10493.79,Cash,Rent
2024-12-17,UPI ACCOMMODATION PAYMENT CHENNAI,12595.63,Credit Card,Rent
2024-12-17,UPI DIAGNOSTIC LAB BLR,3987.68,UPI,Healthcare
2024-12-17,ACCOMMODATION PAYMENT,6766.43,Debit Card,Rent
2024-12-18,YOUTUBE PREMIUM,3609.92,Wallet,Entertainment
2024-12-18,GAME PURCHASE,281.89,Wallet,Entertainment
2024-12-18,HOSPITAL PAYMENT REF164612,721.55,Wallet,Healthcare
2024-12-18,ACCOMMODATION PAYMENT,18634.96,Credit Card,Rent
2024-12-18,AJIO PURCHASE REF399530,11929.44,Wallet,Shopping
2024-12-18,JIO RECHARGE,647.1,Net Banking,Bills
2024-12-18,UPI PHARMACY UPI VIJAYAWADA,5718.77,UPI,Healthcare
2024-12-18,FIXED DEPOSIT REF504253,7049.38,Net Banking,Investment
2024-12-18,STATIONERY STORE,19557.73,Cash,Education
2024-12-18,TATA PLAY RECHARGE REF319275,4138.73,Wallet,Bills
2024-12-19,HEALTH CHECKUP,7501.63,Wallet,Healthcare
2024-12-19,AJIO PURCHASE,5496.68,Wallet,Shopping
2024-12-19,DOCTOR CONSULTATION,2584.4,Wallet,Healthcare
2024-12-19,HP FUEL STATION REF377745,1581.49,UPI,Transport
2024-12-19,MEDICAL STORE,8819.44,Debit Card,Healthcare
2024-12-19,UPI HEALTH CHECKUP HYD,4473.12,Cash,Healthcare
2024-12-19,GIFT PURCHASE REF213668,5985.88,Wallet,Other
2024-12-19,TRAINING PROGRAM,9099.07,UPI,Education
2024-12-19,DONATION PAYMENT,9186.36,Debit Card,Other
2024-12-19,MEDPLUS PHARMACY TXN63438,8370.61,Credit Card,Healthcare
2024-12-19,UPI PERSONAL TRANSFER CHENNAI,5408.88,Credit Card,Other
2024-12-20,INDIAN OIL PETROL TXN79434,2657.32,Cash,Transport
2024-12-20,GOLD SAVINGS,542.94,Cash,Investment
2024-12-20,AMAZON PURCHASE TXN71089,11584.1,Wallet,Shopping
2024-12-20,ACCOMMODATION PAYMENT REF563544,17156.33,Cash,Rent
2024-12-20,UPI HOSTEL RENT CHENNAI,9987.86,Net Banking,Rent
2024-12-20,UPI HOSPITAL PAYMENT BLR,5765.13,Credit Card,Healthcare
2024-12-20,TRAINING PROGRAM,5465.0,Cash,Education
2024-12-20,DOMINOS PIZZA TXN79370,1511.07,Net Banking,Food
2024-12-20,BUS TICKET TXN67732,1259.37,Debit Card,Transport
2024-12-20,NETFLIX SUBSCRIPTION,2648.16,Debit Card,Entertainment
2024-12-20,UPI RECURRING DEPOSIT BLR,20379.11,Net Banking,Investment
2024-12-20,METRO TICKET TXN88068,246.73,Debit Card,Transport
2024-12-20,LIBRARY FEE,12509.39,UPI,Education
2024-12-20,HOSTEL FEE RENT,23466.18,Credit Card,Rent
2024-12-20,UPI GROCERY FOOD STORE HYD,1641.7,Credit Card,Food
2024-12-20,INOX MOVIES,505.98,Credit Card,Entertainment
2024-12-21,BOOK STORE TXN88245,18958.85,Debit Card,Education
2024-12-21,SPOTIFY PREMIUM REF435577,3883.53,Wallet,Entertainment
2024-12-21,HOTSTAR SUBSCRIPTION REF951281,2195.41,Cash,Entertainment
2024-12-21,TRAINING PROGRAM REF885534,4610.01,Credit Card,Education
2024-12-21,METRO TICKET,2818.72,Net Banking,Transport
2024-12-21,UPI EYE HOSPITAL VIJAYAWADA,7878.7,Wallet,Healthcare
2024-12-21,CASH WITHDRAWAL,9711.56,Wallet,Other
2024-12-21,HP FUEL STATION REF153651,2674.9,Net Banking,Transport
2024-12-21,UPI ONLINE COURSE PAYMENT GUNTUR,220.29,UPI,Education
2024-12-22,AUTO RICKSHAW UPI TXN83284,2747.58,Credit Card,Transport
2024-12-22,TRAINING PROGRAM TXN87746,5826.75,Cash,Education
2024-12-22,MUTUAL FUND INVESTMENT,18059.67,Wallet,Investment
2024-12-22,STATIONERY STORE TXN93245,17778.47,Cash,Education
2024-12-22,UPI INDEX FUND SIP BLR,6005.49,Credit Card,Investment
2024-12-22,INVESTMENT ACCOUNT TXN65369,20498.01,Net Banking,Investment
2024-12-23,UPI RAPIDO RIDE CHENNAI,1574.14,Cash,Transport
2024-12-23,AIRTEL RECHARGE REF692583,2667.07,Cash,Bills
2024-12-23,FIXED DEPOSIT,8323.41,UPI,Investment
2024-12-23,SHOPPING MALL REF824362,10455.45,Debit Card,Shopping
2024-12-23,UPI CLOTHING STORE CHENNAI,5396.89,Cash,Shopping
2024-12-23,ELECTRICITY BILL REF935458,1166.03,UPI,Bills
2024-12-24,ELECTRONICS STORE REF547248,10811.6,Credit Card,Shopping
2024-12-24,FLIPKART ORDER,14859.63,UPI,Shopping
2024-12-24,DMART PURCHASE,3233.99,UPI,Shopping
2024-12-24,UPI GAS BILL PAYMENT BLR,4317.98,Credit Card,Bills
2024-12-24,PVR CINEMAS TXN17977,708.62,Cash,Entertainment
2024-12-24,MEDPLUS PHARMACY TXN71952,8875.09,Cash,Healthcare
2024-12-24,INDEX FUND SIP,6040.26,UPI,Investment
2024-12-24,UPI BANK CHARGE VIJAYAWADA,7779.8,UPI,Other
2024-12-25,KFC RESTAURANT TXN77835,1522.49,Net Banking,Food
2024-12-25,PERSONAL TRANSFER TXN51930,7556.27,UPI,Other
2024-12-25,FIXED DEPOSIT TXN80187,24387.0,Debit Card,Investment
2024-12-25,PETROL PUMP,2853.14,Net Banking,Transport
2024-12-25,LIBRARY FEE TXN11597,7187.79,Credit Card,Education
2024-12-25,MOBILE POSTPAID BILL,4222.64,Cash,Bills
2024-12-25,UPI BUS TICKET CHENNAI,1853.76,Cash,Transport
2024-12-25,BUS TICKET,1872.09,Wallet,Transport
2024-12-25,SWIGGY ORDER,1721.97,Wallet,Food
2024-12-25,TRAINING PROGRAM TXN39962,6686.03,Net Banking,Education
2024-12-25,MCDONALDS ORDER REF382324,686.26,Wallet,Food
2024-12-26,HOUSE RENT,8973.36,Net Banking,Rent
2024-12-26,DONATION PAYMENT TXN46764,5682.09,UPI,Other
2024-12-26,MEDICAL STORE,8734.83,Net Banking,Healthcare
2024-12-26,MYNTRA SHOPPING,8296.05,Debit Card,Shopping
2024-12-26,GROCERY FOOD STORE,884.71,Credit Card,Food
2024-12-26,CLOTHING STORE,6700.88,Credit Card,Shopping
2024-12-26,UPI ATM FEE CHENNAI,2819.43,Debit Card,Other
2024-12-26,UBER TRIP TXN53553,164.85,Cash,Transport
2024-12-26,INDEX FUND SIP REF988326,14644.03,Credit Card,Investment
2024-12-26,RAILWAY TICKET REF764704,843.83,Wallet,Transport
2024-12-26,UPI MISCELLANEOUS PAYMENT VIJAYAWADA,8955.89,UPI,Other
2024-12-26,UPI BROADBAND BILL GUNTUR,5801.53,Wallet,Bills
2024-12-26,INOX MOVIES TXN89231,2520.43,Cash,Entertainment
2024-12-26,UPI AMAZON PRIME GUNTUR,2074.21,Net Banking,Entertainment
2024-12-26,TATA PLAY RECHARGE,2235.1,Cash,Bills
2024-12-26,UPI EYE HOSPITAL VIJAYAWADA,4635.2,Net Banking,Healthcare
2024-12-27,COLLEGE FEE,6610.94,UPI,Education
2024-12-27,UPI EYE HOSPITAL VIJAYAWADA,2147.14,Debit Card,Healthcare
2024-12-27,SIP INVESTMENT,20331.25,Net Banking,Investment
2024-12-27,EYE HOSPITAL,564.0,Debit Card,Healthcare
2024-12-27,UDEMY COURSE,20450.78,Net Banking,Education
2024-12-27,SIP INVESTMENT REF811976,4177.42,Cash,Investment
2024-12-27,SPOTIFY PREMIUM REF448670,1880.82,Net Banking,Entertainment
2024-12-28,RELIANCE TRENDS,7150.09,UPI,Shopping
2024-12-28,GROCERY FOOD STORE,624.97,UPI,Food
2024-12-28,UPI BANK CHARGE VIJAYAWADA,7355.81,Net Banking,Other
2024-12-28,HOSTEL FEE RENT REF930519,18752.14,UPI,Rent
2024-12-28,ROOM RENT TXN43198,20816.18,Wallet,Rent
2024-12-28,MISCELLANEOUS PAYMENT REF453709,5253.96,Debit Card,Other
2024-12-28,HOTSTAR SUBSCRIPTION REF384289,331.31,Debit Card,Entertainment
2024-12-28,STATIONERY STORE REF188081,10682.17,Net Banking,Education
2024-12-28,UPI MOVIE TICKET BLR,2881.3,UPI,Entertainment
2024-12-28,DENTAL CLINIC TXN64690,9689.32,Net Banking,Healthcare
2024-12-29,PERSONAL TRANSFER REF380110,479.19,Debit Card,Other
2024-12-29,UPI MISCELLANEOUS PAYMENT BLR,806.55,Cash,Other
2024-12-29,CASH WITHDRAWAL TXN38686,369.76,Debit Card,Other
2024-12-29,FIXED DEPOSIT,21438.64,Cash,Investment
2024-12-29,AMAZON PURCHASE,6376.63,UPI,Shopping
2024-12-29,STOCK INVESTMENT TXN95778,3134.34,Debit Card,Investment
2024-12-29,OLA CAB TXN40182,2584.38,UPI,Transport
2024-12-29,UPI OLA CAB BLR,510.14,Wallet,Transport
2024-12-29,UPI HOTSTAR SUBSCRIPTION HYD,1087.42,UPI,Entertainment
2024-12-30,JIO RECHARGE,4469.16,Wallet,Bills
2024-12-30,MCDONALDS ORDER,908.56,Cash,Food
2024-12-30,UPI BUS TICKET VIJAYAWADA,2944.24,Cash,Transport
2024-12-30,UPI ELECTRICITY BILL VIJAYAWADA,5034.37,Debit Card,Bills
2024-12-30,MEESHO ORDER,4284.53,UPI,Shopping
2024-12-30,UPI CERTIFICATION EXAM CHENNAI,11477.26,Net Banking,Education
2024-12-30,GROCERY FOOD STORE TXN21667,501.5,Wallet,Food
2024-12-30,UPI RAPIDO RIDE GUNTUR,2695.56,UPI,Transport
2024-12-30,INDEX FUND SIP,22107.57,Net Banking,Investment
2024-12-30,LIBRARY FEE,15309.15,Credit Card,Education
2024-12-31,MCDONALDS ORDER TXN37913,644.4,Wallet,Food
2024-12-31,AJIO PURCHASE REF953615,4037.89,Wallet,Shopping
2024-12-31,HOSTEL FEE RENT REF558826,5800.02,Net Banking,Rent
2024-12-31,LIBRARY FEE REF548945,8694.06,Net Banking,Education
2024-12-31,RESTAURANT PAYMENT,1243.92,UPI,Food
2024-12-31,HOSPITAL PAYMENT REF865127,8121.37,Debit Card,Healthcare
2024-12-31,PVR CINEMAS,1571.53,Credit Card,Entertainment
2024-12-31,HOUSE RENT,21773.31,UPI,Rent
2024-12-31,APOLLO PHARMACY REF310144,7129.25,Net Banking,Healthcare
2025-01-01,UPI INVESTMENT ACCOUNT BLR,18147.91,Credit Card,Investment
2025-01-01,PHARMACY UPI,2297.97,Credit Card,Healthcare
2025-01-01,RESTAURANT PAYMENT,1741.67,Wallet,Food
2025-01-01,UPI STATIONERY STORE HYD,17262.32,Wallet,Education
2025-01-01,MONTHLY RENT,8935.95,Cash,Rent
2025-01-01,UPI GIFT PURCHASE CHENNAI,6246.69,Credit Card,Other
2025-01-01,HOSTEL RENT REF765834,15439.52,Debit Card,Rent
2025-01-01,BANK CHARGE TXN71632,1064.96,Net Banking,Other
2025-01-01,HOSPITAL PAYMENT,5612.43,Debit Card,Healthcare
2025-01-01,UPI MISCELLANEOUS PAYMENT VIJAYAWADA,5617.16,Wallet,Other
2025-01-01,MEDICAL STORE,8669.49,Cash,Healthcare
2025-01-01,ATM FEE TXN78569,9732.54,Wallet,Other
2025-01-02,HP FUEL STATION,2006.8,Net Banking,Transport
2025-01-02,RAILWAY TICKET,2807.08,Credit Card,Transport
2025-01-02,HEALTH CHECKUP,9157.52,Net Banking,Healthcare
2025-01-02,ACCOMMODATION PAYMENT TXN32347,6520.4,Cash,Rent
2025-01-02,ELECTRONICS STORE,3319.0,Credit Card,Shopping
2025-01-02,ROOM RENT,11354.52,Cash,Rent
2025-01-03,CASH WITHDRAWAL,4579.22,UPI,Other
2025-01-03,HEALTH CHECKUP,4476.83,Net Banking,Healthcare
2025-01-03,HOUSE RENT,22082.3,Debit Card,Rent
2025-01-03,EYE HOSPITAL TXN64048,2842.11,Credit Card,Healthcare
2025-01-03,ROOM RENT,14802.0,Debit Card,Rent
2025-01-03,UPI RAILWAY TICKET VIJAYAWADA,105.83,Net Banking,Transport
2025-01-03,GAS BILL PAYMENT TXN26106,5192.22,Credit Card,Bills
2025-01-03,PG RENT PAYMENT,23079.59,UPI,Rent
2025-01-03,BANK CHARGE,7505.88,UPI,Other
2025-01-03,GOLD SAVINGS,26365.64,UPI,Investment
2025-01-03,SPOTIFY PREMIUM TXN24752,1447.87,Cash,Entertainment
2025-01-03,DOMINOS PIZZA TXN12394,1270.12,Credit Card,Food
2025-01-03,UPI GROCERY FOOD STORE VIJAYAWADA,1695.26,Credit Card,Food
2025-01-03,MEDICAL STORE,601.11,Net Banking,Healthcare
2025-01-03,FIXED DEPOSIT,25346.99,Wallet,Investment
2025-01-03,INVESTMENT ACCOUNT,1584.57,Wallet,Investment
2025-01-03,HOUSE RENT,15576.44,Net Banking,Rent
2025-01-04,UPI MEDICAL STORE HYD,529.54,UPI,Healthcare
2025-01-04,UPI CAFE COFFEE DAY VIJAYAWADA,201.73,UPI,Food
2025-01-04,COURSERA COURSE,9671.07,Debit Card,Education
2025-01-04,MEDICAL STORE,8728.89,UPI,Healthcare
2025-01-04,UDEMY COURSE REF952489,21768.71,Cash,Education
2025-01-04,MCDONALDS ORDER TXN69039,117.47,Net Banking,Food
2025-01-04,PHARMACY UPI,6406.06,Debit Card,Healthcare
2025-01-04,KFC RESTAURANT REF578621,138.48,Wallet,Food
2025-01-04,UPI ENTERTAINMENT EVENT HYD,3157.62,Debit Card,Entertainment
2025-01-04,RELIANCE TRENDS REF908305,237.45,Wallet,Shopping
2025-01-04,BANK CHARGE,116.93,Debit Card,Other
2025-01-04,EXAM FEE REF996794,5650.3,Debit Card,Education
2025-01-04,UPI PVR CINEMAS HYD,862.96,Cash,Entertainment
2025-01-05,MEDPLUS PHARMACY TXN32326,4941.43,Debit Card,Healthcare
2025-01-05,VI MOBILE RECHARGE TXN71384,1443.33,Credit Card,Bills
2025-01-05,APARTMENT RENT REF129358,21631.72,Cash,Rent
2025-01-05,ENTERTAINMENT EVENT REF950144,2124.32,Credit Card,Entertainment
2025-01-05,TEA SHOP UPI,1408.08,Credit Card,Food
2025-01-05,FLIPKART ORDER REF750047,11709.53,Wallet,Shopping
2025-01-05,UPI JIO RECHARGE GUNTUR,1032.9,Cash,Bills
2025-01-05,RAILWAY TICKET,2418.42,Credit Card,Transport
2025-01-06,ONLINE COURSE PAYMENT TXN99842,17479.39,UPI,Education
2025-01-06,AJIO PURCHASE,9417.35,Wallet,Shopping
2025-01-06,UPI GAME PURCHASE BLR,2706.54,UPI,Entertainment
2025-01-06,ATM FEE REF895081,5786.8,Credit Card,Other
2025-01-06,KFC RESTAURANT TXN97127,71.07,Debit Card,Food
2025-01-06,MOBILE POSTPAID BILL,3182.13,Cash,Bills
2025-01-06,GROCERY FOOD STORE TXN74042,84.08,Credit Card,Food
2025-01-07,PVR CINEMAS,2782.63,Debit Card,Entertainment
2025-01-07,SIP INVESTMENT REF747968,18097.87,UPI,Investment
2025-01-07,MOVIE TICKET REF539034,3017.66,Net Banking,Entertainment
2025-01-07,HOSTEL FEE RENT REF404145,24478.45,Net Banking,Rent
2025-01-07,AJIO PURCHASE,5139.94,UPI,Shopping
2025-01-07,FIXED DEPOSIT,28535.48,UPI,Investment
2025-01-07,BAKERY PURCHASE,1715.95,Wallet,Food
2025-01-07,FLIPKART ORDER,7375.06,Credit Card,Shopping
2025-01-07,DMART PURCHASE REF825510,861.58,Net Banking,Shopping
2025-01-08,UPI METRO TICKET CHENNAI,986.59,Credit Card,Transport
2025-01-08,MOVIE TICKET TXN44544,1781.56,Debit Card,Entertainment
2025-01-08,AJIO PURCHASE TXN18242,5552.99,UPI,Shopping
2025-01-08,AUTO RICKSHAW UPI TXN62378,1008.96,UPI,Transport
2025-01-08,UPI EYE HOSPITAL GUNTUR,6700.43,Cash,Healthcare
2025-01-08,HOUSE RENT REF455451,9224.19,Credit Card,Rent
2025-01-08,COURSERA COURSE,24943.84,Cash,Education
2025-01-09,UPI BOOK STORE CHENNAI,23759.54,Wallet,Education
2025-01-09,MOVIE TICKET TXN86238,259.02,Wallet,Entertainment
2025-01-09,VI MOBILE RECHARGE,5271.12,Cash,Bills
2025-01-09,BUS TICKET TXN54444,1686.76,Debit Card,Transport
2025-01-09,CASH WITHDRAWAL REF804378,4165.14,Credit Card,Other
2025-01-09,MCDONALDS ORDER TXN64520,1281.45,Cash,Food
2025-01-09,UDEMY COURSE REF793775,4498.76,Cash,Education
2025-01-09,GIFT PURCHASE TXN80268,4264.44,Cash,Other
2025-01-09,CAFE COFFEE DAY REF687974,761.96,UPI,Food
2025-01-09,AJIO PURCHASE,13852.53,UPI,Shopping
2025-01-09,TATA PLAY RECHARGE REF557107,651.11,Cash,Bills
2025-01-09,UPI INDEX FUND SIP VIJAYAWADA,10895.73,Net Banking,Investment
2025-01-09,STOCK INVESTMENT,11681.75,Wallet,Investment
2025-01-09,GAME PURCHASE,1956.82,Cash,Entertainment
2025-01-10,GOLD SAVINGS,24736.74,UPI,Investment
2025-01-10,AMAZON PRIME,2923.18,Credit Card,Entertainment
2025-01-10,ELECTRONICS STORE,14717.94,Credit Card,Shopping
2025-01-10,PERSONAL TRANSFER,8396.8,Net Banking,Other
2025-01-10,PERSONAL TRANSFER,3585.91,Credit Card,Other
2025-01-10,BOOK STORE,17857.03,Cash,Education
2025-01-10,ZOMATO FOOD ORDER,681.49,Credit Card,Food
2025-01-10,UPI MEDPLUS PHARMACY HYD,2420.69,Credit Card,Healthcare
2025-01-10,BUS TICKET REF190167,1049.53,Wallet,Transport
2025-01-10,BANK CHARGE REF568276,2746.7,UPI,Other
2025-01-10,BUS TICKET TXN55643,708.81,Credit Card,Transport
2025-01-11,BANK CHARGE TXN97231,1006.31,Cash,Other
2025-01-11,TRAINING PROGRAM,4827.29,Credit Card,Education
2025-01-11,ROOM RENT REF316943,4615.18,Credit Card,Rent
2025-01-11,MONTHLY RENT,10183.98,UPI,Rent
2025-01-11,ACT FIBERNET,5999.16,Wallet,Bills
2025-01-11,AIRTEL RECHARGE TXN57714,621.65,Net Banking,Bills
2025-01-11,GAS BILL PAYMENT TXN74133,4648.05,Credit Card,Bills
2025-01-11,JIO RECHARGE,5640.58,Debit Card,Bills
2025-01-11,MEESHO ORDER,4390.89,UPI,Shopping
2025-01-11,TRAINING PROGRAM,4583.77,Debit Card,Education
2025-01-11,AJIO PURCHASE TXN37195,14547.89,Cash,Shopping
2025-01-11,EYE HOSPITAL,7471.85,UPI,Healthcare
2025-01-11,PG RENT PAYMENT REF646375,16512.31,Cash,Rent
2025-01-11,PERSONAL TRANSFER,4213.64,Credit Card,Other
2025-01-11,COURSERA COURSE,8547.78,Net Banking,Education
2025-01-11,DENTAL CLINIC,7320.3,Cash,Healthcare
2025-01-12,DOMINOS PIZZA TXN27063,1235.6,Wallet,Food
2025-01-12,TATA PLAY RECHARGE REF478427,3368.73,Net Banking,Bills
2025-01-12,UPI HOSTEL FEE RENT HYD,14651.47,Cash,Rent
2025-01-12,MISCELLANEOUS PAYMENT REF893237,4254.24,Cash,Other
2025-01-12,SWIGGY ORDER,895.72,UPI,Food
2025-01-12,CAFE COFFEE DAY,1025.07,Net Banking,Food
2025-01-12,UPI CAFE COFFEE DAY HYD,307.88,UPI,Food
2025-01-12,DOCTOR CONSULTATION TXN16457,4929.81,UPI,Healthcare
2025-01-12,STATIONERY STORE TXN91515,875.82,UPI,Education
2025-01-12,GIFT PURCHASE,8166.7,Credit Card,Other
2025-01-12,CAFE COFFEE DAY,1290.17,Wallet,Food
2025-01-12,MEDPLUS PHARMACY,4988.73,Net Banking,Healthcare
2025-01-12,EYE HOSPITAL,472.31,Credit Card,Healthcare
2025-01-12,ACT FIBERNET,5109.89,Net Banking,Bills
2025-01-13,HOSPITAL PAYMENT REF822612,6121.84,Cash,Healthcare
2025-01-13,RAILWAY TICKET REF701636,639.03,Net Banking,Transport
2025-01-13,UPI CERTIFICATION EXAM CHENNAI,10634.53,UPI,Education
2025-01-13,YOUTUBE PREMIUM TXN12632,346.78,Debit Card,Entertainment
2025-01-13,ATM FEE,2645.99,Wallet,Other
2025-01-13,DONATION PAYMENT REF930269,1143.93,Net Banking,Other
2025-01-13,HOTSTAR SUBSCRIPTION REF827937,650.86,Credit Card,Entertainment
2025-01-13,UPI INDIAN OIL PETROL GUNTUR,1384.92,Credit Card,Transport
2025-01-13,UPI CASH WITHDRAWAL HYD,5955.86,Wallet,Other
2025-01-13,DOMINOS PIZZA TXN48459,1402.24,Wallet,Food
2025-01-13,BROADBAND BILL,4337.81,Credit Card,Bills
2025-01-13,GAS BILL PAYMENT TXN77530,2785.1,Net Banking,Bills
2025-01-13,CLOTHING STORE TXN19563,4862.08,UPI,Shopping
2025-01-13,UPI ACT FIBERNET VIJAYAWADA,1462.28,Wallet,Bills
2025-01-13,MONTHLY RENT,6932.4,Credit Card,Rent
2025-01-13,HOSPITAL PAYMENT,1763.7,Cash,Healthcare
2025-01-13,MOVIE TICKET REF379551,1943.13,Debit Card,Entertainment
2025-01-14,CAFE COFFEE DAY,799.66,UPI,Food
2025-01-14,MYNTRA SHOPPING REF525850,10784.59,Debit Card,Shopping
2025-01-14,UPI FIXED DEPOSIT GUNTUR,6656.27,UPI,Investment
2025-01-14,DIAGNOSTIC LAB TXN32454,1712.55,Cash,Healthcare
2025-01-14,MOBILE POSTPAID BILL TXN92984,5433.73,Credit Card,Bills
2025-01-14,FLIPKART ORDER REF353495,6595.63,Net Banking,Shopping
2025-01-14,UPI MCDONALDS ORDER HYD,878.89,Credit Card,Food
2025-01-14,CERTIFICATION EXAM REF155994,2651.62,Net Banking,Education
2025-01-14,UPI ATM FEE HYD,6314.96,Credit Card,Other
2025-01-14,ZOMATO FOOD ORDER,426.97,Wallet,Food
2025-01-14,CLOTHING STORE TXN13400,3393.22,Cash,Shopping
2025-01-15,RELIANCE TRENDS REF829937,14477.21,UPI,Shopping
2025-01-15,EXAM FEE,13268.67,Debit Card,Education
2025-01-15,BANK CHARGE,9490.79,Net Banking,Other
2025-01-15,PHARMACY UPI,8241.93,UPI,Healthcare
2025-01-15,METRO TICKET,1333.49,UPI,Transport
2025-01-15,MOBILE POSTPAID BILL TXN66023,3217.1,Cash,Bills
2025-01-15,MOBILE POSTPAID BILL REF969140,5748.61,Cash,Bills
2025-01-15,DONATION PAYMENT REF192269,382.45,Cash,Other
2025-01-15,EXAM FEE,12504.0,Debit Card,Education
2025-01-15,NETFLIX SUBSCRIPTION,1951.21,Credit Card,Entertainment
2025-01-15,BROADBAND BILL,5187.05,Credit Card,Bills
2025-01-16,WATER BILL,1343.54,Wallet,Bills
2025-01-16,UBER TRIP,1966.96,Cash,Transport
2025-01-16,DIAGNOSTIC LAB,1458.14,Debit Card,Healthcare
2025-01-16,STOCK INVESTMENT,966.77,Wallet,Investment
2025-01-16,INDEX FUND SIP,6687.25,Debit Card,Investment
2025-01-16,GROCERY FOOD STORE TXN14390,1443.54,Net Banking,Food
2025-01-16,GAME PURCHASE REF867543,332.85,Credit Card,Entertainment
2025-01-16,MONTHLY RENT REF861803,6885.43,UPI,Rent
2025-01-16,ROOM RENT,15910.06,Cash,Rent
2025-01-16,UPI HEALTH CHECKUP VIJAYAWADA,232.63,Cash,Healthcare
2025-01-16,HEALTH CHECKUP TXN99749,7876.13,Cash,Healthcare
2025-01-16,UPI GROCERY FOOD STORE VIJAYAWADA,995.71,Debit Card,Food
2025-01-16,INVESTMENT ACCOUNT TXN56779,10301.33,Debit Card,Investment
2025-01-16,MONTHLY RENT REF240494,8152.62,Cash,Rent
2025-01-16,DOCTOR CONSULTATION,8841.03,Debit Card,Healthcare
2025-01-16,TRAINING PROGRAM TXN38332,13472.47,Net Banking,Education
2025-01-16,BUS TICKET TXN33184,2053.35,UPI,Transport
2025-01-17,GROCERY FOOD STORE REF684191,153.51,UPI,Food
2025-01-17,INOX MOVIES,3884.89,Net Banking,Entertainment
2025-01-17,ACT FIBERNET,4240.79,Net Banking,Bills
2025-01-17,TRAINING PROGRAM,23805.92,UPI,Education
2025-01-17,MEESHO ORDER TXN19783,7710.32,Net Banking,Shopping
2025-01-17,UPI DENTAL CLINIC GUNTUR,9466.8,Credit Card,Healthcare
2025-01-17,LIBRARY FEE REF301961,16824.23,Net Banking,Education
2025-01-17,COURSERA COURSE,7127.59,Net Banking,Education
2025-01-17,UPI MISCELLANEOUS PAYMENT GUNTUR,2060.3,Wallet,Other
2025-01-17,RAPIDO RIDE REF329344,1532.03,UPI,Transport
2025-01-18,BANK CHARGE REF413911,8330.7,Net Banking,Other
2025-01-18,AIRTEL RECHARGE REF625021,4409.17,Net Banking,Bills
2025-01-18,ELECTRONICS STORE,4783.01,Net Banking,Shopping
2025-01-18,MEESHO ORDER,14356.39,Credit Card,Shopping
2025-01-18,UPI MEESHO ORDER CHENNAI,3307.52,Debit Card,Shopping
2025-01-18,UPI ELECTRICITY BILL HYD,4856.49,Wallet,Bills
2025-01-18,UPI INDIAN OIL PETROL CHENNAI,2250.82,Cash,Transport
2025-01-19,OLA CAB,2106.79,Debit Card,Transport
2025-01-19,UPI JIO RECHARGE CHENNAI,5232.33,Debit Card,Bills
2025-01-19,CAFE COFFEE DAY TXN32313,1423.99,Wallet,Food
2025-01-19,MISCELLANEOUS PAYMENT,5748.52,Wallet,Other
2025-01-19,UPI CERTIFICATION EXAM BLR,13686.09,Cash,Education
2025-01-19,PERSONAL TRANSFER TXN14735,8277.52,Cash,Other
2025-01-19,UPI DOMINOS PIZZA VIJAYAWADA,53.83,Credit Card,Food
2025-01-19,BUS TICKET,581.84,Wallet,Transport
2025-01-19,BUS TICKET,727.56,Net Banking,Transport
2025-01-20,SIP INVESTMENT TXN91006,4365.95,Debit Card,Investment
2025-01-20,PVR CINEMAS REF704876,3125.33,Debit Card,Entertainment
2025-01-20,UPI MOBILE POSTPAID BILL VIJAYAWADA,495.47,Net Banking,Bills
2025-01-20,HOSTEL RENT TXN57484,8711.14,Wallet,Rent
2025-01-20,PHARMACY UPI,5744.59,Wallet,Healthcare
2025-01-20,SWIGGY ORDER REF119056,1009.95,Debit Card,Food
2025-01-20,FLIPKART ORDER,6469.93,UPI,Shopping
2025-01-20,AMAZON PURCHASE REF882354,8004.19,Net Banking,Shopping
2025-01-21,UPI MISCELLANEOUS PAYMENT VIJAYAWADA,8930.78,Cash,Other
2025-01-21,HP FUEL STATION TXN41499,2616.39,Wallet,Transport
2025-01-21,MCDONALDS ORDER,212.06,Wallet,Food
2025-01-21,HOTSTAR SUBSCRIPTION,3646.08,Cash,Entertainment
2025-01-21,RESTAURANT PAYMENT TXN74840,1084.33,Cash,Food
2025-01-21,RECURRING DEPOSIT REF510882,4677.58,Net Banking,Investment
2025-01-21,UPI DMART PURCHASE BLR,10112.57,Credit Card,Shopping
2025-01-21,PERSONAL TRANSFER,1676.82,Debit Card,Other
2025-01-21,MEDPLUS PHARMACY REF198042,4112.26,Cash,Healthcare
2025-01-22,LIBRARY FEE TXN60015,13467.81,Net Banking,Education
2025-01-22,HOTSTAR SUBSCRIPTION,2295.65,UPI,Entertainment
2025-01-22,UPI CERTIFICATION EXAM HYD,21738.22,Wallet,Education
2025-01-22,STOCK INVESTMENT,25544.71,Credit Card,Investment
2025-01-22,KFC RESTAURANT,297.13,Cash,Food
2025-01-22,MEDPLUS PHARMACY,3886.1,Credit Card,Healthcare
2025-01-22,HOTSTAR SUBSCRIPTION,2022.51,Credit Card,Entertainment
2025-01-22,AUTO RICKSHAW UPI TXN98663,1527.74,Cash,Transport
2025-01-22,UPI AIRTEL RECHARGE CHENNAI,5323.04,Credit Card,Bills
2025-01-22,UPI DONATION PAYMENT BLR,8153.82,Credit Card,Other
2025-01-22,YOUTUBE PREMIUM REF231004,1643.15,Debit Card,Entertainment
2025-01-22,EXAM FEE,2190.66,Cash,Education
2025-01-22,LIBRARY FEE,2800.17,Cash,Education
2025-01-23,UPI MOVIE TICKET GUNTUR,3603.86,Cash,Entertainment
2025-01-23,UPI MOVIE TICKET VIJAYAWADA,1385.8,Cash,Entertainment
2025-01-23,ZOMATO FOOD ORDER,421.9,Credit Card,Food
2025-01-23,YOUTUBE PREMIUM,1984.26,Net Banking,Entertainment
2025-01-23,MEDICAL STORE REF701334,6798.56,Net Banking,Healthcare
2025-01-23,HOSPITAL PAYMENT,686.44,UPI,Healthcare
2025-01-23,STATIONERY STORE REF913608,15986.85,Wallet,Education
2025-01-23,MYNTRA SHOPPING REF914311,3156.08,Wallet,Shopping
2025-01-24,METRO TICKET REF972410,1960.75,Credit Card,Transport
2025-01-24,DOCTOR CONSULTATION REF186023,2752.92,Wallet,Healthcare
2025-01-24,TRAINING PROGRAM,18126.32,UPI,Education
2025-01-24,CERTIFICATION EXAM,21301.27,Cash,Education
2025-01-24,UDEMY COURSE,15287.03,Wallet,Education
2025-01-24,AMAZON PURCHASE,6834.9,UPI,Shopping
2025-01-24,UPI CASH WITHDRAWAL VIJAYAWADA,1718.93,Wallet,Other
2025-01-25,VI MOBILE RECHARGE REF318088,5218.02,Cash,Bills
2025-01-25,PVR CINEMAS REF683006,2587.94,Cash,Entertainment
2025-01-25,WATER BILL,1087.62,Net Banking,Bills
2025-01-25,COURSERA COURSE,21522.85,Cash,Education
2025-01-25,YOUTUBE PREMIUM,3760.5,Net Banking,Entertainment
2025-01-25,ELECTRICITY BILL REF567925,4653.65,Net Banking,Bills
2025-01-25,ATM FEE REF815706,8862.32,UPI,Other
2025-01-25,UPI INVESTMENT ACCOUNT CHENNAI,23791.89,Credit Card,Investment
2025-01-25,DMART PURCHASE REF578657,10814.13,Net Banking,Shopping
2025-01-25,COURSERA COURSE REF201054,20493.06,Cash,Education
2025-01-25,UPI YOUTUBE PREMIUM GUNTUR,1188.22,Net Banking,Entertainment
2025-01-26,UPI AUTO RICKSHAW UPI HYD,1773.91,Net Banking,Transport
2025-01-26,EYE HOSPITAL,8184.3,Debit Card,Healthcare
2025-01-26,FIXED DEPOSIT,23947.96,Wallet,Investment
2025-01-26,SPOTIFY PREMIUM REF518496,2030.69,Net Banking,Entertainment
2025-01-26,ONLINE COURSE PAYMENT,21988.84,Debit Card,Education
2025-01-26,MEESHO ORDER REF474775,1162.24,Credit Card,Shopping
2025-01-26,CERTIFICATION EXAM,8833.81,UPI,Education
2025-01-26,HOSPITAL PAYMENT REF390756,7793.35,Net Banking,Healthcare
2025-01-26,HOUSE RENT,21754.82,Credit Card,Rent
2025-01-26,EYE HOSPITAL TXN79888,5115.28,UPI,Healthcare
2025-01-26,ROOM RENT,6950.28,Credit Card,Rent
2025-01-26,GAS BILL PAYMENT,2917.72,Credit Card,Bills
2025-01-26,UPI RECURRING DEPOSIT GUNTUR,24105.96,Wallet,Investment
2025-01-27,FLIPKART ORDER,1460.51,Net Banking,Shopping
2025-01-27,SPOTIFY PREMIUM TXN66477,196.35,Wallet,Entertainment
2025-01-27,SWIGGY ORDER REF559621,1361.98,Net Banking,Food
2025-01-27,ELECTRICITY BILL TXN50906,860.69,Cash,Bills
2025-01-27,UPI ENTERTAINMENT EVENT BLR,1732.76,Cash,Entertainment
2025-01-27,APARTMENT RENT TXN31888,10624.07,Wallet,Rent
2025-01-27,AUTO RICKSHAW UPI,2421.37,Credit Card,Transport
2025-01-27,UPI MEDPLUS PHARMACY CHENNAI,403.84,UPI,Healthcare
2025-01-27,PETROL PUMP TXN74894,1008.52,UPI,Transport
2025-01-27,FLIPKART ORDER,8857.5,Cash,Shopping
2025-01-27,INDEX FUND SIP REF131327,24937.94,Wallet,Investment
2025-01-27,BAKERY PURCHASE TXN19104,1462.84,Net Banking,Food
2025-01-27,GIFT PURCHASE TXN91646,1120.21,Net Banking,Other
2025-01-27,PG RENT PAYMENT,15127.83,Debit Card,Rent
2025-01-27,PG RENT PAYMENT TXN40025,9076.29,UPI,Rent
2025-01-27,COLLEGE FEE TXN72075,21543.25,Cash,Education
2025-01-28,RAPIDO RIDE,2259.66,Cash,Transport
2025-01-28,BAKERY PURCHASE REF383428,536.44,Credit Card,Food
2025-01-28,DOMINOS PIZZA TXN26874,1055.69,Wallet,Food
2025-01-28,ZOMATO FOOD ORDER REF775699,1295.32,Net Banking,Food
2025-01-28,OLA CAB,1794.42,Net Banking,Transport
2025-01-28,BROADBAND BILL REF738613,322.76,Net Banking,Bills
2025-01-28,VI MOBILE RECHARGE REF153063,1812.25,Cash,Bills
2025-01-28,CLOTHING STORE TXN89560,7517.6,Credit Card,Shopping
2025-01-28,ELECTRICITY BILL,1187.44,Credit Card,Bills
2025-01-28,VI MOBILE RECHARGE,332.05,Wallet,Bills
2025-01-28,GIFT PURCHASE TXN19730,417.54,Wallet,Other
2025-01-28,PHARMACY UPI,5877.71,Wallet,Healthcare
2025-01-28,INVESTMENT ACCOUNT,6218.91,Wallet,Investment
2025-01-28,ELECTRICITY BILL REF282450,4396.16,Net Banking,Bills
2025-01-29,UPI WATER BILL GUNTUR,2184.01,UPI,Bills
2025-01-29,DIAGNOSTIC LAB REF444919,6696.95,Debit Card,Healthcare
2025-01-29,INOX MOVIES,2362.64,Wallet,Entertainment
2025-01-29,HOSTEL FEE RENT TXN72106,18830.69,Net Banking,Rent
2025-01-29,UPI MCDONALDS ORDER HYD,660.0,Cash,Food
2025-01-29,PERSONAL TRANSFER,2368.49,UPI,Other
2025-01-29,BANK CHARGE REF472611,2498.65,Credit Card,Other
2025-01-29,UPI CLOTHING STORE BLR,9180.27,Wallet,Shopping
2025-01-29,UPI RAPIDO RIDE CHENNAI,1801.33,Net Banking,Transport
2025-01-29,HOSPITAL PAYMENT,5059.0,Debit Card,Healthcare
2025-01-29,SIP INVESTMENT TXN65615,15709.07,Wallet,Investment
2025-01-29,AUTO RICKSHAW UPI,317.18,Debit Card,Transport
2025-01-29,FLIPKART ORDER TXN26716,2809.9,Credit Card,Shopping
2025-01-30,HOSTEL FEE RENT TXN10749,3150.67,Cash,Rent
2025-01-30,STATIONERY STORE,7428.13,Debit Card,Education
2025-01-30,ATM FEE TXN82512,2921.59,Cash,Other
2025-01-30,PETROL PUMP REF229019,503.68,Credit Card,Transport
2025-01-30,ONLINE COURSE PAYMENT REF855408,131.9,Net Banking,Education
2025-01-30,UDEMY COURSE TXN88577,18248.81,UPI,Education
2025-01-30,SIP INVESTMENT,26939.0,Wallet,Investment
2025-01-30,RESTAURANT PAYMENT,704.43,UPI,Food
2025-01-30,ELECTRONICS STORE,10339.55,UPI,Shopping
2025-01-31,AJIO PURCHASE,6879.36,Credit Card,Shopping
2025-01-31,TRAINING PROGRAM,16429.98,Net Banking,Education
2025-01-31,STOCK INVESTMENT REF638595,14903.95,Wallet,Investment
2025-01-31,LIBRARY FEE,24426.24,Cash,Education
2025-01-31,UPI SPOTIFY PREMIUM HYD,2895.94,Credit Card,Entertainment
2025-01-31,ACCOMMODATION PAYMENT TXN21945,17121.06,Debit Card,Rent
2025-01-31,MISCELLANEOUS PAYMENT REF679334,4847.62,Net Banking,Other
2025-01-31,GROCERY FOOD STORE TXN48786,1727.05,Cash,Food
2025-01-31,INDEX FUND SIP,9836.67,Net Banking,Investment
2025-01-31,UPI KFC RESTAURANT GUNTUR,1375.04,Cash,Food
2025-01-31,UPI INVESTMENT ACCOUNT VIJAYAWADA,3824.46,UPI,Investment
2025-02-01,VI MOBILE RECHARGE,1038.45,Debit Card,Bills
2025-02-01,UPI ACCOMMODATION PAYMENT BLR,11226.4,Wallet,Rent
2025-02-01,MEDPLUS PHARMACY TXN22062,3597.08,Debit Card,Healthcare
2025-02-01,GIFT PURCHASE TXN82910,3774.29,Debit Card,Other
2025-02-01,RECURRING DEPOSIT TXN75918,2698.69,Debit Card,Investment
2025-02-01,COLLEGE FEE,22350.29,Wallet,Education
2025-02-01,NETFLIX SUBSCRIPTION,1270.14,Credit Card,Entertainment
2025-02-01,MEDICAL STORE,3700.27,UPI,Healthcare
2025-02-01,BAKERY PURCHASE,985.55,Cash,Food
2025-02-01,GAME PURCHASE REF858234,2549.09,Cash,Entertainment
2025-02-02,HOSTEL FEE RENT REF316881,21323.61,Cash,Rent
2025-02-02,MEDPLUS PHARMACY,6215.42,Credit Card,Healthcare
2025-02-02,ENTERTAINMENT EVENT,3638.53,UPI,Entertainment
2025-02-02,COLLEGE FEE,23105.52,UPI,Education
2025-02-02,RECURRING DEPOSIT REF996777,7427.59,Cash,Investment
2025-02-02,ONLINE COURSE PAYMENT,13477.12,Credit Card,Education
2025-02-02,HEALTH CHECKUP REF636754,1145.39,Cash,Healthcare
2025-02-02,UPI RAILWAY TICKET VIJAYAWADA,1330.41,Wallet,Transport
2025-02-02,RAILWAY TICKET TXN57788,2473.96,Credit Card,Transport
2025-02-02,MCDONALDS ORDER REF391677,1324.7,Credit Card,Food
2025-02-02,MOVIE TICKET TXN97532,3286.81,Debit Card,Entertainment
2025-02-03,AIRTEL RECHARGE REF783614,2423.81,Debit Card,Bills
2025-02-03,PVR CINEMAS,3273.47,UPI,Entertainment
2025-02-03,HOSTEL FEE RENT,17500.53,Net Banking,Rent
2025-02-03,UPI APOLLO PHARMACY GUNTUR,9845.58,Debit Card,Healthcare
2025-02-03,DOCTOR CONSULTATION REF782028,6471.46,Net Banking,Healthcare
2025-02-03,RECURRING DEPOSIT,12483.97,Cash,Investment
2025-02-03,DOMINOS PIZZA,53.77,Credit Card,Food
2025-02-03,UPI UBER TRIP VIJAYAWADA,981.16,Net Banking,Transport
2025-02-03,MEDPLUS PHARMACY,3223.72,Net Banking,Healthcare
2025-02-03,INDEX FUND SIP TXN72705,29016.07,UPI,Investment
2025-02-03,INOX MOVIES REF826267,3812.68,Debit Card,Entertainment
2025-02-03,MYNTRA SHOPPING,8015.71,Cash,Shopping
2025-02-03,RECURRING DEPOSIT TXN32308,19691.26,Credit Card,Investment
2025-02-04,MISCELLANEOUS PAYMENT,2081.84,UPI,Other
2025-02-04,ATM FEE,4208.22,Wallet,Other
2025-02-04,APOLLO PHARMACY,9656.59,Debit Card,Healthcare
2025-02-04,ACCOMMODATION PAYMENT,16174.39,Debit Card,Rent
2025-02-04,RAILWAY TICKET TXN35591,163.34,Credit Card,Transport
2025-02-04,DONATION PAYMENT TXN30207,5205.07,Debit Card,Other
2025-02-04,DENTAL CLINIC REF416592,3041.48,Net Banking,Healthcare
2025-02-04,PETROL PUMP,289.31,Debit Card,Transport
2025-02-05,ELECTRICITY BILL TXN84636,4993.76,UPI,Bills
2025-02-05,MONTHLY RENT,11550.06,Cash,Rent
2025-02-05,ACT FIBERNET,430.38,Debit Card,Bills
2025-02-05,COURSERA COURSE REF985777,11068.14,Cash,Education
2025-02-05,LIBRARY FEE TXN79306,17703.77,Debit Card,Education
2025-02-05,RECURRING DEPOSIT,3527.56,Net Banking,Investment
2025-02-05,VI MOBILE RECHARGE TXN16577,4685.15,Cash,Bills
2025-02-05,FIXED DEPOSIT,7772.65,Credit Card,Investment
2025-02-05,HOTSTAR SUBSCRIPTION,1054.76,Net Banking,Entertainment
2025-02-05,MEDPLUS PHARMACY TXN45348,1450.51,UPI,Healthcare
2025-02-05,YOUTUBE PREMIUM REF820316,1877.25,Net Banking,Entertainment
2025-02-05,SPOTIFY PREMIUM,1511.05,Wallet,Entertainment
2025-02-05,ELECTRONICS STORE TXN86119,11264.56,Net Banking,Shopping
2025-02-05,PG RENT PAYMENT,3967.57,Net Banking,Rent
2025-02-05,UPI INDEX FUND SIP GUNTUR,11636.44,Debit Card,Investment
2025-02-06,ELECTRONICS STORE,14078.32,Net Banking,Shopping
2025-02-06,VI MOBILE RECHARGE REF806357,4416.31,Net Banking,Bills
2025-02-06,RESTAURANT PAYMENT TXN31452,1275.58,Credit Card,Food
2025-02-06,UPI UPI TRANSFER CHENNAI,4267.79,Debit Card,Other
2025-02-06,UDEMY COURSE,20937.3,Net Banking,Education
2025-02-06,HOSTEL RENT REF499276,4061.37,UPI,Rent
2025-02-06,STOCK INVESTMENT TXN90356,9896.64,Cash,Investment
2025-02-06,HP FUEL STATION REF494853,2444.95,UPI,Transport
2025-02-06,DOCTOR CONSULTATION REF534631,3739.24,Net Banking,Healthcare
2025-02-06,UPI RECURRING DEPOSIT VIJAYAWADA,10582.69,Wallet,Investment
2025-02-06,MYNTRA SHOPPING TXN61712,2694.91,Net Banking,Shopping
2025-02-06,JIO RECHARGE REF103963,4328.06,Credit Card,Bills
2025-02-06,MCDONALDS ORDER REF244833,336.35,Credit Card,Food
2025-02-06,STOCK INVESTMENT TXN80345,16554.49,Debit Card,Investment
2025-02-07,UPI CASH WITHDRAWAL CHENNAI,2933.34,Debit Card,Other
2025-02-07,GROCERY FOOD STORE,1310.35,Cash,Food
2025-02-07,UPI DONATION PAYMENT VIJAYAWADA,6592.2,Net Banking,Other
2025-02-07,YOUTUBE PREMIUM REF501777,1011.32,Debit Card,Entertainment
2025-02-07,UPI TRANSFER,8431.57,Net Banking,Other
2025-02-07,OLA CAB,340.21,Wallet,Transport
2025-02-08,FLIPKART ORDER TXN62354,5361.6,Net Banking,Shopping
2025-02-08,COLLEGE FEE TXN41149,12360.15,Net Banking,Education
2025-02-08,UPI MISCELLANEOUS PAYMENT VIJAYAWADA,8913.98,Net Banking,Other
2025-02-08,UPI RAPIDO RIDE GUNTUR,186.33,Wallet,Transport
2025-02-08,GROCERY FOOD STORE TXN51504,162.05,Net Banking,Food
2025-02-08,UPI JIO RECHARGE GUNTUR,337.51,Net Banking,Bills
2025-02-08,BUS TICKET,83.21,UPI,Transport
2025-02-08,TATA PLAY RECHARGE,4797.71,Wallet,Bills
2025-02-09,TATA PLAY RECHARGE,5574.23,Cash,Bills
2025-02-09,ENTERTAINMENT EVENT,2142.98,Credit Card,Entertainment
2025-02-09,BANK CHARGE,1645.47,Net Banking,Other
2025-02-09,CAFE COFFEE DAY REF512479,463.88,Net Banking,Food
2025-02-09,CASH WITHDRAWAL TXN14798,5336.12,Debit Card,Other
2025-02-09,SIP INVESTMENT,26167.62,Debit Card,Investment
2025-02-09,MONTHLY RENT REF649074,18232.72,Debit Card,Rent
2025-02-09,COURSERA COURSE,4269.87,UPI,Education
2025-02-09,METRO TICKET,1563.32,Net Banking,Transport
2025-02-09,AMAZON PURCHASE,9305.3,Net Banking,Shopping
2025-02-10,AMAZON PURCHASE,6073.21,UPI,Shopping
2025-02-10,MYNTRA SHOPPING REF722543,8294.18,Cash,Shopping
2025-02-10,UPI MOVIE TICKET GUNTUR,2177.56,Debit Card,Entertainment
2025-02-10,CERTIFICATION EXAM,21612.36,Debit Card,Education
2025-02-10,MOVIE TICKET REF739675,1085.43,Credit Card,Entertainment
2025-02-10,WATER BILL,4603.44,Credit Card,Bills
2025-02-10,UPI OLA CAB HYD,2754.86,Net Banking,Transport
2025-02-10,GOLD SAVINGS REF192045,21996.94,Wallet,Investment
2025-02-10,DIAGNOSTIC LAB,4530.25,UPI,Healthcare
2025-02-10,UPI RELIANCE TRENDS HYD,14957.86,Net Banking,Shopping
2025-02-10,UPI RELIANCE TRENDS HYD,1870.16,Net Banking,Shopping
2025-02-10,BOOK STORE TXN93079,19657.21,Cash,Education
2025-02-10,UPI FIXED DEPOSIT HYD,6145.99,UPI,Investment
2025-02-10,SIP INVESTMENT TXN74082,27801.06,Debit Card,Investment
2025-02-10,CERTIFICATION EXAM,23875.97,Credit Card,Education
2025-02-11,UPI BUS TICKET HYD,2213.62,Wallet,Transport
2025-02-11,SHOPPING MALL,9909.11,Wallet,Shopping
2025-02-11,RECURRING DEPOSIT,16378.5,Cash,Investment
2025-02-11,FIXED DEPOSIT REF283402,3106.99,Net Banking,Investment
2025-02-11,UPI PVR CINEMAS BLR,2698.65,UPI,Entertainment
2025-02-11,UPI CERTIFICATION EXAM GUNTUR,3329.93,Net Banking,Education
2025-02-11,SPOTIFY PREMIUM REF651833,2935.94,Credit Card,Entertainment
2025-02-11,VI MOBILE RECHARGE REF490264,5259.83,Net Banking,Bills
2025-02-11,UPI TRAINING PROGRAM BLR,23679.38,Credit Card,Education
2025-02-11,VI MOBILE RECHARGE,4056.6,Net Banking,Bills
2025-02-11,ENTERTAINMENT EVENT REF685009,1944.09,Wallet,Entertainment
2025-02-11,UPI DIAGNOSTIC LAB BLR,9289.05,UPI,Healthcare
2025-02-12,TRAINING PROGRAM REF459567,4158.93,Debit Card,Education
2025-02-12,PHARMACY UPI,8988.45,Credit Card,Healthcare
2025-02-12,FIXED DEPOSIT,8787.46,Wallet,Investment
2025-02-12,UPI TRANSFER,659.78,UPI,Other
2025-02-12,MCDONALDS ORDER REF155074,343.3,Net Banking,Food
2025-02-12,METRO TICKET,1050.66,Debit Card,Transport
2025-02-12,UPI PERSONAL TRANSFER BLR,3097.83,Cash,Other
2025-02-12,APARTMENT RENT,24001.63,Wallet,Rent
2025-02-12,TEA SHOP UPI TXN99333,967.68,Wallet,Food
2025-02-12,MEDICAL STORE,6844.51,Cash,Healthcare
2025-02-12,AMAZON PURCHASE,1300.25,Credit Card,Shopping
2025-02-12,UPI APARTMENT RENT BLR,3459.13,Credit Card,Rent
2025-02-13,UPI RELIANCE TRENDS CHENNAI,682.36,Credit Card,Shopping
2025-02-13,MUTUAL FUND INVESTMENT,24522.54,Net Banking,Investment
2025-02-13,COURSERA COURSE,11112.4,UPI,Education
2025-02-13,CERTIFICATION EXAM,4513.93,Net Banking,Education
2025-02-13,ACCOMMODATION PAYMENT REF435933,11799.43,UPI,Rent
2025-02-13,MOVIE TICKET,447.18,Wallet,Entertainment
2025-02-14,UPI BROADBAND BILL BLR,5804.68,Net Banking,Bills
2025-02-14,UPI COLLEGE FEE VIJAYAWADA,14201.4,UPI,Education
2025-02-14,RAILWAY TICKET TXN83229,2720.06,Debit Card,Transport
2025-02-14,HP FUEL STATION,300.69,UPI,Transport
2025-02-14,METRO TICKET,1453.33,Cash,Transport
2025-02-14,ROOM RENT,24569.02,UPI,Rent
2025-02-14,OLA CAB TXN97123,1092.2,Cash,Transport
2025-02-14,UPI DOMINOS PIZZA BLR,1767.47,UPI,Food
2025-02-14,FIXED DEPOSIT TXN44468,12097.78,Debit Card,Investment
2025-02-14,MEESHO ORDER TXN62855,5552.47,UPI,Shopping
2025-02-14,MEDPLUS PHARMACY TXN54921,1910.41,Net Banking,Healthcare
2025-02-14,PETROL PUMP TXN76801,2170.25,Cash,Transport
2025-02-14,DIAGNOSTIC LAB,5630.4,Credit Card,Healthcare
2025-02-14,INOX MOVIES,442.13,Credit Card,Entertainment
2025-02-14,WATER BILL,3890.36,Credit Card,Bills
2025-02-14,NETFLIX SUBSCRIPTION REF628397,226.55,Credit Card,Entertainment
2025-02-14,UPI GROCERY FOOD STORE CHENNAI,196.43,Debit Card,Food
2025-02-14,UPI TRANSFER,7136.14,Debit Card,Other
2025-02-15,ELECTRICITY BILL TXN57970,5705.13,Debit Card,Bills
2025-02-15,GIFT PURCHASE REF874864,3165.1,Credit Card,Other
2025-02-15,UBER TRIP,2615.51,Wallet,Transport
2025-02-15,MEDICAL STORE,2074.72,Wallet,Healthcare
2025-02-15,HOSTEL FEE RENT,21737.04,Debit Card,Rent
2025-02-15,TEA SHOP UPI REF409242,1537.38,UPI,Food
2025-02-16,HOSPITAL PAYMENT,2335.13,Wallet,Healthcare
2025-02-16,UPI UBER TRIP VIJAYAWADA,1183.85,Credit Card,Transport
2025-02-16,INOX MOVIES REF749320,1691.32,Wallet,Entertainment
2025-02-16,HOUSE RENT REF160377,24556.1,Net Banking,Rent
2025-02-16,APARTMENT RENT,20761.15,Cash,Rent
2025-02-16,MOBILE POSTPAID BILL REF262275,5947.15,UPI,Bills
2025-02-16,UPI TEA SHOP UPI BLR,1175.81,Debit Card,Food
2025-02-16,UPI MEESHO ORDER CHENNAI,5288.41,Cash,Shopping
2025-02-16,SWIGGY ORDER TXN87831,1113.19,Cash,Food
2025-02-16,ONLINE COURSE PAYMENT,17162.75,Debit Card,Education
2025-02-16,RAILWAY TICKET REF221565,364.75,UPI,Transport
2025-02-17,UDEMY COURSE TXN45154,20945.03,Cash,Education
2025-02-17,COURSERA COURSE,24547.73,Credit Card,Education
2025-02-17,RAILWAY TICKET REF741194,2959.67,Debit Card,Transport
2025-02-17,TEA SHOP UPI TXN76916,1378.49,Wallet,Food
2025-02-17,ELECTRONICS STORE,9538.96,Net Banking,Shopping
2025-02-17,AUTO RICKSHAW UPI,2298.97,Net Banking,Transport
2025-02-17,LIBRARY FEE TXN30448,23085.23,Credit Card,Education
2025-02-17,HOSTEL RENT,6433.37,Debit Card,Rent
2025-02-17,DMART PURCHASE REF169163,13321.53,Credit Card,Shopping
2025-02-18,TATA PLAY RECHARGE,1257.27,Debit Card,Bills
2025-02-18,UPI CASH WITHDRAWAL CHENNAI,5427.9,Wallet,Other
2025-02-18,RELIANCE TRENDS,8479.6,Credit Card,Shopping
2025-02-18,UPI ZOMATO FOOD ORDER VIJAYAWADA,648.92,Debit Card,Food
2025-02-18,TATA PLAY RECHARGE,1962.92,UPI,Bills
2025-02-18,UPI GIFT PURCHASE HYD,2848.74,Credit Card,Other
2025-02-18,DOMINOS PIZZA,855.29,Wallet,Food
2025-02-18,AJIO PURCHASE TXN22692,12209.85,UPI,Shopping
2025-02-18,COLLEGE FEE,9836.98,Wallet,Education
2025-02-18,RAPIDO RIDE TXN34424,2236.29,Net Banking,Transport
2025-02-18,ACCOMMODATION PAYMENT REF197573,9473.18,Wallet,Rent
2025-02-18,UPI SWIGGY ORDER GUNTUR,666.61,Wallet,Food
2025-02-18,UPI CASH WITHDRAWAL CHENNAI,2206.98,Wallet,Other
2025-02-18,MOVIE TICKET,1122.68,Cash,Entertainment
2025-02-18,TATA PLAY RECHARGE TXN46455,3633.37,Net Banking,Bills
2025-02-18,EXAM FEE,1697.19,Credit Card,Education
2025-02-18,CASH WITHDRAWAL REF758472,8036.31,Wallet,Other
2025-02-18,SHOPPING MALL TXN90541,3477.99,Wallet,Shopping
2025-02-18,FLIPKART ORDER,9999.63,Cash,Shopping
2025-02-19,ONLINE COURSE PAYMENT REF857009,2351.77,Credit Card,Education
2025-02-19,UPI WATER BILL HYD,4814.58,Credit Card,Bills
2025-02-19,UPI INDIAN OIL PETROL HYD,1338.3,UPI,Transport
2025-02-19,COURSERA COURSE,13295.5,Credit Card,Education
2025-02-19,UPI EYE HOSPITAL CHENNAI,9027.8,UPI,Healthcare
2025-02-19,BANK CHARGE,4175.75,Net Banking,Other
2025-02-20,MOBILE POSTPAID BILL,5369.17,Debit Card,Bills
2025-02-20,INDIAN OIL PETROL,2655.88,Cash,Transport
2025-02-20,INDIAN OIL PETROL,1655.9,Wallet,Transport
2025-02-20,PG RENT PAYMENT,18189.62,Cash,Rent
2025-02-20,GAME PURCHASE,2468.4,Wallet,Entertainment
2025-02-20,SHOPPING MALL,12324.42,Debit Card,Shopping
2025-02-20,OLA CAB,1586.36,UPI,Transport
2025-02-20,MOVIE TICKET,462.04,Cash,Entertainment
2025-02-20,CAFE COFFEE DAY,1527.6,Credit Card,Food
2025-02-20,HOSTEL RENT,11871.62,Net Banking,Rent
2025-02-20,UPI AUTO RICKSHAW UPI BLR,1892.73,Credit Card,Transport
2025-02-20,TEA SHOP UPI REF755377,872.1,Debit Card,Food
2025-02-21,UPI RESTAURANT PAYMENT VIJAYAWADA,511.06,UPI,Food
2025-02-21,ZOMATO FOOD ORDER,639.02,Debit Card,Food
2025-02-21,RELIANCE TRENDS REF974190,7391.27,Credit Card,Shopping
2025-02-21,ZOMATO FOOD ORDER TXN33318,933.07,Wallet,Food
2025-02-22,SHOPPING MALL,1625.19,Credit Card,Shopping
2025-02-22,BROADBAND BILL,779.79,Cash,Bills
2025-02-22,UPI MISCELLANEOUS PAYMENT GUNTUR,1668.12,Credit Card,Other
2025-02-22,UPI PG RENT PAYMENT HYD,21640.21,Wallet,Rent
2025-02-22,HP FUEL STATION,2634.0,Credit Card,Transport
2025-02-22,NETFLIX SUBSCRIPTION,3732.31,UPI,Entertainment
2025-02-22,INOX MOVIES REF346136,3881.05,UPI,Entertainment
2025-02-22,MCDONALDS ORDER REF310740,1625.66,Wallet,Food
2025-02-22,MUTUAL FUND INVESTMENT,17332.25,UPI,Investment
2025-02-22,SIP INVESTMENT REF595002,1436.18,Debit Card,Investment
2025-02-23,GOLD SAVINGS REF216775,20700.5,Cash,Investment
2025-02-23,MUTUAL FUND INVESTMENT TXN47737,14351.16,Net Banking,Investment
2025-02-23,LIBRARY FEE REF173301,24531.59,Cash,Education
2025-02-23,UPI ELECTRICITY BILL VIJAYAWADA,1687.59,Cash,Bills
2025-02-23,FLIPKART ORDER,5469.83,Cash,Shopping
2025-02-23,TRAINING PROGRAM,2168.55,Cash,Education
2025-02-23,ROOM RENT REF636196,8567.4,Credit Card,Rent
2025-02-23,YOUTUBE PREMIUM,1701.51,Cash,Entertainment
2025-02-23,PHARMACY UPI,975.47,Net Banking,Healthcare
2025-02-24,SPOTIFY PREMIUM,1325.43,Wallet,Entertainment
2025-02-24,SIP INVESTMENT TXN42450,29245.58,Credit Card,Investment
2025-02-24,JIO RECHARGE TXN38546,2055.83,Cash,Bills
2025-02-24,UPI RESTAURANT PAYMENT HYD,1541.17,Net Banking,Food
2025-02-24,HOUSE RENT TXN28740,8605.3,Wallet,Rent
2025-02-24,PVR CINEMAS,2492.63,Credit Card,Entertainment
2025-02-24,BANK CHARGE TXN66164,2206.02,Cash,Other
2025-02-24,STATIONERY STORE TXN66055,11717.16,Net Banking,Education
2025-02-24,AMAZON PRIME REF345521,1808.26,Debit Card,Entertainment
2025-02-24,MISCELLANEOUS PAYMENT TXN73494,9435.05,Cash,Other
2025-02-25,UPI DENTAL CLINIC GUNTUR,3465.42,UPI,Healthcare
2025-02-25,FLIPKART ORDER,12565.84,Debit Card,Shopping
2025-02-25,HOSTEL FEE RENT,7759.77,UPI,Rent
2025-02-25,ATM FEE REF904686,4959.51,Credit Card,Other
2025-02-25,RESTAURANT PAYMENT REF484793,772.36,UPI,Food
2025-02-25,COURSERA COURSE,24345.67,Cash,Education
2025-02-25,ATM FEE REF674842,3767.76,Cash,Other
2025-02-25,OLA CAB REF781180,78.79,UPI,Transport
2025-02-25,UPI BAKERY PURCHASE CHENNAI,1385.19,Wallet,Food
2025-02-25,PG RENT PAYMENT TXN93515,24360.66,Credit Card,Rent
2025-02-25,CERTIFICATION EXAM,8247.5,UPI,Education
2025-02-25,FIXED DEPOSIT,25443.54,UPI,Investment
2025-02-25,ZOMATO FOOD ORDER,710.22,Credit Card,Food
2025-02-25,DOCTOR CONSULTATION REF288340,4196.3,Credit Card,Healthcare
2025-02-25,UPI AMAZON PURCHASE BLR,4278.65,Net Banking,Shopping
2025-02-26,UPI UPI TRANSFER GUNTUR,199.7,UPI,Other
2025-02-26,UPI DENTAL CLINIC CHENNAI,1766.16,Debit Card,Healthcare
2025-02-26,UPI ELECTRONICS STORE CHENNAI,11316.14,Net Banking,Shopping
2025-02-26,METRO TICKET REF728177,2932.66,Wallet,Transport
2025-02-26,RAILWAY TICKET,2994.62,Cash,Transport
2025-02-26,ROOM RENT,8592.54,Wallet,Rent
2025-02-26,ELECTRICITY BILL REF717210,159.29,Wallet,Bills
2025-02-26,MUTUAL FUND INVESTMENT,11705.46,Credit Card,Investment
2025-02-26,EYE HOSPITAL TXN29516,7306.51,Credit Card,Healthcare
2025-02-26,DONATION PAYMENT,6678.66,Debit Card,Other
2025-02-26,RELIANCE TRENDS,4521.12,Cash,Shopping
2025-02-27,ACT FIBERNET REF614889,4793.1,UPI,Bills
2025-02-27,CERTIFICATION EXAM TXN51102,3073.52,UPI,Education
2025-02-27,DONATION PAYMENT,172.79,Net Banking,Other
2025-02-27,CERTIFICATION EXAM,24141.6,Debit Card,Education
2025-02-27,UDEMY COURSE,8894.52,UPI,Education
2025-02-27,INDEX FUND SIP,4292.97,Credit Card,Investment
2025-02-27,STATIONERY STORE,12084.08,Cash,Education
2025-02-27,INVESTMENT ACCOUNT TXN65021,5763.38,UPI,Investment
2025-02-27,PVR CINEMAS TXN25744,158.22,UPI,Entertainment
2025-02-27,UPI RESTAURANT PAYMENT VIJAYAWADA,387.13,Debit Card,Food
2025-02-27,AIRTEL RECHARGE REF197219,3645.74,Wallet,Bills
2025-02-28,UPI MOBILE POSTPAID BILL GUNTUR,304.17,Debit Card,Bills
2025-02-28,ZOMATO FOOD ORDER,876.18,Wallet,Food
2025-02-28,DONATION PAYMENT,4042.77,Debit Card,Other
2025-02-28,DOCTOR CONSULTATION,6798.98,Debit Card,Healthcare
2025-02-28,SIP INVESTMENT,7857.82,Wallet,Investment
2025-02-28,MCDONALDS ORDER,265.27,Credit Card,Food
2025-02-28,UPI TATA PLAY RECHARGE GUNTUR,735.82,UPI,Bills
2025-02-28,BOOK STORE,22342.24,Wallet,Education
2025-02-28,HOSPITAL PAYMENT,7313.19,Debit Card,Healthcare
2025-02-28,RELIANCE TRENDS,13649.88,UPI,Shopping
2025-02-28,MONTHLY RENT,20311.72,Cash,Rent
2025-03-01,MEDPLUS PHARMACY,8875.92,Debit Card,Healthcare
2025-03-01,MYNTRA SHOPPING TXN12038,14744.1,UPI,Shopping
2025-03-01,UPI HOSTEL RENT CHENNAI,19313.61,Net Banking,Rent
2025-03-01,UPI AMAZON PURCHASE HYD,11694.39,Net Banking,Shopping
2025-03-01,COURSERA COURSE REF409445,8235.31,Debit Card,Education
2025-03-01,KFC RESTAURANT,245.91,UPI,Food
2025-03-01,UPI MOBILE POSTPAID BILL BLR,4520.25,Wallet,Bills
2025-03-01,INDEX FUND SIP,20698.55,Wallet,Investment
2025-03-01,UPI OLA CAB VIJAYAWADA,247.44,UPI,Transport
2025-03-01,DOCTOR CONSULTATION TXN63635,6933.78,Net Banking,Healthcare
2025-03-01,ACCOMMODATION PAYMENT,3557.35,Debit Card,Rent
2025-03-01,SHOPPING MALL TXN76698,10610.63,Net Banking,Shopping
2025-03-01,FLIPKART ORDER REF708543,3680.4,Net Banking,Shopping
2025-03-01,HOTSTAR SUBSCRIPTION,1766.75,UPI,Entertainment
2025-03-01,UPI SPOTIFY PREMIUM BLR,1331.67,Wallet,Entertainment
2025-03-01,LIBRARY FEE,22826.93,Credit Card,Education
2025-03-01,DOCTOR CONSULTATION,7170.64,Cash,Healthcare
2025-03-01,HOTSTAR SUBSCRIPTION REF243885,2604.39,Net Banking,Entertainment
2025-03-02,UPI TRANSFER,2220.23,Wallet,Other
2025-03-02,SHOPPING MALL REF689704,6248.89,Cash,Shopping
2025-03-02,HOSTEL FEE RENT,4367.31,Wallet,Rent
2025-03-02,GIFT PURCHASE TXN21495,537.86,Debit Card,Other
2025-03-02,JIO RECHARGE TXN37685,5514.16,UPI,Bills
2025-03-03,EYE HOSPITAL,6108.82,UPI,Healthcare
2025-03-03,BANK CHARGE REF272210,4916.56,Debit Card,Other
2025-03-03,MEESHO ORDER TXN53410,5926.29,Credit Card,Shopping
2025-03-03,BOOK STORE,10586.4,Net Banking,Education
2025-03-03,UPI TRANSFER REF734896,7036.55,Net Banking,Other
2025-03-03,TRAINING PROGRAM REF380859,22332.64,Net Banking,Education
2025-03-03,EYE HOSPITAL,2953.42,Net Banking,Healthcare
2025-03-03,AIRTEL RECHARGE,5495.56,Net Banking,Bills
2025-03-03,UPI ATM FEE VIJAYAWADA,3458.33,Debit Card,Other
2025-03-03,MEDICAL STORE,966.88,Credit Card,Healthcare
2025-03-04,BANK CHARGE,2040.15,Wallet,Other
2025-03-04,FLIPKART ORDER,8744.35,Net Banking,Shopping
2025-03-04,TEA SHOP UPI TXN93208,1001.1,Net Banking,Food
2025-03-04,YOUTUBE PREMIUM TXN46876,1447.55,Cash,Entertainment
2025-03-04,PHARMACY UPI,7037.19,UPI,Healthcare
2025-03-04,UDEMY COURSE,2993.26,UPI,Education
2025-03-05,UPI ELECTRONICS STORE CHENNAI,12602.89,Debit Card,Shopping
2025-03-05,CAFE COFFEE DAY,568.07,Cash,Food
2025-03-05,UPI ROOM RENT VIJAYAWADA,8737.93,Wallet,Rent
2025-03-05,UPI BANK CHARGE CHENNAI,863.35,UPI,Other
2025-03-05,UPI MEDPLUS PHARMACY BLR,9832.85,Net Banking,Healthcare
2025-03-05,PETROL PUMP TXN84326,1906.35,Net Banking,Transport
2025-03-05,UPI DMART PURCHASE HYD,4162.79,Wallet,Shopping
2025-03-06,FIXED DEPOSIT,24553.44,UPI,Investment
2025-03-06,PG RENT PAYMENT TXN33979,12745.29,Credit Card,Rent
2025-03-06,UDEMY COURSE TXN49460,6539.03,Wallet,Education
2025-03-06,AMAZON PURCHASE,3336.1,Credit Card,Shopping
2025-03-06,UPI AIRTEL RECHARGE VIJAYAWADA,1989.58,Wallet,Bills
2025-03-06,UPI RECURRING DEPOSIT GUNTUR,14983.69,Credit Card,Investment
2025-03-06,HP FUEL STATION,69.34,Wallet,Transport
2025-03-06,TATA PLAY RECHARGE,5507.78,Net Banking,Bills
2025-03-06,RESTAURANT PAYMENT,71.55,Debit Card,Food
2025-03-06,SPOTIFY PREMIUM,1323.97,Net Banking,Entertainment
2025-03-06,PERSONAL TRANSFER REF656738,7945.82,Net Banking,Other
2025-03-07,DMART PURCHASE TXN58969,13111.33,Cash,Shopping
2025-03-07,INDEX FUND SIP,22147.53,Credit Card,Investment
2025-03-07,MOBILE POSTPAID BILL REF434042,3110.62,Credit Card,Bills
2025-03-07,EYE HOSPITAL TXN53484,3449.88,Net Banking,Healthcare
2025-03-07,DIAGNOSTIC LAB TXN25461,906.91,Cash,Healthcare
2025-03-07,AIRTEL RECHARGE REF605470,126.42,UPI,Bills
2025-03-08,UPI PERSONAL TRANSFER HYD,5306.67,Cash,Other
2025-03-08,UDEMY COURSE,18226.49,UPI,Education
2025-03-08,HOSPITAL PAYMENT TXN53791,5665.94,Net Banking,Healthcare
2025-03-08,MCDONALDS ORDER,1025.24,UPI,Food
2025-03-08,UPI MOVIE TICKET HYD,3206.52,Cash,Entertainment
2025-03-08,COLLEGE FEE,16478.42,Cash,Education
2025-03-08,UPI ELECTRICITY BILL BLR,2746.82,Debit Card,Bills
2025-03-08,PERSONAL TRANSFER TXN34108,8679.22,Cash,Other
2025-03-08,OLA CAB TXN69323,2854.51,Credit Card,Transport
2025-03-08,SWIGGY ORDER TXN25806,1779.27,Wallet,Food
2025-03-08,UPI MCDONALDS ORDER CHENNAI,784.47,Debit Card,Food
2025-03-08,SIP INVESTMENT REF329994,26317.91,Net Banking,Investment
2025-03-08,MEDICAL STORE,6080.02,Wallet,Healthcare
2025-03-08,MEESHO ORDER REF318579,713.02,UPI,Shopping
2025-03-08,HOUSE RENT TXN94923,21841.85,Wallet,Rent
2025-03-09,TEA SHOP UPI,1714.43,UPI,Food
2025-03-09,ACT FIBERNET,5580.3,Net Banking,Bills
2025-03-09,COURSERA COURSE,21549.93,Cash,Education
2025-03-09,INOX MOVIES REF346158,1697.43,Cash,Entertainment
2025-03-09,MEDPLUS PHARMACY REF539299,5444.39,Cash,Healthcare
2025-03-09,GOLD SAVINGS REF472304,20561.63,Net Banking,Investment
2025-03-09,UPI BAKERY PURCHASE GUNTUR,1276.84,UPI,Food
2025-03-09,UPI TRANSFER REF318897,7265.72,Cash,Other
2025-03-09,DOCTOR CONSULTATION TXN96332,1626.02,Net Banking,Healthcare
2025-03-09,INOX MOVIES,2373.62,Cash,Entertainment
2025-03-09,ROOM RENT TXN79163,22193.53,Debit Card,Rent
2025-03-09,AJIO PURCHASE,14405.44,Wallet,Shopping
2025-03-09,HOSTEL RENT,18476.65,UPI,Rent
2025-03-09,MEESHO ORDER,7106.7,Debit Card,Shopping
2025-03-10,TRAINING PROGRAM TXN24637,19658.82,Cash,Education
2025-03-10,RELIANCE TRENDS REF956850,14499.54,Cash,Shopping
2025-03-10,HP FUEL STATION TXN73469,183.0,Credit Card,Transport
2025-03-10,UPI LIBRARY FEE CHENNAI,5401.82,Credit Card,Education
2025-03-10,UPI NETFLIX SUBSCRIPTION BLR,328.72,Net Banking,Entertainment
2025-03-10,INDIAN OIL PETROL,309.32,UPI,Transport
2025-03-10,PVR CINEMAS TXN98440,2948.18,Cash,Entertainment
2025-03-10,TATA PLAY RECHARGE REF776828,3144.08,UPI,Bills
2025-03-10,COLLEGE FEE REF620082,8987.42,Net Banking,Education
2025-03-10,RAPIDO RIDE TXN81855,1316.73,Debit Card,Transport
2025-03-11,LIBRARY FEE,20244.86,Net Banking,Education
2025-03-11,BAKERY PURCHASE TXN54541,444.61,Wallet,Food
2025-03-11,DONATION PAYMENT REF335654,2032.98,Net Banking,Other
2025-03-11,UPI SHOPPING MALL CHENNAI,12793.9,Debit Card,Shopping
2025-03-11,AMAZON PRIME TXN50162,1933.97,UPI,Entertainment
2025-03-12,AJIO PURCHASE TXN92255,4078.44,Cash,Shopping
2025-03-12,UPI UDEMY COURSE HYD,18911.8,Net Banking,Education
2025-03-12,UPI BUS TICKET CHENNAI,2674.86,Wallet,Transport
2025-03-12,MEDICAL STORE,6065.95,Debit Card,Healthcare
2025-03-12,MEDPLUS PHARMACY,8975.15,Wallet,Healthcare
2025-03-12,CERTIFICATION EXAM TXN49068,12302.77,UPI,Education
2025-03-12,BUS TICKET TXN79588,127.16,Credit Card,Transport
2025-03-12,MYNTRA SHOPPING,11535.91,Credit Card,Shopping
2025-03-12,UPI SHOPPING MALL GUNTUR,14169.28,Net Banking,Shopping
2025-03-12,STATIONERY STORE,15188.78,Debit Card,Education
2025-03-12,HOUSE RENT REF502233,4183.6,Net Banking,Rent
2025-03-12,DONATION PAYMENT,760.36,Credit Card,Other
2025-03-12,ATM FEE,9797.9,Wallet,Other
2025-03-12,UPI ZOMATO FOOD ORDER HYD,924.28,Net Banking,Food
2025-03-12,INDEX FUND SIP,9158.4,Debit Card,Investment
2025-03-12,SIP INVESTMENT REF753924,15265.72,Wallet,Investment
2025-03-13,UPI PERSONAL TRANSFER HYD,3640.25,UPI,Other
2025-03-13,CAFE COFFEE DAY,809.63,Wallet,Food
2025-03-13,FIXED DEPOSIT,8691.26,Wallet,Investment
2025-03-13,UBER TRIP,2837.92,Credit Card,Transport
2025-03-13,YOUTUBE PREMIUM TXN11403,1805.84,Debit Card,Entertainment
2025-03-13,SWIGGY ORDER REF761675,1362.71,Credit Card,Food
2025-03-13,UPI PG RENT PAYMENT BLR,5453.94,Debit Card,Rent
2025-03-13,KFC RESTAURANT,1319.85,Credit Card,Food
2025-03-13,HOSPITAL PAYMENT,5561.64,Cash,Healthcare
2025-03-13,UBER TRIP,957.23,UPI,Transport
2025-03-13,MONTHLY RENT,22526.91,Net Banking,Rent
2025-03-13,MOBILE POSTPAID BILL TXN20929,3168.83,Cash,Bills
2025-03-13,COLLEGE FEE REF525235,20326.13,Net Banking,Education
2025-03-14,UPI TRANSFER,3011.68,Net Banking,Other
2025-03-14,UPI METRO TICKET VIJAYAWADA,827.94,Credit Card,Transport
2025-03-14,GROCERY FOOD STORE,1788.32,Cash,Food
2025-03-14,DOMINOS PIZZA TXN34390,1564.97,Wallet,Food
2025-03-14,MEDICAL STORE,7513.58,Cash,Healthcare
2025-03-14,DOMINOS PIZZA,610.07,UPI,Food
2025-03-15,UDEMY COURSE,10003.13,Debit Card,Education
2025-03-15,MONTHLY RENT REF428282,21607.64,Wallet,Rent
2025-03-15,ROOM RENT TXN26327,16558.15,Credit Card,Rent
2025-03-15,ELECTRICITY BILL,2875.76,Net Banking,Bills
2025-03-15,HOTSTAR SUBSCRIPTION,793.31,Credit Card,Entertainment
2025-03-15,MEESHO ORDER,7728.78,Debit Card,Shopping
2025-03-15,UPI HOUSE RENT GUNTUR,16561.27,UPI,Rent
2025-03-15,INDIAN OIL PETROL,2565.65,Credit Card,Transport
2025-03-15,GOLD SAVINGS,13064.3,Cash,Investment
2025-03-16,DONATION PAYMENT TXN32336,9593.65,Debit Card,Other
2025-03-16,MCDONALDS ORDER TXN23734,697.46,Credit Card,Food
2025-03-16,UPI BUS TICKET CHENNAI,1850.82,Debit Card,Transport
2025-03-16,RECURRING DEPOSIT REF862400,13022.74,Cash,Investment
2025-03-16,FLIPKART ORDER TXN56551,2743.42,Credit Card,Shopping
2025-03-16,CASH WITHDRAWAL REF149237,5993.05,Net Banking,Other
2025-03-16,MISCELLANEOUS PAYMENT,9375.39,UPI,Other
2025-03-16,GIFT PURCHASE,5080.23,UPI,Other
2025-03-16,CAFE COFFEE DAY,1380.37,Net Banking,Food
2025-03-16,GOLD SAVINGS TXN64046,23043.44,Wallet,Investment
2025-03-17,GIFT PURCHASE REF848276,5997.5,Wallet,Other
2025-03-17,UPI AIRTEL RECHARGE VIJAYAWADA,3080.01,Net Banking,Bills
2025-03-17,UPI LIBRARY FEE VIJAYAWADA,9983.51,Cash,Education
2025-03-17,UPI SWIGGY ORDER GUNTUR,719.5,UPI,Food
2025-03-17,UPI KFC RESTAURANT VIJAYAWADA,1736.97,UPI,Food
2025-03-17,WATER BILL TXN74771,2354.23,Debit Card,Bills
2025-03-17,OLA CAB REF912323,1468.24,UPI,Transport
2025-03-17,UPI MISCELLANEOUS PAYMENT GUNTUR,8426.59,UPI,Other
2025-03-17,UPI INVESTMENT ACCOUNT BLR,12662.25,UPI,Investment
2025-03-17,ATM FEE REF407874,5740.24,Net Banking,Other
2025-03-17,DIAGNOSTIC LAB,9983.17,Cash,Healthcare
2025-03-17,DIAGNOSTIC LAB REF372151,6356.02,UPI,Healthcare
2025-03-17,BANK CHARGE,3548.68,Net Banking,Other
2025-03-17,ACT FIBERNET,1775.35,Cash,Bills
2025-03-18,BOOK STORE TXN63266,1585.86,UPI,Education
2025-03-18,AJIO PURCHASE REF294006,14388.17,Credit Card,Shopping
2025-03-18,SHOPPING MALL,6176.6,UPI,Shopping
2025-03-18,UPI DONATION PAYMENT CHENNAI,8375.26,Net Banking,Other
2025-03-18,COLLEGE FEE,10207.53,Debit Card,Education
2025-03-18,MONTHLY RENT,12925.33,Net Banking,Rent
2025-03-18,COLLEGE FEE TXN61023,19837.37,UPI,Education
2025-03-18,UPI TRANSFER TXN89002,9522.9,Wallet,Other
2025-03-18,UPI ELECTRICITY BILL VIJAYAWADA,4663.4,Wallet,Bills
2025-03-18,DOMINOS PIZZA,488.2,Debit Card,Food
2025-03-18,METRO TICKET TXN94775,1202.24,Debit Card,Transport
2025-03-18,FIXED DEPOSIT,27841.69,Cash,Investment
2025-03-18,COLLEGE FEE REF761032,21205.98,Net Banking,Education
2025-03-18,UPI TRAINING PROGRAM CHENNAI,23434.34,Debit Card,Education
2025-03-19,PG RENT PAYMENT,23610.59,Wallet,Rent
2025-03-19,MUTUAL FUND INVESTMENT,5573.55,Cash,Investment
2025-03-19,HEALTH CHECKUP,4986.8,UPI,Healthcare
2025-03-19,MUTUAL FUND INVESTMENT,22875.53,Cash,Investment
2025-03-19,BAKERY PURCHASE REF276149,1667.23,Wallet,Food
2025-03-19,HOSTEL FEE RENT,16406.67,Debit Card,Rent
2025-03-20,CAFE COFFEE DAY,237.9,Credit Card,Food
2025-03-20,DOCTOR CONSULTATION,4600.52,Net Banking,Healthcare
2025-03-20,ENTERTAINMENT EVENT TXN81368,2738.24,Wallet,Entertainment
2025-03-20,STOCK INVESTMENT,9280.72,Debit Card,Investment
2025-03-20,GOLD SAVINGS,836.53,Net Banking,Investment
2025-03-20,CASH WITHDRAWAL,8483.79,Credit Card,Other
2025-03-20,RELIANCE TRENDS,1660.85,Cash,Shopping
2025-03-20,PERSONAL TRANSFER,4675.29,Credit Card,Other
2025-03-20,UPI UPI TRANSFER GUNTUR,9732.19,Wallet,Other
2025-03-20,APARTMENT RENT,22975.24,Credit Card,Rent
2025-03-20,JIO RECHARGE,1417.7,Credit Card,Bills
2025-03-21,MISCELLANEOUS PAYMENT TXN60173,4090.02,Cash,Other
2025-03-21,UPI COURSERA COURSE BLR,14764.04,Debit Card,Education
2025-03-21,YOUTUBE PREMIUM TXN29025,2168.25,UPI,Entertainment
2025-03-21,COURSERA COURSE TXN51856,12712.9,Debit Card,Education
2025-03-21,RAILWAY TICKET,2055.93,Credit Card,Transport
2025-03-21,METRO TICKET TXN87264,1688.41,Debit Card,Transport
2025-03-21,YOUTUBE PREMIUM REF617000,3303.99,Cash,Entertainment
2025-03-21,MOVIE TICKET TXN81402,2694.65,Net Banking,Entertainment
2025-03-21,MEESHO ORDER,10596.0,Cash,Shopping
2025-03-21,YOUTUBE PREMIUM TXN83963,236.78,Net Banking,Entertainment
2025-03-21,RAILWAY TICKET REF572852,2473.82,Net Banking,Transport
2025-03-21,PVR CINEMAS,2858.21,Debit Card,Entertainment
2025-03-21,ELECTRICITY BILL TXN34325,142.09,Debit Card,Bills
2025-03-21,GOLD SAVINGS REF621937,22195.14,Credit Card,Investment
2025-03-22,HOSPITAL PAYMENT,6446.67,Cash,Healthcare
2025-03-22,KFC RESTAURANT TXN70838,899.42,Net Banking,Food
2025-03-22,UPI GAME PURCHASE BLR,2340.49,Cash,Entertainment
2025-03-22,UPI ELECTRICITY BILL VIJAYAWADA,4990.89,Cash,Bills
2025-03-22,HOSPITAL PAYMENT REF740171,1495.0,Debit Card,Healthcare
2025-03-22,TEA SHOP UPI TXN93985,294.44,Credit Card,Food
2025-03-22,COURSERA COURSE,7558.07,Debit Card,Education
2025-03-22,MEDICAL STORE REF119776,3956.39,Net Banking,Healthcare
2025-03-23,UDEMY COURSE,7133.87,Wallet,Education
2025-03-23,YOUTUBE PREMIUM,520.62,Net Banking,Entertainment
2025-03-23,COLLEGE FEE,17426.99,Net Banking,Education
2025-03-23,CAFE COFFEE DAY TXN59106,1508.35,Net Banking,Food
2025-03-23,DOMINOS PIZZA REF330941,245.48,Net Banking,Food
2025-03-23,RAILWAY TICKET TXN56109,605.13,UPI,Transport
2025-03-23,PHARMACY UPI,1393.23,Credit Card,Healthcare
2025-03-23,UPI DIAGNOSTIC LAB GUNTUR,9673.84,Credit Card,Healthcare
2025-03-23,ACCOMMODATION PAYMENT,9285.46,Net Banking,Rent
2025-03-23,CAFE COFFEE DAY TXN26315,1448.85,Net Banking,Food
2025-03-23,UPI AMAZON PRIME BLR,2190.15,Credit Card,Entertainment
2025-03-23,TATA PLAY RECHARGE,5699.94,UPI,Bills
2025-03-23,CLOTHING STORE TXN58198,5502.58,UPI,Shopping
2025-03-24,APARTMENT RENT TXN35817,11525.42,UPI,Rent
2025-03-24,APARTMENT RENT REF636002,19482.43,Wallet,Rent
2025-03-24,EYE HOSPITAL TXN95732,6064.64,UPI,Healthcare
2025-03-24,PHARMACY UPI,3617.33,Net Banking,Healthcare
2025-03-24,CERTIFICATION EXAM REF433488,3168.92,Net Banking,Education
2025-03-24,CASH WITHDRAWAL REF834790,9602.98,Cash,Other
2025-03-24,DOMINOS PIZZA,1236.66,UPI,Food
2025-03-24,PG RENT PAYMENT,14342.33,UPI,Rent
2025-03-24,UPI DOMINOS PIZZA GUNTUR,675.67,Cash,Food
2025-03-24,RELIANCE TRENDS TXN86868,6718.82,Cash,Shopping
2025-03-24,MOVIE TICKET,2205.47,UPI,Entertainment
2025-03-25,PERSONAL TRANSFER TXN12972,3722.78,Wallet,Other
2025-03-25,RECURRING DEPOSIT REF559876,19860.25,Debit Card,Investment
2025-03-25,CERTIFICATION EXAM REF735959,13960.58,Credit Card,Education
2025-03-25,UPI SPOTIFY PREMIUM VIJAYAWADA,357.0,Cash,Entertainment
2025-03-25,UPI RECURRING DEPOSIT BLR,17132.98,Credit Card,Investment
2025-03-25,BANK CHARGE TXN42354,9866.33,Cash,Other
2025-03-25,ZOMATO FOOD ORDER,727.0,Net Banking,Food
2025-03-25,HOSPITAL PAYMENT,1739.02,Net Banking,Healthcare
2025-03-25,UPI UBER TRIP VIJAYAWADA,1662.89,Debit Card,Transport
2025-03-26,ENTERTAINMENT EVENT REF127612,1174.77,Cash,Entertainment
2025-03-26,UPI DOCTOR CONSULTATION GUNTUR,2667.61,Credit Card,Healthcare
2025-03-26,COLLEGE FEE REF471664,20158.86,Credit Card,Education
2025-03-26,UPI INVESTMENT ACCOUNT CHENNAI,3147.61,Cash,Investment
2025-03-26,UBER TRIP TXN80520,2581.26,Cash,Transport
2025-03-26,RECURRING DEPOSIT TXN50023,29001.51,Debit Card,Investment
2025-03-26,PHARMACY UPI,6400.97,Wallet,Healthcare
2025-03-26,BROADBAND BILL REF243982,5278.06,UPI,Bills
2025-03-26,HEALTH CHECKUP REF833911,5374.61,Credit Card,Healthcare
2025-03-27,UPI UPI TRANSFER CHENNAI,4053.49,Credit Card,Other
2025-03-27,MYNTRA SHOPPING,3393.32,Wallet,Shopping
2025-03-27,BROADBAND BILL,249.33,UPI,Bills
2025-03-27,AUTO RICKSHAW UPI REF849894,2621.58,Net Banking,Transport
2025-03-27,UPI MOBILE POSTPAID BILL VIJAYAWADA,5875.87,Wallet,Bills
2025-03-27,PG RENT PAYMENT TXN98907,23836.86,Net Banking,Rent
2025-03-27,COURSERA COURSE REF174035,22588.63,Wallet,Education
2025-03-28,BUS TICKET,623.4,Credit Card,Transport
2025-03-28,STATIONERY STORE,24382.64,Wallet,Education
2025-03-28,INDIAN OIL PETROL REF389970,1773.69,Net Banking,Transport
2025-03-28,HOSTEL RENT REF133755,16121.61,Cash,Rent
2025-03-28,CAFE COFFEE DAY REF305967,887.02,UPI,Food
2025-03-28,JIO RECHARGE,972.15,UPI,Bills
2025-03-29,COURSERA COURSE,1533.72,Credit Card,Education
2025-03-29,UPI PETROL PUMP GUNTUR,2923.43,Credit Card,Transport
2025-03-29,GAS BILL PAYMENT,2758.04,Credit Card,Bills
2025-03-29,PETROL PUMP,2320.54,Debit Card,Transport
2025-03-29,UPI ATM FEE BLR,9326.82,Credit Card,Other
2025-03-29,AUTO RICKSHAW UPI,2057.9,UPI,Transport
2025-03-29,HEALTH CHECKUP,2576.4,Net Banking,Healthcare
2025-03-29,RAPIDO RIDE,2903.54,Debit Card,Transport
2025-03-29,PHARMACY UPI REF973630,4705.62,Debit Card,Healthcare
2025-03-29,GIFT PURCHASE,6348.48,Wallet,Other
2025-03-29,ENTERTAINMENT EVENT REF154535,1248.09,Net Banking,Entertainment
2025-03-29,BUS TICKET TXN22395,2778.13,Credit Card,Transport
2025-03-29,HEALTH CHECKUP REF275975,5870.3,UPI,Healthcare
2025-03-29,UPI ELECTRICITY BILL HYD,3590.92,Debit Card,Bills
2025-03-30,RAILWAY TICKET REF776187,1149.73,Cash,Transport
2025-03-30,MUTUAL FUND INVESTMENT,20865.23,UPI,Investment
2025-03-30,HOSTEL FEE RENT,13051.97,Cash,Rent
2025-03-30,WATER BILL,4050.01,Wallet,Bills
2025-03-30,UBER TRIP REF823255,373.9,Net Banking,Transport
2025-03-30,KFC RESTAURANT,987.57,UPI,Food
2025-03-30,UPI AIRTEL RECHARGE BLR,5932.45,Wallet,Bills
2025-03-30,HOSTEL FEE RENT,6453.53,Credit Card,Rent
2025-03-30,ROOM RENT,9130.02,Net Banking,Rent
2025-03-30,UPI GAME PURCHASE CHENNAI,1451.48,Wallet,Entertainment
2025-03-31,AMAZON PRIME TXN41406,1064.58,UPI,Entertainment
2025-03-31,WATER BILL,2616.37,Cash,Bills
2025-03-31,CERTIFICATION EXAM,5795.44,Wallet,Education
2025-03-31,HP FUEL STATION,2426.39,Wallet,Transport
2025-03-31,APARTMENT RENT,19414.87,Wallet,Rent
2025-03-31,UPI PERSONAL TRANSFER HYD,880.83,UPI,Other
2025-03-31,DONATION PAYMENT TXN19253,6289.84,Net Banking,Other
2025-03-31,MEESHO ORDER REF925704,10536.46,UPI,Shopping
2025-03-31,UPI ACCOMMODATION PAYMENT HYD,5198.32,UPI,Rent
2025-04-01,GROCERY FOOD STORE TXN49988,1348.34,Net Banking,Food
2025-04-01,AJIO PURCHASE,6558.73,Net Banking,Shopping
2025-04-01,CERTIFICATION EXAM,20741.71,Cash,Education
2025-04-01,HOSTEL FEE RENT,6616.3,UPI,Rent
2025-04-01,UPI GAS BILL PAYMENT GUNTUR,3452.65,UPI,Bills
2025-04-01,TRAINING PROGRAM,3126.42,Debit Card,Education
2025-04-01,RESTAURANT PAYMENT TXN50569,1327.78,Credit Card,Food
2025-04-01,PERSONAL TRANSFER TXN25071,4629.43,Cash,Other
2025-04-01,AMAZON PRIME,504.34,Credit Card,Entertainment
2025-04-01,FLIPKART ORDER TXN57347,13586.04,Wallet,Shopping
2025-04-02,SWIGGY ORDER,939.63,Net Banking,Food
2025-04-02,UPI TRANSFER,7723.5,Credit Card,Other
2025-04-02,BROADBAND BILL TXN90264,153.52,Cash,Bills
2025-04-02,ELECTRICITY BILL REF205797,3604.27,Cash,Bills
2025-04-02,BOOK STORE,2844.75,Debit Card,Education
2025-04-02,VI MOBILE RECHARGE,839.71,Wallet,Bills
2025-04-02,RECURRING DEPOSIT,27908.06,UPI,Investment
2025-04-02,BOOK STORE TXN64116,10336.78,Credit Card,Education
2025-04-02,UPI TRAINING PROGRAM VIJAYAWADA,17920.42,Cash,Education
2025-04-02,MISCELLANEOUS PAYMENT,3055.77,Debit Card,Other
2025-04-02,APARTMENT RENT REF653358,12843.41,Credit Card,Rent
2025-04-02,OLA CAB,2592.22,Debit Card,Transport
2025-04-02,GAME PURCHASE,3985.3,Credit Card,Entertainment
2025-04-02,UPI PVR CINEMAS HYD,3630.14,Cash,Entertainment
2025-04-03,ACT FIBERNET,2301.52,Wallet,Bills
2025-04-03,HOTSTAR SUBSCRIPTION TXN81009,1749.35,UPI,Entertainment
2025-04-03,PVR CINEMAS REF915044,1406.03,UPI,Entertainment
2025-04-03,METRO TICKET,2409.75,UPI,Transport
2025-04-03,RAILWAY TICKET TXN34833,2370.43,Net Banking,Transport
2025-04-03,PETROL PUMP,811.38,Cash,Transport
2025-04-04,MUTUAL FUND INVESTMENT TXN10193,6391.54,UPI,Investment
2025-04-04,GAS BILL PAYMENT,3478.34,Cash,Bills
2025-04-04,ELECTRONICS STORE TXN93395,9876.09,Net Banking,Shopping
2025-04-04,MOBILE POSTPAID BILL REF104468,2508.7,Debit Card,Bills
2025-04-04,GAS BILL PAYMENT REF178812,1370.44,UPI,Bills
2025-04-04,CERTIFICATION EXAM,5343.81,Net Banking,Education
2025-04-04,RAILWAY TICKET REF512243,2691.94,Debit Card,Transport
2025-04-04,UPI PETROL PUMP BLR,758.9,Credit Card,Transport
2025-04-04,GAME PURCHASE REF881886,346.94,Credit Card,Entertainment
2025-04-04,HOSTEL RENT REF813681,7144.07,Cash,Rent
2025-04-04,ACCOMMODATION PAYMENT TXN16569,11656.42,Cash,Rent
2025-04-05,ELECTRONICS STORE REF262959,1674.3,Net Banking,Shopping
2025-04-05,UPI JIO RECHARGE GUNTUR,4483.72,Net Banking,Bills
2025-04-05,HOSTEL FEE RENT TXN99864,16553.08,Wallet,Rent
2025-04-05,MOVIE TICKET,1845.97,Credit Card,Entertainment
2025-04-05,FIXED DEPOSIT,9266.05,Cash,Investment
2025-04-05,HP FUEL STATION,2700.69,Cash,Transport
2025-04-05,TRAINING PROGRAM TXN69577,18933.01,Cash,Education
2025-04-05,FIXED DEPOSIT REF332575,28584.25,Debit Card,Investment
2025-04-05,ACCOMMODATION PAYMENT,3431.81,Cash,Rent
2025-04-05,AMAZON PRIME TXN94281,2395.23,Debit Card,Entertainment
2025-04-05,APARTMENT RENT REF333291,7725.48,Credit Card,Rent
2025-04-05,NETFLIX SUBSCRIPTION TXN40003,2332.03,Wallet,Entertainment
2025-04-06,AMAZON PURCHASE TXN44314,3608.74,Debit Card,Shopping
2025-04-06,ROOM RENT,23866.63,Cash,Rent
2025-04-06,DOMINOS PIZZA TXN23631,1759.85,UPI,Food
2025-04-06,PVR CINEMAS,3434.64,Cash,Entertainment
2025-04-06,UPI TRANSFER,1006.31,Credit Card,Other
2025-04-06,DMART PURCHASE REF839421,14423.79,Wallet,Shopping
2025-04-06,CLOTHING STORE REF264136,139.87,Wallet,Shopping
2025-04-06,APOLLO PHARMACY,6255.75,Debit Card,Healthcare
2025-04-06,UPI HOTSTAR SUBSCRIPTION HYD,737.85,Credit Card,Entertainment
2025-04-06,EYE HOSPITAL REF610717,8423.87,Cash,Healthcare
2025-04-07,KFC RESTAURANT REF462177,768.91,UPI,Food
2025-04-07,GROCERY FOOD STORE REF298329,255.95,Cash,Food
2025-04-07,UPI MYNTRA SHOPPING GUNTUR,13780.05,Credit Card,Shopping
2025-04-07,UPI SWIGGY ORDER CHENNAI,68.79,Debit Card,Food
2025-04-07,LIBRARY FEE REF962500,5954.85,UPI,Education
2025-04-07,HOTSTAR SUBSCRIPTION REF196902,1602.35,UPI,Entertainment
2025-04-07,STOCK INVESTMENT,24981.86,UPI,Investment
2025-04-07,MOVIE TICKET,2527.62,Debit Card,Entertainment
2025-04-07,UPI MOBILE POSTPAID BILL GUNTUR,2422.77,Cash,Bills
2025-04-07,TATA PLAY RECHARGE,1577.97,Cash,Bills
2025-04-07,VI MOBILE RECHARGE,2872.19,Debit Card,Bills
2025-04-08,LIBRARY FEE,6090.76,Credit Card,Education
2025-04-08,UPI GROCERY FOOD STORE HYD,684.17,Debit Card,Food
2025-04-08,PHARMACY UPI,353.65,Cash,Healthcare
2025-04-08,HOSTEL FEE RENT TXN81641,18720.73,Debit Card,Rent
2025-04-08,MOVIE TICKET REF166447,1553.35,Net Banking,Entertainment
2025-04-08,UPI SIP INVESTMENT CHENNAI,1199.36,Net Banking,Investment
2025-04-08,GOLD SAVINGS REF945990,20937.08,Cash,Investment
2025-04-08,DOMINOS PIZZA,1307.42,Net Banking,Food
2025-04-09,CERTIFICATION EXAM,4631.68,Credit Card,Education
2025-04-09,INVESTMENT ACCOUNT,26305.44,UPI,Investment
2025-04-09,VI MOBILE RECHARGE,5884.93,Credit Card,Bills
2025-04-09,YOUTUBE PREMIUM TXN76366,750.48,Net Banking,Entertainment
2025-04-09,RECURRING DEPOSIT REF304753,6353.96,Debit Card,Investment
2025-04-09,HOSTEL FEE RENT,10635.24,UPI,Rent
2025-04-09,AIRTEL RECHARGE,4146.83,UPI,Bills
2025-04-09,UPI AMAZON PURCHASE CHENNAI,9783.63,UPI,Shopping
2025-04-09,APARTMENT RENT REF938635,9483.99,UPI,Rent
2025-04-09,UPI INDIAN OIL PETROL BLR,1025.95,Wallet,Transport
2025-04-09,UPI UPI TRANSFER BLR,307.12,Cash,Other
2025-04-09,ACT FIBERNET TXN21561,2018.95,UPI,Bills
2025-04-09,AUTO RICKSHAW UPI,2431.82,Debit Card,Transport
2025-04-09,PERSONAL TRANSFER REF914075,1016.82,UPI,Other
2025-04-09,BROADBAND BILL,4516.84,Debit Card,Bills
2025-04-10,HOUSE RENT TXN14857,11439.05,Wallet,Rent
2025-04-10,GAS BILL PAYMENT TXN60868,2871.08,UPI,Bills
2025-04-10,DOCTOR CONSULTATION,9634.27,Net Banking,Healthcare
2025-04-10,ACT FIBERNET REF622301,1934.33,Credit Card,Bills
2025-04-10,CAFE COFFEE DAY TXN31259,896.39,Cash,Food
2025-04-10,DMART PURCHASE,10428.58,Net Banking,Shopping
2025-04-10,YOUTUBE PREMIUM,3153.96,Debit Card,Entertainment
2025-04-10,HOUSE RENT,9565.76,Net Banking,Rent
2025-04-11,AUTO RICKSHAW UPI,1345.94,Wallet,Transport
2025-04-11,FIXED DEPOSIT,19251.59,UPI,Investment
2025-04-11,COURSERA COURSE TXN38692,12545.83,Debit Card,Education
2025-04-11,UPI ONLINE COURSE PAYMENT BLR,12765.6,Debit Card,Education
2025-04-11,MYNTRA SHOPPING REF520954,8291.42,Credit Card,Shopping
2025-04-11,UPI OLA CAB GUNTUR,956.31,Debit Card,Transport
2025-04-11,MUTUAL FUND INVESTMENT,19642.89,Net Banking,Investment
2025-04-11,UPI STATIONERY STORE VIJAYAWADA,13826.58,UPI,Education
2025-04-12,HOUSE RENT REF999312,6475.64,UPI,Rent
2025-04-12,AIRTEL RECHARGE REF448315,5573.68,Cash,Bills
2025-04-12,UPI TRANSFER,1137.7,UPI,Other
2025-04-12,UPI HOSPITAL PAYMENT VIJAYAWADA,6927.41,Debit Card,Healthcare
2025-04-12,UPI AJIO PURCHASE CHENNAI,3102.97,Wallet,Shopping
2025-04-12,MEDPLUS PHARMACY REF914044,3603.21,Net Banking,Healthcare
2025-04-12,STATIONERY STORE TXN76680,2888.61,UPI,Education
2025-04-12,CASH WITHDRAWAL,5073.48,Net Banking,Other
2025-04-12,HOSTEL FEE RENT TXN47065,15386.89,Credit Card,Rent
2025-04-12,APARTMENT RENT,24929.38,UPI,Rent
2025-04-12,UPI CERTIFICATION EXAM GUNTUR,10379.47,UPI,Education
2025-04-12,APARTMENT RENT TXN52899,4900.48,UPI,Rent
2025-04-12,RECURRING DEPOSIT REF174287,28828.32,UPI,Investment
2025-04-13,UPI CASH WITHDRAWAL CHENNAI,5596.7,Net Banking,Other
2025-04-13,TRAINING PROGRAM,22956.65,Wallet,Education
2025-04-13,APARTMENT RENT,12574.78,Net Banking,Rent
2025-04-13,AIRTEL RECHARGE REF679408,4704.53,Wallet,Bills
2025-04-13,UPI SPOTIFY PREMIUM BLR,2959.38,Net Banking,Entertainment
2025-04-13,LIBRARY FEE,9132.56,Debit Card,Education
2025-04-13,UDEMY COURSE,24155.93,Debit Card,Education
2025-04-13,UPI CAFE COFFEE DAY BLR,781.93,Debit Card,Food
2025-04-13,AMAZON PURCHASE,3496.98,Credit Card,Shopping
2025-04-13,RESTAURANT PAYMENT TXN84820,760.18,Debit Card,Food
2025-04-14,RESTAURANT PAYMENT TXN33389,1799.27,Debit Card,Food
2025-04-14,HOSTEL RENT TXN96583,20985.62,Cash,Rent
2025-04-14,RECURRING DEPOSIT,7979.34,UPI,Investment
2025-04-14,PG RENT PAYMENT TXN75802,13974.72,Debit Card,Rent
2025-04-14,RESTAURANT PAYMENT TXN11570,731.08,Debit Card,Food
2025-04-14,UPI ATM FEE VIJAYAWADA,4162.02,Debit Card,Other
2025-04-14,MOBILE POSTPAID BILL,5365.0,Wallet,Bills
2025-04-14,UPI PERSONAL TRANSFER GUNTUR,9614.33,Wallet,Other
2025-04-14,BOOK STORE REF102914,9876.5,Net Banking,Education
2025-04-14,UPI TRANSFER,9830.16,Cash,Other
2025-04-14,GROCERY FOOD STORE,1138.77,Debit Card,Food
2025-04-14,SPOTIFY PREMIUM,3650.57,Net Banking,Entertainment
2025-04-14,SIP INVESTMENT TXN13824,14504.2,Debit Card,Investment
2025-04-15,UPI AIRTEL RECHARGE CHENNAI,264.95,UPI,Bills
2025-04-15,UPI AUTO RICKSHAW UPI CHENNAI,1150.02,UPI,Transport
2025-04-15,UPI INVESTMENT ACCOUNT VIJAYAWADA,6251.27,UPI,Investment
2025-04-15,DENTAL CLINIC,8530.7,Credit Card,Healthcare
2025-04-15,MEDPLUS PHARMACY REF238957,8419.79,Wallet,Healthcare
2025-04-15,UPI APARTMENT RENT GUNTUR,6792.68,Net Banking,Rent
2025-04-15,UPI OLA CAB CHENNAI,686.29,Cash,Transport
2025-04-16,MEDPLUS PHARMACY,6710.56,Net Banking,Healthcare
2025-04-16,GAME PURCHASE REF873577,3064.3,Debit Card,Entertainment
2025-04-16,INDIAN OIL PETROL,676.96,Net Banking,Transport
2025-04-16,HOTSTAR SUBSCRIPTION TXN54442,634.4,Net Banking,Entertainment
2025-04-16,DOMINOS PIZZA,321.93,Cash,Food
2025-04-16,UPI MISCELLANEOUS PAYMENT BLR,2639.98,Net Banking,Other
2025-04-16,UPI PETROL PUMP VIJAYAWADA,544.71,Credit Card,Transport
2025-04-16,COLLEGE FEE,12321.66,Cash,Education
2025-04-16,UPI SWIGGY ORDER CHENNAI,69.44,Credit Card,Food
2025-04-16,UPI DIAGNOSTIC LAB VIJAYAWADA,7697.19,Credit Card,Healthcare
2025-04-17,RAILWAY TICKET TXN73899,821.66,Debit Card,Transport
2025-04-17,KFC RESTAURANT REF793277,1401.94,Credit Card,Food
2025-04-17,DMART PURCHASE,9886.49,Debit Card,Shopping
2025-04-17,SWIGGY ORDER,428.33,UPI,Food
2025-04-17,PG RENT PAYMENT,18582.16,Net Banking,Rent
2025-04-17,EYE HOSPITAL TXN76680,9023.23,Cash,Healthcare
2025-04-18,CLOTHING STORE REF218651,5437.02,Wallet,Shopping
2025-04-18,UPI GROCERY FOOD STORE VIJAYAWADA,126.74,UPI,Food
2025-04-18,ROOM RENT TXN37180,14133.42,UPI,Rent
2025-04-18,COURSERA COURSE,3686.23,Wallet,Education
2025-04-18,HOSPITAL PAYMENT,1328.96,Cash,Healthcare
2025-04-18,SIP INVESTMENT,22593.94,Cash,Investment
2025-04-18,MOBILE POSTPAID BILL TXN85217,4720.63,Debit Card,Bills
2025-04-18,UPI TRANSFER,2046.45,Debit Card,Other
2025-04-18,MOBILE POSTPAID BILL,1529.06,Credit Card,Bills
2025-04-18,OLA CAB,492.4,Cash,Transport
2025-04-18,UPI METRO TICKET BLR,1984.47,Wallet,Transport
2025-04-18,UPI GIFT PURCHASE GUNTUR,415.03,Cash,Other
2025-04-18,ELECTRONICS STORE TXN20657,7985.61,Cash,Shopping
2025-04-18,MOVIE TICKET,781.26,Wallet,Entertainment
2025-04-18,DENTAL CLINIC TXN57026,2594.0,Net Banking,Healthcare
2025-04-19,HOSTEL RENT,16500.6,Wallet,Rent
2025-04-19,UPI MOBILE POSTPAID BILL BLR,2244.15,Cash,Bills
2025-04-19,HOTSTAR SUBSCRIPTION TXN61504,3835.54,Net Banking,Entertainment
2025-04-19,MCDONALDS ORDER TXN74585,1315.32,Debit Card,Food
2025-04-19,UPI STOCK INVESTMENT BLR,7378.62,Net Banking,Investment
2025-04-19,MEESHO ORDER TXN59089,5711.4,Wallet,Shopping
2025-04-19,UPI TRANSFER TXN31131,1557.8,UPI,Other
2025-04-19,CASH WITHDRAWAL REF920928,3851.19,Net Banking,Other
2025-04-19,INVESTMENT ACCOUNT REF239510,25959.69,Credit Card,Investment
2025-04-19,UPI METRO TICKET VIJAYAWADA,1910.92,Net Banking,Transport
2025-04-19,EXAM FEE REF263327,10839.83,UPI,Education
2025-04-19,STOCK INVESTMENT REF368261,14127.34,UPI,Investment
2025-04-20,HP FUEL STATION,754.27,Cash,Transport
2025-04-20,BUS TICKET REF217871,2907.13,Net Banking,Transport
2025-04-20,UPI ATM FEE BLR,9093.77,Debit Card,Other
2025-04-20,AUTO RICKSHAW UPI,1256.67,Wallet,Transport
2025-04-20,AMAZON PURCHASE TXN46357,5959.68,Wallet,Shopping
2025-04-20,INVESTMENT ACCOUNT REF382368,2288.64,Cash,Investment
2025-04-20,INDIAN OIL PETROL TXN24478,2210.24,Wallet,Transport
2025-04-20,RAILWAY TICKET TXN80742,1537.4,Wallet,Transport
2025-04-20,COLLEGE FEE REF877711,12545.06,UPI,Education
2025-04-21,ACT FIBERNET TXN59220,4658.09,UPI,Bills
2025-04-21,COURSERA COURSE,15951.81,UPI,Education
2025-04-21,UPI BANK CHARGE HYD,3429.06,Cash,Other
2025-04-21,HOSTEL RENT,23850.65,Wallet,Rent
2025-04-21,ZOMATO FOOD ORDER,1721.42,Wallet,Food
2025-04-21,GOLD SAVINGS REF216356,11797.17,Cash,Investment
2025-04-21,FLIPKART ORDER TXN59025,891.48,Net Banking,Shopping
2025-04-21,DENTAL CLINIC,1241.16,Wallet,Healthcare
2025-04-21,UPI MEDICAL STORE HYD,2891.76,Wallet,Healthcare
2025-04-21,RAILWAY TICKET,906.46,Wallet,Transport
2025-04-21,HOSTEL RENT TXN35889,8602.66,Cash,Rent
2025-04-22,MEDICAL STORE,2536.2,Debit Card,Healthcare
2025-04-22,RECURRING DEPOSIT REF337706,18288.67,Debit Card,Investment
2025-04-22,UPI ACCOMMODATION PAYMENT VIJAYAWADA,6154.97,Credit Card,Rent
2025-04-22,INDIAN OIL PETROL REF830361,2890.83,Credit Card,Transport
2025-04-22,BAKERY PURCHASE REF945540,1251.74,Net Banking,Food
2025-04-22,INVESTMENT ACCOUNT REF924906,7079.58,Wallet,Investment
2025-04-22,MISCELLANEOUS PAYMENT,288.46,Debit Card,Other
2025-04-22,CLOTHING STORE,13710.97,Cash,Shopping
2025-04-22,RAPIDO RIDE TXN94192,250.27,Wallet,Transport
2025-04-22,ONLINE COURSE PAYMENT TXN12731,18810.56,Net Banking,Education
2025-04-22,UPI OLA CAB BLR,2293.46,Net Banking,Transport
2025-04-22,HOUSE RENT,9172.5,Net Banking,Rent
2025-04-23,MYNTRA SHOPPING,6796.06,Debit Card,Shopping
2025-04-23,UPI INDIAN OIL PETROL CHENNAI,2093.5,Cash,Transport
2025-04-23,BROADBAND BILL,1176.68,Net Banking,Bills
2025-04-23,UPI TRANSFER,719.07,UPI,Other
2025-04-23,UBER TRIP,1486.67,Credit Card,Transport
2025-04-23,HOSTEL RENT TXN32354,3867.01,Wallet,Rent
2025-04-23,VI MOBILE RECHARGE,5976.22,Net Banking,Bills
2025-04-24,ACCOMMODATION PAYMENT,16115.15,UPI,Rent
2025-04-24,PERSONAL TRANSFER REF471958,9629.83,Wallet,Other
2025-04-24,GIFT PURCHASE,3214.9,Net Banking,Other
2025-04-24,INOX MOVIES TXN63311,833.56,UPI,Entertainment
2025-04-24,GAME PURCHASE TXN79397,644.83,Wallet,Entertainment
2025-04-24,FLIPKART ORDER,12993.04,UPI,Shopping
2025-04-24,ROOM RENT,15128.48,Net Banking,Rent
2025-04-24,MEESHO ORDER,4625.86,Net Banking,Shopping
2025-04-24,WATER BILL REF490364,2355.23,Net Banking,Bills
2025-04-24,SIP INVESTMENT,4559.25,Cash,Investment
2025-04-25,UPI NETFLIX SUBSCRIPTION GUNTUR,2931.94,Credit Card,Entertainment
2025-04-25,MONTHLY RENT TXN29786,12674.78,Net Banking,Rent
2025-04-25,PERSONAL TRANSFER,5679.53,Debit Card,Other
2025-04-25,UPI DONATION PAYMENT BLR,1202.6,Credit Card,Other
2025-04-25,INDIAN OIL PETROL,259.9,Credit Card,Transport
2025-04-25,HOTSTAR SUBSCRIPTION,2253.61,Wallet,Entertainment
2025-04-25,CERTIFICATION EXAM,2234.89,Debit Card,Education
2025-04-25,CAFE COFFEE DAY,1412.42,Net Banking,Food
2025-04-25,UPI RELIANCE TRENDS HYD,7512.03,Credit Card,Shopping
2025-04-26,PVR CINEMAS,572.15,Cash,Entertainment
2025-04-26,PETROL PUMP,560.67,Wallet,Transport
2025-04-26,ROOM RENT REF356262,24225.81,Cash,Rent
2025-04-26,PVR CINEMAS TXN37985,1631.43,UPI,Entertainment
2025-04-26,UPI AJIO PURCHASE GUNTUR,12729.51,Debit Card,Shopping
2025-04-26,PHARMACY UPI REF900177,7587.06,Cash,Healthcare
2025-04-26,CAFE COFFEE DAY,363.65,UPI,Food
2025-04-26,DOMINOS PIZZA REF142943,769.38,Credit Card,Food
2025-04-26,ACT FIBERNET,4640.96,Credit Card,Bills
2025-04-26,RELIANCE TRENDS,11122.96,Credit Card,Shopping
2025-04-26,DIAGNOSTIC LAB,554.75,Net Banking,Healthcare
2025-04-27,METRO TICKET,361.59,Cash,Transport
2025-04-27,AJIO PURCHASE REF358281,3904.74,Credit Card,Shopping
2025-04-27,INVESTMENT ACCOUNT,21014.21,Cash,Investment
2025-04-27,HOSPITAL PAYMENT,4402.87,Wallet,Healthcare
2025-04-27,MCDONALDS ORDER REF327114,836.11,Net Banking,Food
2025-04-27,CERTIFICATION EXAM TXN92313,16970.77,UPI,Education
2025-04-27,UPI APOLLO PHARMACY VIJAYAWADA,3046.85,UPI,Healthcare
2025-04-28,AIRTEL RECHARGE REF533377,2048.73,UPI,Bills
2025-04-28,DONATION PAYMENT,6064.95,Net Banking,Other
2025-04-28,DOCTOR CONSULTATION REF293866,6226.39,UPI,Healthcare
2025-04-28,DIAGNOSTIC LAB TXN57627,4261.13,Debit Card,Healthcare
2025-04-28,BUS TICKET,937.67,Cash,Transport
2025-04-28,INDEX FUND SIP TXN88361,29825.9,Debit Card,Investment
2025-04-28,AJIO PURCHASE REF712303,6932.64,UPI,Shopping
2025-04-28,UPI CERTIFICATION EXAM VIJAYAWADA,14275.72,Wallet,Education
2025-04-28,DIAGNOSTIC LAB,303.44,Debit Card,Healthcare
2025-04-28,WATER BILL,2286.21,Cash,Bills
2025-04-28,MEDPLUS PHARMACY,5928.41,Credit Card,Healthcare
2025-04-28,COURSERA COURSE,6501.56,UPI,Education
2025-04-29,PERSONAL TRANSFER TXN91837,7916.03,Credit Card,Other
2025-04-29,UPI MEDICAL STORE CHENNAI,7713.63,Cash,Healthcare
2025-04-29,UPI JIO RECHARGE CHENNAI,3737.28,Cash,Bills
2025-04-29,UPI DMART PURCHASE GUNTUR,10585.79,Net Banking,Shopping
2025-04-29,UPI HOSTEL FEE RENT GUNTUR,10955.68,Net Banking,Rent
2025-04-29,SPOTIFY PREMIUM,3329.7,Wallet,Entertainment
2025-04-29,APOLLO PHARMACY TXN93020,138.66,Debit Card,Healthcare
2025-04-29,GAME PURCHASE,2874.97,UPI,Entertainment
2025-04-29,UPI DONATION PAYMENT VIJAYAWADA,5523.74,Wallet,Other
2025-04-29,RESTAURANT PAYMENT TXN97164,334.91,Net Banking,Food
2025-04-29,AUTO RICKSHAW UPI,2876.45,Wallet,Transport
2025-04-29,ROOM RENT REF374722,12710.38,Net Banking,Rent
2025-04-29,PERSONAL TRANSFER,3759.61,Wallet,Other
2025-04-29,UPI AMAZON PURCHASE CHENNAI,9472.94,Wallet,Shopping
2025-04-30,AMAZON PURCHASE,5346.94,Cash,Shopping
2025-04-30,HOSTEL FEE RENT REF693907,24007.6,Debit Card,Rent
2025-04-30,SWIGGY ORDER TXN80791,131.94,Credit Card,Food
2025-04-30,CAFE COFFEE DAY,547.68,Credit Card,Food
2025-04-30,HOSPITAL PAYMENT,6103.4,Net Banking,Healthcare
2025-04-30,UPI TRANSFER,3629.35,Credit Card,Other
2025-04-30,FLIPKART ORDER,3253.25,UPI,Shopping
2025-04-30,FIXED DEPOSIT,18052.63,Credit Card,Investment
2025-04-30,UPI YOUTUBE PREMIUM GUNTUR,2943.98,Cash,Entertainment
2025-04-30,TATA PLAY RECHARGE,4125.04,Wallet,Bills
2025-04-30,HOTSTAR SUBSCRIPTION REF974113,3614.41,Net Banking,Entertainment
2025-04-30,UPI INOX MOVIES HYD,473.68,Debit Card,Entertainment
2025-04-30,HOSTEL FEE RENT REF357232,21365.89,Credit Card,Rent
2025-04-30,MCDONALDS ORDER TXN94381,360.53,Net Banking,Food
2025-05-01,MEDPLUS PHARMACY TXN72132,2356.21,Net Banking,Healthcare
2025-05-01,UPI HOUSE RENT CHENNAI,14148.62,Debit Card,Rent
2025-05-01,STATIONERY STORE TXN41346,14681.1,Wallet,Education
2025-05-01,AMAZON PRIME,2371.58,UPI,Entertainment
2025-05-01,APOLLO PHARMACY REF873452,4364.58,Net Banking,Healthcare
2025-05-01,MUTUAL FUND INVESTMENT TXN32818,14657.61,Debit Card,Investment
2025-05-01,OLA CAB TXN48243,1192.77,Credit Card,Transport
2025-05-01,UPI ZOMATO FOOD ORDER BLR,1539.77,Credit Card,Food
2025-05-01,RELIANCE TRENDS,13329.0,Cash,Shopping
2025-05-01,UPI TRANSFER,2717.76,Debit Card,Other
2025-05-02,INDEX FUND SIP,26508.79,Credit Card,Investment
2025-05-02,HOTSTAR SUBSCRIPTION,474.66,Cash,Entertainment
2025-05-02,UDEMY COURSE,23291.77,Credit Card,Education
2025-05-02,APARTMENT RENT REF889826,20248.18,Net Banking,Rent
2025-05-02,UPI MEDPLUS PHARMACY VIJAYAWADA,3001.89,Credit Card,Healthcare
2025-05-02,UPI TRANSFER,4392.42,Debit Card,Other
2025-05-02,ENTERTAINMENT EVENT REF465620,1765.08,Cash,Entertainment
2025-05-02,SIP INVESTMENT,13518.57,Wallet,Investment
2025-05-02,JIO RECHARGE REF623694,5611.98,Credit Card,Bills
2025-05-02,UPI FIXED DEPOSIT VIJAYAWADA,12707.78,UPI,Investment
2025-05-02,TATA PLAY RECHARGE,5323.94,Credit Card,Bills
2025-05-02,UPI PERSONAL TRANSFER VIJAYAWADA,5909.18,Net Banking,Other
2025-05-03,DMART PURCHASE,3839.52,Net Banking,Shopping
2025-05-03,MCDONALDS ORDER TXN77811,276.78,Debit Card,Food
2025-05-03,HOUSE RENT TXN46368,20272.13,Net Banking,Rent
2025-05-03,UPI UBER TRIP CHENNAI,1434.25,Debit Card,Transport
2025-05-03,UPI YOUTUBE PREMIUM HYD,3269.0,UPI,Entertainment
2025-05-03,BUS TICKET,558.6,Credit Card,Transport
2025-05-03,CASH WITHDRAWAL,1382.14,Debit Card,Other
2025-05-03,INDEX FUND SIP,1039.39,Debit Card,Investment
2025-05-03,CLOTHING STORE,2512.84,Wallet,Shopping
2025-05-03,SIP INVESTMENT TXN17492,1979.2,Cash,Investment
2025-05-03,HP FUEL STATION,1947.81,Credit Card,Transport
2025-05-03,CASH WITHDRAWAL TXN10132,4729.61,UPI,Other
2025-05-03,UDEMY COURSE TXN50069,20392.67,Net Banking,Education
2025-05-04,UPI TRANSFER REF396026,9254.48,Cash,Other
2025-05-04,DONATION PAYMENT REF196967,3062.77,Credit Card,Other
2025-05-04,EXAM FEE,16062.99,Debit Card,Education
2025-05-04,APARTMENT RENT,18177.85,Net Banking,Rent
2025-05-04,MEESHO ORDER,8427.32,Debit Card,Shopping
2025-05-04,DOCTOR CONSULTATION,4139.58,UPI,Healthcare
2025-05-04,HOTSTAR SUBSCRIPTION REF235410,2191.7,Wallet,Entertainment
2025-05-04,COURSERA COURSE REF364742,23532.48,UPI,Education
2025-05-04,SHOPPING MALL,14468.58,Wallet,Shopping
2025-05-04,UPI PERSONAL TRANSFER CHENNAI,7602.61,UPI,Other
2025-05-04,UPI TRANSFER,8534.34,Debit Card,Other
2025-05-04,UPI GROCERY FOOD STORE GUNTUR,1757.06,Credit Card,Food
2025-05-05,UPI PERSONAL TRANSFER GUNTUR,5034.5,Cash,Other
2025-05-05,MISCELLANEOUS PAYMENT REF468697,8683.17,UPI,Other
2025-05-05,ROOM RENT,3754.05,Debit Card,Rent
2025-05-05,UPI PVR CINEMAS BLR,697.55,Wallet,Entertainment
2025-05-05,AJIO PURCHASE TXN54294,13841.97,Net Banking,Shopping
2025-05-05,UBER TRIP,874.49,Net Banking,Transport
2025-05-05,SIP INVESTMENT,16168.09,Wallet,Investment
2025-05-06,YOUTUBE PREMIUM,1472.63,UPI,Entertainment
2025-05-06,MOVIE TICKET,1779.27,Wallet,Entertainment
2025-05-06,UPI COURSERA COURSE BLR,24642.4,Wallet,Education
2025-05-06,DENTAL CLINIC TXN63581,8383.51,Net Banking,Healthcare
2025-05-06,GOLD SAVINGS,8523.39,Wallet,Investment
2025-05-06,UPI HP FUEL STATION HYD,1229.04,UPI,Transport
2025-05-06,INDEX FUND SIP,19329.29,Debit Card,Investment
2025-05-06,EYE HOSPITAL REF371182,5039.15,Net Banking,Healthcare
2025-05-06,AMAZON PRIME TXN94783,1057.07,UPI,Entertainment
2025-05-06,UPI HOUSE RENT HYD,18463.4,UPI,Rent
2025-05-06,HOSPITAL PAYMENT,819.73,UPI,Healthcare
2025-05-07,KFC RESTAURANT,204.13,Cash,Food
2025-05-07,UDEMY COURSE REF362322,5798.11,Cash,Education
2025-05-07,UBER TRIP,2554.95,Debit Card,Transport
2025-05-07,SIP INVESTMENT,28364.53,Cash,Investment
2025-05-07,MEESHO ORDER TXN60700,10161.57,UPI,Shopping
2025-05-07,UPI TATA PLAY RECHARGE VIJAYAWADA,5019.53,Wallet,Bills
2025-05-07,TRAINING PROGRAM REF779999,569.72,Credit Card,Education
2025-05-08,UPI BOOK STORE CHENNAI,17617.3,Debit Card,Education
2025-05-08,INDEX FUND SIP,9928.43,UPI,Investment
2025-05-08,UPI ELECTRONICS STORE CHENNAI,14380.32,Wallet,Shopping
2025-05-08,HOTSTAR SUBSCRIPTION,3204.55,UPI,Entertainment
2025-05-08,UPI RECURRING DEPOSIT GUNTUR,27464.44,Credit Card,Investment
2025-05-08,DIAGNOSTIC LAB TXN85926,2468.62,Net Banking,Healthcare
2025-05-08,UPI INDEX FUND SIP CHENNAI,28674.01,Wallet,Investment
2025-05-08,ACT FIBERNET REF305096,109.55,Net Banking,Bills
2025-05-08,UPI KFC RESTAURANT VIJAYAWADA,479.92,Net Banking,Food
2025-05-08,UPI MEDPLUS PHARMACY GUNTUR,8608.93,Wallet,Healthcare
2025-05-08,UPI BAKERY PURCHASE GUNTUR,857.21,Debit Card,Food
2025-05-08,UPI GIFT PURCHASE HYD,648.74,Credit Card,Other
2025-05-08,DONATION PAYMENT,3317.61,Debit Card,Other
2025-05-09,DMART PURCHASE TXN18245,5556.45,Cash,Shopping
2025-05-09,METRO TICKET,104.06,Cash,Transport
2025-05-09,CAFE COFFEE DAY TXN14261,1098.19,Cash,Food
2025-05-09,UPI ZOMATO FOOD ORDER HYD,514.64,UPI,Food
2025-05-09,TEA SHOP UPI,68.89,Debit Card,Food
2025-05-09,YOUTUBE PREMIUM,3926.73,Wallet,Entertainment
2025-05-09,MOVIE TICKET TXN19843,3734.68,Net Banking,Entertainment
2025-05-09,CERTIFICATION EXAM TXN54194,168.16,Cash,Education
2025-05-09,ELECTRONICS STORE REF793444,9693.35,UPI,Shopping
2025-05-09,UPI HOSTEL FEE RENT BLR,11209.88,Net Banking,Rent
2025-05-10,SWIGGY ORDER TXN97298,184.26,Wallet,Food
2025-05-10,FLIPKART ORDER TXN29954,13988.45,Debit Card,Shopping
2025-05-10,UPI AUTO RICKSHAW UPI VIJAYAWADA,672.66,Credit Card,Transport
2025-05-10,ROOM RENT,13605.15,Net Banking,Rent
2025-05-10,HOSTEL FEE RENT REF227728,9598.32,Debit Card,Rent
2025-05-10,JIO RECHARGE REF749839,170.95,UPI,Bills
2025-05-10,UPI TRANSFER REF459462,9937.71,Cash,Other
2025-05-10,MEDPLUS PHARMACY,1892.86,Wallet,Healthcare
2025-05-10,ENTERTAINMENT EVENT TXN99192,156.37,Credit Card,Entertainment
2025-05-10,AMAZON PRIME,3046.62,Wallet,Entertainment
2025-05-10,RAPIDO RIDE,1486.93,Debit Card,Transport
2025-05-11,GIFT PURCHASE,9386.7,Debit Card,Other
2025-05-11,UPI TRANSFER TXN91830,321.62,UPI,Other
2025-05-11,UPI HEALTH CHECKUP BLR,2225.09,Net Banking,Healthcare
2025-05-11,STOCK INVESTMENT TXN67424,26484.98,UPI,Investment
2025-05-11,UPI HOSTEL FEE RENT VIJAYAWADA,14127.29,Wallet,Rent
2025-05-11,TRAINING PROGRAM TXN65747,10751.15,Cash,Education
2025-05-11,DONATION PAYMENT,9695.54,Net Banking,Other
2025-05-11,COLLEGE FEE,5946.03,Wallet,Education
2025-05-11,SIP INVESTMENT,8841.11,Credit Card,Investment
2025-05-11,HOUSE RENT,10787.9,Credit Card,Rent
2025-05-12,EXAM FEE,22411.68,Credit Card,Education
2025-05-12,UPI HOSPITAL PAYMENT GUNTUR,9481.92,Debit Card,Healthcare
2025-05-12,CASH WITHDRAWAL,1621.42,Credit Card,Other
2025-05-12,GAME PURCHASE REF474261,899.32,Debit Card,Entertainment
2025-05-12,MYNTRA SHOPPING,13798.23,Wallet,Shopping
2025-05-12,UPI AMAZON PRIME HYD,875.78,Debit Card,Entertainment
2025-05-12,COURSERA COURSE TXN23150,18617.03,Debit Card,Education
2025-05-12,MUTUAL FUND INVESTMENT TXN21094,16305.63,Debit Card,Investment
2025-05-12,UPI NETFLIX SUBSCRIPTION VIJAYAWADA,2130.92,Wallet,Entertainment
2025-05-12,MONTHLY RENT TXN57174,12826.27,Debit Card,Rent
2025-05-12,UPI AMAZON PURCHASE CHENNAI,3196.05,Wallet,Shopping
2025-05-12,HP FUEL STATION,1995.96,Cash,Transport
2025-05-12,GIFT PURCHASE,8770.17,Net Banking,Other
2025-05-13,MEESHO ORDER,2572.51,Cash,Shopping
2025-05-13,BUS TICKET,1207.03,UPI,Transport
2025-05-13,DOMINOS PIZZA REF778044,1209.66,Net Banking,Food
2025-05-13,BROADBAND BILL TXN68470,178.29,Net Banking,Bills
2025-05-13,GIFT PURCHASE,2073.79,Net Banking,Other
2025-05-13,UPI HOTSTAR SUBSCRIPTION BLR,187.26,Credit Card,Entertainment
2025-05-13,DONATION PAYMENT,6555.92,Credit Card,Other
2025-05-13,AMAZON PRIME TXN98895,2745.77,Cash,Entertainment
2025-05-13,MCDONALDS ORDER,305.91,Net Banking,Food
2025-05-13,NETFLIX SUBSCRIPTION,536.27,Credit Card,Entertainment
2025-05-14,MEDICAL STORE REF163383,1645.87,Credit Card,Healthcare
2025-05-14,GAME PURCHASE TXN58374,1872.77,Credit Card,Entertainment
2025-05-14,GIFT PURCHASE,2176.95,Cash,Other
2025-05-14,UPI GIFT PURCHASE VIJAYAWADA,6479.35,Net Banking,Other
2025-05-14,LIBRARY FEE,6061.28,Cash,Education
2025-05-14,TEA SHOP UPI TXN80940,1349.49,UPI,Food
2025-05-14,EXAM FEE TXN14085,11046.57,UPI,Education
2025-05-14,RECURRING DEPOSIT REF856582,28112.26,Wallet,Investment
2025-05-14,RAPIDO RIDE,1560.52,Cash,Transport
2025-05-14,GOLD SAVINGS REF739509,9953.02,Wallet,Investment
2025-05-14,MYNTRA SHOPPING,8433.51,Net Banking,Shopping
2025-05-14,UPI MUTUAL FUND INVESTMENT VIJAYAWADA,17583.88,Cash,Investment
2025-05-14,GAME PURCHASE,3072.72,Cash,Entertainment
2025-05-14,HOUSE RENT,3850.77,UPI,Rent
2025-05-14,DOCTOR CONSULTATION REF137216,1477.5,Debit Card,Healthcare
2025-05-14,UPI VI MOBILE RECHARGE HYD,3937.95,Net Banking,Bills
2025-05-14,UPI ZOMATO FOOD ORDER VIJAYAWADA,436.05,Cash,Food
2025-05-15,JIO RECHARGE,5156.15,Debit Card,Bills
2025-05-15,COLLEGE FEE REF222292,2157.66,Wallet,Education
2025-05-15,HP FUEL STATION,2018.24,Wallet,Transport
2025-05-15,UPI COLLEGE FEE GUNTUR,11307.59,UPI,Education
2025-05-15,TRAINING PROGRAM,10247.23,UPI,Education
2025-05-15,OLA CAB REF266643,2709.58,UPI,Transport
2025-05-15,TRAINING PROGRAM REF647622,14363.98,Wallet,Education
2025-05-15,UPI MUTUAL FUND INVESTMENT VIJAYAWADA,4050.57,Wallet,Investment
2025-05-15,STATIONERY STORE,23551.27,Credit Card,Education
2025-05-15,ACT FIBERNET TXN98002,4723.85,Debit Card,Bills
2025-05-15,UPI TRANSFER,4667.18,Wallet,Other
2025-05-15,UPI CAFE COFFEE DAY HYD,1748.83,Debit Card,Food
2025-05-15,DONATION PAYMENT,6606.96,UPI,Other
2025-05-15,UPI HOSPITAL PAYMENT GUNTUR,6783.84,Debit Card,Healthcare
2025-05-15,WATER BILL,828.27,Credit Card,Bills
2025-05-15,BROADBAND BILL REF771816,3557.7,Cash,Bills
2025-05-16,UPI AUTO RICKSHAW UPI VIJAYAWADA,2598.54,Cash,Transport
2025-05-16,FIXED DEPOSIT,14598.84,Credit Card,Investment
2025-05-16,GOLD SAVINGS REF990844,12891.73,UPI,Investment
2025-05-16,ONLINE COURSE PAYMENT TXN28884,2486.89,Wallet,Education
2025-05-16,UPI MYNTRA SHOPPING BLR,4338.91,UPI,Shopping
2025-05-16,RAPIDO RIDE TXN52726,1545.01,Net Banking,Transport
2025-05-16,DOMINOS PIZZA,401.34,Net Banking,Food
2025-05-16,EXAM FEE,14776.99,Net Banking,Education
2025-05-16,VI MOBILE RECHARGE,4551.21,Wallet,Bills
2025-05-17,HOSTEL FEE RENT,18094.14,Wallet,Rent
2025-05-17,MISCELLANEOUS PAYMENT TXN66887,330.31,Net Banking,Other
2025-05-17,ENTERTAINMENT EVENT REF255927,1587.32,UPI,Entertainment
2025-05-17,UPI AJIO PURCHASE GUNTUR,5817.26,Debit Card,Shopping
2025-05-17,JIO RECHARGE,443.43,Debit Card,Bills
2025-05-17,UPI CAFE COFFEE DAY GUNTUR,923.4,Wallet,Food
2025-05-17,UPI RECURRING DEPOSIT GUNTUR,3810.36,Cash,Investment
2025-05-17,CLOTHING STORE,101.04,Wallet,Shopping
2025-05-17,UPI KFC RESTAURANT CHENNAI,1492.33,UPI,Food
2025-05-17,ATM FEE,5457.03,Debit Card,Other
2025-05-17,UPI PVR CINEMAS VIJAYAWADA,2701.07,Debit Card,Entertainment
2025-05-17,GAS BILL PAYMENT,107.21,Debit Card,Bills
2025-05-18,UPI TRANSFER TXN13989,2555.5,Debit Card,Other
2025-05-18,AMAZON PURCHASE,8588.93,Net Banking,Shopping
2025-05-18,MUTUAL FUND INVESTMENT REF706205,7749.97,Cash,Investment
2025-05-18,UPI ACT FIBERNET GUNTUR,5720.49,Debit Card,Bills
2025-05-18,MOBILE POSTPAID BILL,1152.81,UPI,Bills
2025-05-18,UPI GAME PURCHASE VIJAYAWADA,460.74,Cash,Entertainment
2025-05-18,INDEX FUND SIP,25140.48,Credit Card,Investment
2025-05-18,NETFLIX SUBSCRIPTION,1252.14,UPI,Entertainment
2025-05-18,STATIONERY STORE,15208.01,UPI,Education
2025-05-18,CAFE COFFEE DAY TXN50756,540.61,Wallet,Food
2025-05-18,ZOMATO FOOD ORDER,539.02,UPI,Food
2025-05-18,PG RENT PAYMENT TXN59498,19539.43,Credit Card,Rent
2025-05-18,TEA SHOP UPI TXN36886,1593.16,Net Banking,Food
2025-05-18,RAPIDO RIDE,1911.64,UPI,Transport
2025-05-18,DONATION PAYMENT,5909.49,UPI,Other
2025-05-18,STATIONERY STORE REF683698,4343.06,Wallet,Education
2025-05-18,DIAGNOSTIC LAB,6563.79,Wallet,Healthcare
2025-05-19,NETFLIX SUBSCRIPTION,3085.36,UPI,Entertainment
2025-05-19,INDEX FUND SIP,1722.7,Wallet,Investment
2025-05-19,ELECTRICITY BILL,449.66,UPI,Bills
2025-05-19,UPI TRANSFER REF879521,2894.22,UPI,Other
2025-05-19,UPI HOSTEL RENT VIJAYAWADA,6126.31,Net Banking,Rent
2025-05-19,COLLEGE FEE,10022.09,Credit Card,Education
2025-05-19,BAKERY PURCHASE TXN83512,899.1,UPI,Food
2025-05-19,MCDONALDS ORDER,1102.37,Wallet,Food
2025-05-19,UPI PG RENT PAYMENT HYD,3627.58,Wallet,Rent
2025-05-19,OLA CAB REF808640,2868.67,Cash,Transport
2025-05-19,UPI KFC RESTAURANT BLR,1075.55,Cash,Food
2025-05-20,UPI MCDONALDS ORDER VIJAYAWADA,1570.16,Credit Card,Food
2025-05-20,MONTHLY RENT REF471831,16294.74,Wallet,Rent
2025-05-20,YOUTUBE PREMIUM,3461.16,Cash,Entertainment
2025-05-20,ATM FEE,7525.38,Wallet,Other
2025-05-20,INDIAN OIL PETROL,222.46,Cash,Transport
2025-05-20,APARTMENT RENT,10471.21,Wallet,Rent
2025-05-21,UPI HOTSTAR SUBSCRIPTION GUNTUR,3464.88,Cash,Entertainment
2025-05-21,UPI TRANSFER TXN90372,9603.72,Credit Card,Other
2025-05-21,UPI MEDICAL STORE VIJAYAWADA,9619.12,Wallet,Healthcare
2025-05-21,TRAINING PROGRAM,17919.68,Net Banking,Education
2025-05-21,UPI FIXED DEPOSIT GUNTUR,21547.75,Credit Card,Investment
2025-05-21,LIBRARY FEE,6469.85,Wallet,Education
2025-05-21,CASH WITHDRAWAL,1400.91,Cash,Other
2025-05-21,HOSTEL RENT TXN14949,3644.51,Net Banking,Rent
2025-05-21,MEESHO ORDER TXN33675,1482.38,Credit Card,Shopping
2025-05-21,UPI MOBILE POSTPAID BILL VIJAYAWADA,273.98,Wallet,Bills
2025-05-21,INDEX FUND SIP REF190746,25158.86,Cash,Investment
2025-05-22,TRAINING PROGRAM REF919305,758.06,UPI,Education
2025-05-22,HOSTEL FEE RENT TXN17606,21180.28,Net Banking,Rent
2025-05-22,FIXED DEPOSIT REF820223,29657.48,Credit Card,Investment
2025-05-22,JIO RECHARGE REF456424,2186.63,UPI,Bills
2025-05-22,MUTUAL FUND INVESTMENT TXN43558,8245.99,Cash,Investment
2025-05-22,PERSONAL TRANSFER,2686.41,Credit Card,Other
2025-05-22,RECURRING DEPOSIT,22483.24,Net Banking,Investment
2025-05-22,UPI MOVIE TICKET GUNTUR,2502.79,Wallet,Entertainment
2025-05-22,KFC RESTAURANT,1470.17,Credit Card,Food
2025-05-22,GAME PURCHASE,1909.03,Net Banking,Entertainment
2025-05-22,AUTO RICKSHAW UPI,1509.59,Debit Card,Transport
2025-05-23,INVESTMENT ACCOUNT REF963812,28406.06,Debit Card,Investment
2025-05-23,NETFLIX SUBSCRIPTION,1348.22,UPI,Entertainment
2025-05-23,AIRTEL RECHARGE TXN68828,5386.27,Credit Card,Bills
2025-05-23,STATIONERY STORE,22261.21,Wallet,Education
2025-05-23,ENTERTAINMENT EVENT TXN97036,1360.03,Net Banking,Entertainment
2025-05-23,DOCTOR CONSULTATION TXN49521,6037.58,Credit Card,Healthcare
2025-05-24,UPI AJIO PURCHASE VIJAYAWADA,10782.4,Credit Card,Shopping
2025-05-24,HOSTEL FEE RENT TXN34486,13916.47,Credit Card,Rent
2025-05-24,DMART PURCHASE REF924764,2519.37,Debit Card,Shopping
2025-05-24,HOTSTAR SUBSCRIPTION TXN49402,3312.35,UPI,Entertainment
2025-05-24,TRAINING PROGRAM,22752.69,Net Banking,Education
2025-05-24,TATA PLAY RECHARGE REF130646,1544.57,Debit Card,Bills
2025-05-24,MEDICAL STORE,581.23,Debit Card,Healthcare
2025-05-24,UPI HOTSTAR SUBSCRIPTION BLR,2132.43,UPI,Entertainment
2025-05-24,INDEX FUND SIP,11969.86,Credit Card,Investment
2025-05-24,UPI COURSERA COURSE CHENNAI,10524.62,Cash,Education
2025-05-24,MUTUAL FUND INVESTMENT TXN24943,23650.42,Debit Card,Investment
2025-05-25,HOUSE RENT,3967.49,Credit Card,Rent
2025-05-25,MOBILE POSTPAID BILL REF184179,4053.47,Net Banking,Bills
2025-05-25,UPI DONATION PAYMENT BLR,5397.97,Credit Card,Other
2025-05-25,MEDICAL STORE,3133.77,Debit Card,Healthcare
2025-05-25,TATA PLAY RECHARGE,5555.2,Net Banking,Bills
2025-05-25,PHARMACY UPI REF781570,2049.73,Net Banking,Healthcare
2025-05-25,ACT FIBERNET,561.54,Wallet,Bills
2025-05-25,COURSERA COURSE TXN67870,19072.92,Wallet,Education
2025-05-25,UPI ELECTRONICS STORE HYD,5166.21,Net Banking,Shopping
2025-05-25,UPI BOOK STORE HYD,20087.86,UPI,Education
2025-05-25,AJIO PURCHASE REF957313,10455.8,Cash,Shopping
2025-05-25,DOCTOR CONSULTATION,8872.08,Debit Card,Healthcare
2025-05-25,PHARMACY UPI REF485045,4761.1,Credit Card,Healthcare
2025-05-25,EYE HOSPITAL,7927.74,Wallet,Healthcare
2025-05-26,HOUSE RENT REF836986,6770.44,Net Banking,Rent
2025-05-26,UPI DOCTOR CONSULTATION CHENNAI,6107.57,Net Banking,Healthcare
2025-05-26,UPI ELECTRICITY BILL BLR,2657.23,Cash,Bills
2025-05-26,ACT FIBERNET,3742.98,Credit Card,Bills
2025-05-26,DOCTOR CONSULTATION REF127172,7383.18,Cash,Healthcare
2025-05-26,COLLEGE FEE,17850.41,Credit Card,Education
2025-05-26,AJIO PURCHASE,14580.12,Cash,Shopping
2025-05-26,UPI GIFT PURCHASE HYD,6245.52,Cash,Other
2025-05-26,UPI GOLD SAVINGS CHENNAI,1709.93,UPI,Investment
2025-05-26,AMAZON PRIME,2608.93,Cash,Entertainment
2025-05-26,RECURRING DEPOSIT REF126135,12434.59,Debit Card,Investment
2025-05-26,ROOM RENT TXN21728,8471.89,UPI,Rent
2025-05-26,FLIPKART ORDER TXN85063,8902.38,Cash,Shopping
2025-05-26,UPI TRANSFER,9771.28,Credit Card,Other
2025-05-27,ENTERTAINMENT EVENT TXN96890,3009.78,Net Banking,Entertainment
2025-05-27,UPI DIAGNOSTIC LAB VIJAYAWADA,3112.36,Net Banking,Healthcare
2025-05-27,MOVIE TICKET TXN66849,1700.52,Credit Card,Entertainment
2025-05-27,GOLD SAVINGS TXN71016,26080.38,UPI,Investment
2025-05-27,COURSERA COURSE TXN77272,20351.31,Cash,Education
2025-05-27,WATER BILL,3336.32,Wallet,Bills
2025-05-27,CASH WITHDRAWAL TXN69478,7345.66,Credit Card,Other
2025-05-27,BROADBAND BILL,2531.09,Wallet,Bills
2025-05-27,UPI DOCTOR CONSULTATION VIJAYAWADA,7124.77,Net Banking,Healthcare
2025-05-27,CERTIFICATION EXAM,16522.31,Credit Card,Education
2025-05-27,UBER TRIP REF724552,1036.54,Credit Card,Transport
2025-05-27,UPI FIXED DEPOSIT GUNTUR,9026.16,Wallet,Investment
2025-05-27,UPI PETROL PUMP CHENNAI,1251.34,Net Banking,Transport
2025-05-28,NETFLIX SUBSCRIPTION REF302312,3317.51,Debit Card,Entertainment
2025-05-28,RAPIDO RIDE TXN57931,2827.91,Cash,Transport
2025-05-28,ACCOMMODATION PAYMENT REF415055,21464.07,UPI,Rent
2025-05-28,UPI MYNTRA SHOPPING VIJAYAWADA,10760.9,Credit Card,Shopping
2025-05-28,COURSERA COURSE REF367933,15302.9,UPI,Education
2025-05-28,MISCELLANEOUS PAYMENT,9629.79,Net Banking,Other
2025-05-28,RECURRING DEPOSIT REF519937,10932.43,Cash,Investment
2025-05-28,DIAGNOSTIC LAB,3004.61,Credit Card,Healthcare
2025-05-28,UPI MOVIE TICKET BLR,2424.9,Net Banking,Entertainment
2025-05-28,UPI COLLEGE FEE HYD,9291.92,Net Banking,Education
2025-05-28,ZOMATO FOOD ORDER,426.36,Credit Card,Food
2025-05-29,METRO TICKET TXN30934,1234.09,Wallet,Transport
2025-05-29,UPI TRANSFER,4472.08,Debit Card,Other
2025-05-29,AMAZON PRIME REF274342,3109.69,UPI,Entertainment
2025-05-29,YOUTUBE PREMIUM,2592.28,UPI,Entertainment
2025-05-29,PG RENT PAYMENT REF891730,10783.31,Net Banking,Rent
2025-05-29,TRAINING PROGRAM,3824.54,Wallet,Education
2025-05-29,MCDONALDS ORDER,210.4,Net Banking,Food
2025-05-29,COURSERA COURSE TXN23291,10211.4,Credit Card,Education
2025-05-29,WATER BILL TXN37052,2163.48,Wallet,Bills
2025-05-29,UPI BAKERY PURCHASE HYD,1621.22,Wallet,Food
2025-05-29,MEDPLUS PHARMACY,3790.8,Wallet,Healthcare
2025-05-29,MONTHLY RENT TXN94881,6942.01,Wallet,Rent
2025-05-30,BAKERY PURCHASE TXN39973,1554.21,Net Banking,Food
2025-05-30,METRO TICKET,1585.58,UPI,Transport
2025-05-30,UPI HP FUEL STATION GUNTUR,2713.59,Debit Card,Transport
2025-05-30,ELECTRICITY BILL TXN81465,1461.66,Credit Card,Bills
2025-05-30,UPI ONLINE COURSE PAYMENT GUNTUR,17521.38,Cash,Education
2025-05-30,MOVIE TICKET REF645013,1400.15,Credit Card,Entertainment
2025-05-30,ONLINE COURSE PAYMENT TXN77618,19435.47,Debit Card,Education
2025-05-30,PERSONAL TRANSFER,9957.89,Credit Card,Other
2025-05-30,UPI INDEX FUND SIP VIJAYAWADA,10607.06,Credit Card,Investment
2025-05-30,PHARMACY UPI TXN10407,1033.0,Wallet,Healthcare
2025-05-30,UPI TEA SHOP UPI GUNTUR,1731.12,Cash,Food
2025-05-30,SHOPPING MALL TXN19554,12624.0,Credit Card,Shopping
2025-05-30,FIXED DEPOSIT TXN49265,27962.99,Debit Card,Investment
2025-05-30,BUS TICKET REF783318,738.41,Credit Card,Transport
2025-05-30,INVESTMENT ACCOUNT,24494.93,Credit Card,Investment
2025-05-30,HP FUEL STATION REF861049,2210.02,Cash,Transport
2025-05-30,HOSTEL FEE RENT,13295.65,Cash,Rent
2025-05-31,RECURRING DEPOSIT,6720.08,Credit Card,Investment
2025-05-31,APARTMENT RENT TXN81314,11730.94,Wallet,Rent
2025-05-31,PG RENT PAYMENT TXN96781,13953.78,Credit Card,Rent
2025-05-31,SIP INVESTMENT,16565.59,Wallet,Investment
2025-05-31,GROCERY FOOD STORE,460.51,Credit Card,Food
2025-05-31,UPI ROOM RENT HYD,22650.04,UPI,Rent
2025-05-31,UPI MISCELLANEOUS PAYMENT GUNTUR,4587.88,Net Banking,Other
2025-06-01,UPI VI MOBILE RECHARGE VIJAYAWADA,3678.75,Debit Card,Bills
2025-06-01,ELECTRICITY BILL,241.47,UPI,Bills
2025-06-01,UPI TATA PLAY RECHARGE HYD,4214.55,Credit Card,Bills
2025-06-01,UPI MEESHO ORDER CHENNAI,4686.28,Wallet,Shopping
2025-06-01,EYE HOSPITAL REF194423,9457.8,Net Banking,Healthcare
2025-06-01,UPI RECURRING DEPOSIT GUNTUR,11667.68,UPI,Investment
2025-06-01,HOTSTAR SUBSCRIPTION,2730.94,Cash,Entertainment
2025-06-01,UPI ONLINE COURSE PAYMENT CHENNAI,22240.59,Net Banking,Education
2025-06-01,DONATION PAYMENT REF574631,7241.72,Cash,Other
2025-06-02,NETFLIX SUBSCRIPTION REF943542,2571.33,UPI,Entertainment
2025-06-02,DENTAL CLINIC REF394951,9410.95,Wallet,Healthcare
2025-06-02,UPI HOSTEL FEE RENT VIJAYAWADA,15424.21,UPI,Rent
2025-06-02,UPI MONTHLY RENT VIJAYAWADA,8895.07,Net Banking,Rent
2025-06-02,UPI MEDICAL STORE GUNTUR,1330.79,UPI,Healthcare
2025-06-02,ONLINE COURSE PAYMENT TXN69515,7284.61,Cash,Education
2025-06-02,UPI TEA SHOP UPI HYD,594.47,Net Banking,Food
2025-06-02,MUTUAL FUND INVESTMENT,3896.97,Net Banking,Investment
2025-06-02,JIO RECHARGE,5331.55,Wallet,Bills
2025-06-02,ENTERTAINMENT EVENT REF197362,3880.02,Cash,Entertainment
2025-06-03,MEDICAL STORE,656.1,UPI,Healthcare
2025-06-03,CAFE COFFEE DAY TXN87313,1786.97,Wallet,Food
2025-06-03,UPI NETFLIX SUBSCRIPTION CHENNAI,2093.73,Wallet,Entertainment
2025-06-03,HP FUEL STATION TXN69226,1889.42,Net Banking,Transport
2025-06-03,UPI CAFE COFFEE DAY GUNTUR,613.34,Cash,Food
2025-06-03,DONATION PAYMENT REF854717,9005.47,Credit Card,Other
2025-06-03,UPI MISCELLANEOUS PAYMENT HYD,2944.76,Debit Card,Other
2025-06-03,YOUTUBE PREMIUM,3595.64,UPI,Entertainment
2025-06-03,UPI MISCELLANEOUS PAYMENT CHENNAI,9142.87,UPI,Other
2025-06-03,COLLEGE FEE REF579873,3767.9,Wallet,Education
2025-06-03,HOSTEL RENT,20759.13,Net Banking,Rent
2025-06-03,HOSTEL FEE RENT,10193.66,Cash,Rent
2025-06-03,INOX MOVIES REF492842,3150.35,Credit Card,Entertainment
2025-06-04,HOSTEL RENT REF180673,20913.0,Credit Card,Rent
2025-06-04,MONTHLY RENT,13361.99,Cash,Rent
2025-06-04,INDIAN OIL PETROL REF585968,280.77,UPI,Transport
2025-06-04,GAME PURCHASE,3411.81,Credit Card,Entertainment
2025-06-04,HOTSTAR SUBSCRIPTION,2677.95,Credit Card,Entertainment
2025-06-04,UPI DIAGNOSTIC LAB BLR,8004.32,Net Banking,Healthcare
2025-06-04,COLLEGE FEE,20503.34,Credit Card,Education
2025-06-04,ENTERTAINMENT EVENT REF792085,621.83,Debit Card,Entertainment
2025-06-04,UPI LIBRARY FEE HYD,18603.57,Wallet,Education
2025-06-04,SIP INVESTMENT TXN95771,27317.81,UPI,Investment
2025-06-04,EYE HOSPITAL TXN29810,6711.02,Wallet,Healthcare
2025-06-04,MEDPLUS PHARMACY REF531226,247.25,Credit Card,Healthcare
2025-06-04,DMART PURCHASE TXN86508,13134.77,Net Banking,Shopping
2025-06-04,UPI GAME PURCHASE GUNTUR,712.28,UPI,Entertainment
2025-06-05,UPI ONLINE COURSE PAYMENT CHENNAI,12212.56,Wallet,Education
2025-06-05,RELIANCE TRENDS,14804.3,Net Banking,Shopping
2025-06-05,MISCELLANEOUS PAYMENT,1838.98,Net Banking,Other
2025-06-05,MUTUAL FUND INVESTMENT TXN95665,5839.43,Cash,Investment
2025-06-05,BANK CHARGE,2373.54,Net Banking,Other
2025-06-05,RESTAURANT PAYMENT,526.33,Credit Card,Food
2025-06-05,APOLLO PHARMACY TXN36928,5225.72,Debit Card,Healthcare
2025-06-05,MONTHLY RENT TXN55487,6053.21,Net Banking,Rent
2025-06-06,DMART PURCHASE TXN59250,1584.64,Credit Card,Shopping
2025-06-06,TEA SHOP UPI,579.37,Cash,Food
2025-06-06,UPI BROADBAND BILL GUNTUR,3287.96,Net Banking,Bills
2025-06-06,BROADBAND BILL,2927.25,Net Banking,Bills
2025-06-06,BANK CHARGE TXN56544,3284.65,Net Banking,Other
2025-06-07,STOCK INVESTMENT TXN20957,9642.25,Debit Card,Investment
2025-06-07,UPI RAPIDO RIDE BLR,2592.58,Debit Card,Transport
2025-06-07,HOSPITAL PAYMENT REF492789,1937.13,Debit Card,Healthcare
2025-06-07,HOSPITAL PAYMENT REF415942,2943.71,Debit Card,Healthcare
2025-06-07,CAFE COFFEE DAY,86.44,Credit Card,Food
2025-06-07,RAILWAY TICKET,2102.97,Wallet,Transport
2025-06-07,AUTO RICKSHAW UPI,2188.82,Cash,Transport
2025-06-07,COURSERA COURSE TXN27646,17612.46,Cash,Education
2025-06-07,NETFLIX SUBSCRIPTION TXN62354,2894.55,Wallet,Entertainment
2025-06-07,NETFLIX SUBSCRIPTION,2804.59,UPI,Entertainment
2025-06-07,FIXED DEPOSIT,11972.16,Wallet,Investment
2025-06-07,UPI BUS TICKET BLR,482.91,Debit Card,Transport
2025-06-08,BANK CHARGE TXN40408,5636.04,Wallet,Other
2025-06-08,MEDPLUS PHARMACY,259.83,Net Banking,Healthcare
2025-06-08,ENTERTAINMENT EVENT,3757.41,Wallet,Entertainment
2025-06-08,VI MOBILE RECHARGE TXN32820,1354.29,UPI,Bills
2025-06-08,EYE HOSPITAL,7334.44,Debit Card,Healthcare
2025-06-08,HOSPITAL PAYMENT REF670087,2402.6,Wallet,Healthcare
2025-06-08,UPI TRANSFER,279.23,Debit Card,Other
2025-06-09,LIBRARY FEE,21709.68,Debit Card,Education
2025-06-09,DENTAL CLINIC,9798.96,Cash,Healthcare
2025-06-09,APARTMENT RENT REF611177,11792.97,Cash,Rent
2025-06-09,RELIANCE TRENDS,1484.92,Credit Card,Shopping
2025-06-09,UPI MEDPLUS PHARMACY HYD,566.09,Wallet,Healthcare
2025-06-09,HP FUEL STATION TXN77290,926.67,UPI,Transport
2025-06-09,UPI AMAZON PRIME CHENNAI,1027.33,Wallet,Entertainment
2025-06-09,BROADBAND BILL,4808.78,Wallet,Bills
2025-06-09,UPI TRANSFER TXN74367,448.93,Cash,Other
2025-06-09,ELECTRICITY BILL REF699111,2049.47,Wallet,Bills
2025-06-10,RESTAURANT PAYMENT REF249190,1633.54,Cash,Food
2025-06-10,UPI PETROL PUMP HYD,1925.42,Net Banking,Transport
2025-06-10,UPI AUTO RICKSHAW UPI HYD,449.82,Credit Card,Transport
2025-06-10,MEESHO ORDER REF487060,13836.14,Net Banking,Shopping
2025-06-10,CASH WITHDRAWAL,6654.91,UPI,Other
2025-06-10,BOOK STORE TXN70472,17750.82,Cash,Education
2025-06-10,HOSTEL RENT REF476422,6012.0,Wallet,Rent
2025-06-10,APOLLO PHARMACY,6948.59,UPI,Healthcare
2025-06-10,MONTHLY RENT,4482.25,UPI,Rent
2025-06-11,UPI AIRTEL RECHARGE HYD,994.59,Credit Card,Bills
2025-06-11,HOTSTAR SUBSCRIPTION REF324754,1921.81,Net Banking,Entertainment
2025-06-11,MOBILE POSTPAID BILL,3170.28,Debit Card,Bills
2025-06-11,OLA CAB,2693.9,Wallet,Transport
2025-06-11,HP FUEL STATION TXN87100,1848.46,UPI,Transport
2025-06-11,HEALTH CHECKUP REF661267,8901.37,Wallet,Healthcare
2025-06-11,CERTIFICATION EXAM TXN62465,18645.88,Debit Card,Education
2025-06-11,AMAZON PRIME,3192.62,Debit Card,Entertainment
2025-06-11,UPI SHOPPING MALL HYD,9321.62,UPI,Shopping
2025-06-12,INVESTMENT ACCOUNT,19663.97,Wallet,Investment
2025-06-12,HOSTEL RENT TXN94827,11116.87,Net Banking,Rent
2025-06-12,ELECTRICITY BILL TXN64057,5737.13,Cash,Bills
2025-06-12,DOCTOR CONSULTATION REF922041,6035.2,Wallet,Healthcare
2025-06-12,AJIO PURCHASE,1769.35,UPI,Shopping
2025-06-12,MCDONALDS ORDER,1268.04,Net Banking,Food
2025-06-12,COURSERA COURSE REF962074,24558.61,Wallet,Education
2025-06-12,SHOPPING MALL,9798.56,UPI,Shopping
2025-06-12,RECURRING DEPOSIT,21845.83,Cash,Investment
2025-06-12,CERTIFICATION EXAM REF216211,4029.78,Wallet,Education
2025-06-12,AMAZON PURCHASE TXN81512,7900.93,Net Banking,Shopping
2025-06-12,RECURRING DEPOSIT,6916.68,Credit Card,Investment
2025-06-13,OLA CAB TXN87117,1390.23,Net Banking,Transport
2025-06-13,MCDONALDS ORDER,255.92,Net Banking,Food
2025-06-13,ONLINE COURSE PAYMENT REF644700,9381.9,Wallet,Education
2025-06-13,AUTO RICKSHAW UPI,1501.86,UPI,Transport
2025-06-13,ATM FEE TXN72909,3934.83,Cash,Other
2025-06-13,BUS TICKET REF626491,1726.52,Cash,Transport
2025-06-13,AUTO RICKSHAW UPI,2280.66,Cash,Transport
2025-06-13,ACCOMMODATION PAYMENT REF450894,10931.93,Cash,Rent
2025-06-13,SIP INVESTMENT REF203152,6125.3,Credit Card,Investment
2025-06-13,ACCOMMODATION PAYMENT REF326578,22950.69,Net Banking,Rent
2025-06-13,UPI DENTAL CLINIC VIJAYAWADA,4042.34,UPI,Healthcare
2025-06-14,ACCOMMODATION PAYMENT REF968156,4821.33,Cash,Rent
2025-06-14,DONATION PAYMENT REF510769,3025.35,Credit Card,Other
2025-06-14,KFC RESTAURANT TXN94520,349.94,UPI,Food
2025-06-14,UPI OLA CAB HYD,2284.83,Credit Card,Transport
2025-06-14,INDEX FUND SIP,2099.02,Credit Card,Investment
2025-06-14,UPI TRANSFER,7671.8,Net Banking,Other
2025-06-14,AUTO RICKSHAW UPI,626.34,UPI,Transport
2025-06-15,TEA SHOP UPI TXN41620,1615.89,UPI,Food
2025-06-15,ELECTRONICS STORE,14192.48,Debit Card,Shopping
2025-06-15,AMAZON PRIME TXN85866,1535.4,Wallet,Entertainment
2025-06-15,ONLINE COURSE PAYMENT,22428.72,Net Banking,Education
2025-06-15,BAKERY PURCHASE TXN49499,1623.67,Credit Card,Food
2025-06-15,RAPIDO RIDE TXN20330,1988.11,Cash,Transport
2025-06-15,HP FUEL STATION TXN66805,1097.27,Credit Card,Transport
2025-06-15,MYNTRA SHOPPING TXN39552,5255.74,Credit Card,Shopping
2025-06-15,STOCK INVESTMENT REF758784,6204.87,Net Banking,Investment
2025-06-15,UPI NETFLIX SUBSCRIPTION GUNTUR,279.09,Credit Card,Entertainment
2025-06-15,AIRTEL RECHARGE REF200753,2899.97,Credit Card,Bills
2025-06-15,COLLEGE FEE REF848020,7820.99,Debit Card,Education
2025-06-15,ZOMATO FOOD ORDER TXN20215,1703.06,UPI,Food
2025-06-15,BANK CHARGE,723.41,Debit Card,Other
2025-06-15,INDIAN OIL PETROL TXN63887,1154.81,Wallet,Transport
2025-06-16,AIRTEL RECHARGE REF706063,3182.99,UPI,Bills
2025-06-16,GROCERY FOOD STORE REF178147,785.95,UPI,Food
2025-06-16,BUS TICKET TXN91253,1638.25,Wallet,Transport
2025-06-16,GROCERY FOOD STORE,1203.6,Net Banking,Food
2025-06-16,DIAGNOSTIC LAB,8991.56,Debit Card,Healthcare
2025-06-17,MONTHLY RENT,6277.17,Wallet,Rent
2025-06-17,UBER TRIP,103.67,Debit Card,Transport
2025-06-17,DOMINOS PIZZA,1563.84,Credit Card,Food
2025-06-17,ELECTRICITY BILL,5248.96,Credit Card,Bills
2025-06-17,UPI HOSPITAL PAYMENT CHENNAI,3184.82,UPI,Healthcare
2025-06-17,EXAM FEE TXN48057,22715.22,Cash,Education
2025-06-17,APARTMENT RENT TXN88410,17181.37,Credit Card,Rent
2025-06-17,MONTHLY RENT TXN51856,13445.12,Net Banking,Rent
2025-06-17,UPI APARTMENT RENT GUNTUR,19847.9,Net Banking,Rent
2025-06-18,RAPIDO RIDE REF618152,83.31,Wallet,Transport
2025-06-18,UPI ONLINE COURSE PAYMENT VIJAYAWADA,19956.47,Net Banking,Education
2025-06-18,HOSTEL RENT,13912.59,Cash,Rent
2025-06-18,UPI MISCELLANEOUS PAYMENT GUNTUR,3373.38,Wallet,Other
2025-06-18,RESTAURANT PAYMENT,934.65,Wallet,Food
2025-06-19,DOMINOS PIZZA,1717.78,Cash,Food
2025-06-19,UPI CLOTHING STORE CHENNAI,178.77,Credit Card,Shopping
2025-06-19,GAS BILL PAYMENT REF981639,2383.93,Net Banking,Bills
2025-06-19,BROADBAND BILL TXN69160,4194.39,Net Banking,Bills
2025-06-19,MCDONALDS ORDER,1657.41,Net Banking,Food
2025-06-19,GAME PURCHASE TXN65363,3252.2,UPI,Entertainment
2025-06-19,UPI HOSPITAL PAYMENT GUNTUR,8431.23,Net Banking,Healthcare
2025-06-19,HOSTEL FEE RENT TXN53325,13983.77,Net Banking,Rent
2025-06-19,GIFT PURCHASE,4720.87,Cash,Other
2025-06-20,COURSERA COURSE,11545.69,Net Banking,Education
2025-06-20,MOBILE POSTPAID BILL,5023.54,Debit Card,Bills
2025-06-20,PERSONAL TRANSFER REF119105,1973.01,Cash,Other
2025-06-20,ATM FEE REF711868,4830.47,Wallet,Other
2025-06-20,UPI TRANSFER,588.57,UPI,Other
2025-06-20,CASH WITHDRAWAL TXN12979,4002.93,Wallet,Other
2025-06-20,SIP INVESTMENT TXN97598,20175.86,Net Banking,Investment
2025-06-20,DMART PURCHASE TXN45169,3842.97,Net Banking,Shopping
2025-06-20,INVESTMENT ACCOUNT REF136630,27872.97,Credit Card,Investment
2025-06-20,AJIO PURCHASE TXN73369,11013.37,Credit Card,Shopping
2025-06-20,INDIAN OIL PETROL,2262.89,Credit Card,Transport
2025-06-20,TEA SHOP UPI TXN99027,1505.56,Cash,Food
2025-06-21,UPI AJIO PURCHASE VIJAYAWADA,10403.38,Wallet,Shopping
2025-06-21,GAS BILL PAYMENT,593.05,Cash,Bills
2025-06-21,HP FUEL STATION TXN47272,2557.83,Cash,Transport
2025-06-21,NETFLIX SUBSCRIPTION TXN35474,1017.56,Cash,Entertainment
2025-06-21,STOCK INVESTMENT,25867.82,UPI,Investment
2025-06-21,PHARMACY UPI,6173.03,Net Banking,Healthcare
2025-06-21,HOSTEL RENT,5422.24,Wallet,Rent
2025-06-21,PERSONAL TRANSFER,9931.85,Net Banking,Other
2025-06-22,DONATION PAYMENT REF986088,4431.05,Net Banking,Other
2025-06-22,GIFT PURCHASE,2674.75,Wallet,Other
2025-06-22,ZOMATO FOOD ORDER,840.29,Wallet,Food
2025-06-22,HOSTEL RENT,20035.73,Debit Card,Rent
2025-06-22,UPI DENTAL CLINIC BLR,1369.63,Net Banking,Healthcare
2025-06-22,MISCELLANEOUS PAYMENT,1050.02,Net Banking,Other
2025-06-22,HOTSTAR SUBSCRIPTION TXN17630,2126.06,Credit Card,Entertainment
2025-06-22,GOLD SAVINGS,16867.03,Debit Card,Investment
2025-06-23,UPI CAFE COFFEE DAY BLR,869.89,Net Banking,Food
2025-06-23,PERSONAL TRANSFER REF248989,7315.35,Credit Card,Other
2025-06-24,UPI LIBRARY FEE CHENNAI,699.02,Credit Card,Education
2025-06-24,ATM FEE REF443272,2041.41,Wallet,Other
2025-06-24,MOBILE POSTPAID BILL,1235.58,Credit Card,Bills
2025-06-25,UPI JIO RECHARGE HYD,2775.24,Cash,Bills
2025-06-25,UPI RAPIDO RIDE GUNTUR,529.29,Cash,Transport
2025-06-25,UPI MEDICAL STORE BLR,9265.08,Debit Card,Healthcare
2025-06-25,YOUTUBE PREMIUM,3124.08,Net Banking,Entertainment
2025-06-25,DOMINOS PIZZA,687.72,UPI,Food
2025-06-25,OLA CAB REF473435,2253.62,UPI,Transport
2025-06-25,DOCTOR CONSULTATION TXN40434,3647.44,Net Banking,Healthcare
2025-06-25,UPI UDEMY COURSE VIJAYAWADA,11523.57,Credit Card,Education
2025-06-25,UPI YOUTUBE PREMIUM CHENNAI,3640.67,Cash,Entertainment
2025-06-25,HOSTEL RENT REF958933,21590.21,Credit Card,Rent
2025-06-25,RECURRING DEPOSIT,12025.36,Cash,Investment
2025-06-25,SWIGGY ORDER,1738.91,Debit Card,Food
2025-06-26,RAILWAY TICKET,106.72,Credit Card,Transport
2025-06-26,HOSTEL FEE RENT,17688.95,Net Banking,Rent
2025-06-26,METRO TICKET TXN50225,2936.74,UPI,Transport
2025-06-26,UBER TRIP,1044.17,Debit Card,Transport
2025-06-26,JIO RECHARGE TXN22094,5892.18,UPI,Bills
2025-06-26,STATIONERY STORE,16679.8,Cash,Education
2025-06-26,EYE HOSPITAL,6817.08,Wallet,Healthcare
2025-06-26,UPI HOUSE RENT VIJAYAWADA,17294.06,Debit Card,Rent
2025-06-26,PVR CINEMAS,137.13,UPI,Entertainment
2025-06-26,MONTHLY RENT REF317633,19456.24,Credit Card,Rent
2025-06-27,HEALTH CHECKUP,9603.72,Cash,Healthcare
2025-06-27,UPI HOTSTAR SUBSCRIPTION BLR,2279.13,Cash,Entertainment
2025-06-27,GIFT PURCHASE REF320901,1117.76,Credit Card,Other
2025-06-27,UPI GOLD SAVINGS CHENNAI,1512.96,Net Banking,Investment
2025-06-27,AJIO PURCHASE TXN40035,12433.99,Cash,Shopping
2025-06-27,UPI INOX MOVIES HYD,2273.69,Debit Card,Entertainment
2025-06-27,AMAZON PURCHASE,1931.13,Credit Card,Shopping
2025-06-27,DOMINOS PIZZA,296.29,Credit Card,Food
2025-06-27,GOLD SAVINGS,16634.88,Debit Card,Investment
2025-06-27,UDEMY COURSE REF677521,11726.33,Net Banking,Education
2025-06-27,GOLD SAVINGS,7297.49,Debit Card,Investment
2025-06-27,UPI UBER TRIP CHENNAI,1494.41,UPI,Transport
2025-06-27,UPI GIFT PURCHASE BLR,5109.73,Credit Card,Other
2025-06-28,PERSONAL TRANSFER,206.53,Cash,Other
2025-06-28,PG RENT PAYMENT REF996620,17250.59,UPI,Rent
2025-06-28,HOSTEL FEE RENT REF716847,7667.2,Wallet,Rent
2025-06-28,MEDICAL STORE,629.52,Debit Card,Healthcare
2025-06-28,ACT FIBERNET,2480.85,Cash,Bills
2025-06-28,UPI MOBILE POSTPAID BILL BLR,366.43,Credit Card,Bills
2025-06-28,CASH WITHDRAWAL,4974.24,Net Banking,Other
2025-06-29,GOLD SAVINGS REF933047,19799.22,Cash,Investment
2025-06-29,HOSPITAL PAYMENT TXN47876,6082.46,UPI,Healthcare
2025-06-29,PHARMACY UPI TXN76494,8300.06,Net Banking,Healthcare
2025-06-29,DMART PURCHASE,1968.04,Wallet,Shopping
2025-06-29,UPI YOUTUBE PREMIUM BLR,1979.87,UPI,Entertainment
2025-06-29,HOSTEL FEE RENT TXN32699,13112.6,Credit Card,Rent
2025-06-29,AJIO PURCHASE,8101.97,Cash,Shopping
2025-06-29,HOSTEL FEE RENT,12611.91,Cash,Rent
2025-06-29,RELIANCE TRENDS TXN77702,3533.87,Net Banking,Shopping
2025-06-29,RELIANCE TRENDS TXN49612,7559.64,Wallet,Shopping
2025-06-30,MYNTRA SHOPPING TXN11130,11349.23,Debit Card,Shopping
2025-06-30,HP FUEL STATION TXN31296,772.17,UPI,Transport
2025-06-30,VI MOBILE RECHARGE,688.1,Cash,Bills
2025-06-30,MUTUAL FUND INVESTMENT,29104.18,Cash,Investment
2025-06-30,INVESTMENT ACCOUNT TXN18951,14187.27,Debit Card,Investment
2025-06-30,WATER BILL REF317445,3372.01,Debit Card,Bills
2025-06-30,MISCELLANEOUS PAYMENT,6415.88,Credit Card,Other
2025-06-30,UPI TRANSFER REF854782,7659.61,Credit Card,Other
2025-06-30,BANK CHARGE,4235.95,Wallet,Other
2025-06-30,HOSTEL FEE RENT,19159.32,Cash,Rent
2025-06-30,AIRTEL RECHARGE TXN57021,4833.82,Cash,Bills
2025-06-30,HOSTEL FEE RENT TXN87264,4230.36,Credit Card,Rent
2025-07-01,WATER BILL,4657.43,UPI,Bills
2025-07-01,UPI TEA SHOP UPI GUNTUR,551.83,UPI,Food
2025-07-01,PG RENT PAYMENT TXN23318,11763.91,UPI,Rent
2025-07-01,SHOPPING MALL REF904538,5012.77,Wallet,Shopping
2025-07-01,BAKERY PURCHASE TXN85599,1736.71,Cash,Food
2025-07-01,UPI ROOM RENT BLR,7755.68,Wallet,Rent
2025-07-01,AIRTEL RECHARGE TXN40325,2981.15,UPI,Bills
2025-07-01,FIXED DEPOSIT TXN82608,4654.39,Wallet,Investment
2025-07-01,PVR CINEMAS REF508422,2725.54,UPI,Entertainment
2025-07-01,HOSTEL FEE RENT REF565495,19495.43,Net Banking,Rent
2025-07-01,COLLEGE FEE,15325.44,Debit Card,Education
2025-07-01,ELECTRICITY BILL,1096.99,Net Banking,Bills
2025-07-01,TRAINING PROGRAM TXN34203,5996.22,Net Banking,Education
2025-07-02,NETFLIX SUBSCRIPTION REF655134,2916.27,Credit Card,Entertainment
2025-07-02,SHOPPING MALL,792.29,Debit Card,Shopping
2025-07-02,GOLD SAVINGS REF492486,21114.68,Debit Card,Investment
2025-07-02,LIBRARY FEE,13840.43,Wallet,Education
2025-07-02,DONATION PAYMENT,7336.15,Credit Card,Other
2025-07-02,GROCERY FOOD STORE,380.93,Credit Card,Food
2025-07-02,AJIO PURCHASE TXN64932,7276.22,Wallet,Shopping
2025-07-02,APARTMENT RENT,11539.92,Wallet,Rent
2025-07-02,DONATION PAYMENT,7366.61,Net Banking,Other
2025-07-02,BUS TICKET,1435.2,Wallet,Transport
2025-07-02,HOSTEL RENT,9502.05,Credit Card,Rent
2025-07-02,RAPIDO RIDE TXN47427,1128.72,Wallet,Transport
2025-07-02,TEA SHOP UPI TXN45994,498.21,Wallet,Food
2025-07-02,VI MOBILE RECHARGE,4554.3,Wallet,Bills
2025-07-02,AJIO PURCHASE,7523.2,Debit Card,Shopping
2025-07-02,UPI TRAINING PROGRAM CHENNAI,13631.65,Net Banking,Education
2025-07-03,INVESTMENT ACCOUNT REF106416,22934.54,UPI,Investment
2025-07-03,BOOK STORE,3170.99,Net Banking,Education
2025-07-03,AMAZON PRIME TXN30914,3139.22,UPI,Entertainment
2025-07-03,UPI HOSTEL RENT GUNTUR,15016.36,Credit Card,Rent
2025-07-03,UPI GOLD SAVINGS CHENNAI,22125.75,Cash,Investment
2025-07-03,RECURRING DEPOSIT,3775.4,Net Banking,Investment
2025-07-04,KFC RESTAURANT TXN52050,69.55,UPI,Food
2025-07-04,STATIONERY STORE,8312.74,Cash,Education
2025-07-04,SWIGGY ORDER,1094.15,Cash,Food
2025-07-04,UPI MCDONALDS ORDER VIJAYAWADA,1264.58,Net Banking,Food
2025-07-04,UPI ENTERTAINMENT EVENT HYD,2096.58,Debit Card,Entertainment
2025-07-04,PERSONAL TRANSFER,6198.21,UPI,Other
2025-07-04,UPI PETROL PUMP HYD,1847.85,Debit Card,Transport
2025-07-04,UPI PVR CINEMAS VIJAYAWADA,3106.33,UPI,Entertainment
2025-07-04,UPI DONATION PAYMENT VIJAYAWADA,3443.18,Net Banking,Other
2025-07-04,BAKERY PURCHASE,408.72,Wallet,Food
2025-07-04,CLOTHING STORE,7379.32,Wallet,Shopping
2025-07-04,AUTO RICKSHAW UPI TXN92159,2224.43,Debit Card,Transport
2025-07-05,METRO TICKET,1404.4,Cash,Transport
2025-07-05,INVESTMENT ACCOUNT,13774.23,Cash,Investment
2025-07-05,HOSTEL RENT,5789.53,Cash,Rent
2025-07-05,RECURRING DEPOSIT,24341.88,Net Banking,Investment
2025-07-05,INDEX FUND SIP REF644107,25195.75,Wallet,Investment
2025-07-06,ACCOMMODATION PAYMENT TXN26803,10103.28,Credit Card,Rent
2025-07-06,ATM FEE,5316.07,Wallet,Other
2025-07-06,UPI ATM FEE GUNTUR,7636.98,Cash,Other
2025-07-06,CAFE COFFEE DAY TXN29391,702.6,Debit Card,Food
2025-07-06,RAPIDO RIDE,1951.71,Cash,Transport
2025-07-06,YOUTUBE PREMIUM,1962.12,Wallet,Entertainment
2025-07-06,INOX MOVIES,1278.6,Wallet,Entertainment
2025-07-06,KFC RESTAURANT REF521805,818.18,Debit Card,Food
2025-07-06,COLLEGE FEE TXN54064,13649.45,Net Banking,Education
2025-07-06,MONTHLY RENT,23515.15,Debit Card,Rent
2025-07-06,UPI STOCK INVESTMENT HYD,12242.76,Debit Card,Investment
2025-07-07,PETROL PUMP,2734.46,UPI,Transport
2025-07-07,UPI CAFE COFFEE DAY HYD,1165.11,Cash,Food
2025-07-07,GIFT PURCHASE,985.53,Credit Card,Other
2025-07-07,AIRTEL RECHARGE REF864306,5920.32,Wallet,Bills
2025-07-08,UPI AUTO RICKSHAW UPI VIJAYAWADA,2372.76,Cash,Transport
2025-07-08,COLLEGE FEE REF800055,5031.19,UPI,Education
2025-07-08,UPI TRAINING PROGRAM BLR,5257.27,Net Banking,Education
2025-07-08,CASH WITHDRAWAL TXN53030,8515.56,UPI,Other
2025-07-08,UPI LIBRARY FEE VIJAYAWADA,3914.48,Wallet,Education
2025-07-08,INDEX FUND SIP TXN47396,26509.71,Wallet,Investment
2025-07-08,GAME PURCHASE REF792482,1289.38,Credit Card,Entertainment
2025-07-08,MEESHO ORDER REF505083,5460.44,Debit Card,Shopping
2025-07-08,HOUSE RENT TXN98330,5415.78,Debit Card,Rent
2025-07-08,DOCTOR CONSULTATION,6272.03,Credit Card,Healthcare
2025-07-08,ROOM RENT,22631.5,Debit Card,Rent
2025-07-08,MOVIE TICKET REF220213,3921.15,Debit Card,Entertainment
2025-07-08,ATM FEE REF599135,6905.52,Debit Card,Other
2025-07-09,YOUTUBE PREMIUM TXN16514,2909.13,Net Banking,Entertainment
2025-07-09,SPOTIFY PREMIUM REF175999,968.23,Cash,Entertainment
2025-07-09,DIAGNOSTIC LAB REF917345,103.19,Credit Card,Healthcare
2025-07-09,DONATION PAYMENT TXN79758,7759.29,Net Banking,Other
2025-07-10,ONLINE COURSE PAYMENT,24728.58,Cash,Education
2025-07-10,AJIO PURCHASE REF633112,12888.72,UPI,Shopping
2025-07-10,VI MOBILE RECHARGE REF727847,4540.51,Credit Card,Bills
2025-07-10,MEDPLUS PHARMACY TXN65904,6458.7,Debit Card,Healthcare
2025-07-10,ZOMATO FOOD ORDER TXN45331,436.53,Wallet,Food
2025-07-10,BROADBAND BILL TXN30676,2685.29,Wallet,Bills
2025-07-10,BAKERY PURCHASE,1546.97,UPI,Food
2025-07-10,UPI AJIO PURCHASE HYD,11967.59,UPI,Shopping
2025-07-10,CERTIFICATION EXAM,19769.86,Net Banking,Education
2025-07-10,BROADBAND BILL,1985.08,UPI,Bills
2025-07-10,GAME PURCHASE REF486043,222.77,Cash,Entertainment
2025-07-10,GIFT PURCHASE,382.76,Net Banking,Other
2025-07-10,GROCERY FOOD STORE,256.03,Net Banking,Food
2025-07-10,MCDONALDS ORDER,1568.61,Wallet,Food
2025-07-10,YOUTUBE PREMIUM,521.9,Debit Card,Entertainment
2025-07-10,UPI ATM FEE GUNTUR,9507.72,Net Banking,Other
2025-07-10,APARTMENT RENT,21749.78,Wallet,Rent
2025-07-11,UPI RELIANCE TRENDS VIJAYAWADA,12997.07,UPI,Shopping
2025-07-11,UPI FIXED DEPOSIT HYD,16561.67,UPI,Investment
2025-07-11,MEDPLUS PHARMACY REF438683,7129.94,Cash,Healthcare
2025-07-11,UPI MEDPLUS PHARMACY VIJAYAWADA,7531.46,Net Banking,Healthcare
2025-07-11,OLA CAB,916.78,Debit Card,Transport
2025-07-11,UPI STATIONERY STORE CHENNAI,2551.29,Cash,Education
2025-07-11,ROOM RENT,14358.16,UPI,Rent
2025-07-11,UPI DOCTOR CONSULTATION HYD,5018.13,Debit Card,Healthcare
2025-07-11,UPI ZOMATO FOOD ORDER VIJAYAWADA,1626.79,Cash,Food
2025-07-11,ELECTRONICS STORE REF823290,2529.22,Cash,Shopping
2025-07-12,PETROL PUMP REF340986,2578.05,Credit Card,Transport
2025-07-12,ZOMATO FOOD ORDER REF824586,1631.88,UPI,Food
2025-07-12,ELECTRICITY BILL TXN59190,454.63,Credit Card,Bills
2025-07-12,UDEMY COURSE,5075.02,Debit Card,Education
2025-07-12,UPI DONATION PAYMENT BLR,591.63,Net Banking,Other
2025-07-12,MCDONALDS ORDER REF990890,1679.06,UPI,Food
2025-07-12,STOCK INVESTMENT REF388772,9762.11,Net Banking,Investment
2025-07-12,UPI MCDONALDS ORDER BLR,1440.72,Net Banking,Food
2025-07-12,MISCELLANEOUS PAYMENT REF684292,9210.65,Cash,Other
2025-07-12,APARTMENT RENT,11535.29,Credit Card,Rent
2025-07-12,TATA PLAY RECHARGE REF391897,2782.01,Debit Card,Bills
2025-07-13,INOX MOVIES,3015.06,Cash,Entertainment
2025-07-13,RAILWAY TICKET,2329.11,Cash,Transport
2025-07-13,CAFE COFFEE DAY,1281.06,Net Banking,Food
2025-07-13,RAPIDO RIDE TXN50144,513.35,Debit Card,Transport
2025-07-13,AUTO RICKSHAW UPI TXN99691,176.36,UPI,Transport
2025-07-13,GIFT PURCHASE,6205.52,Wallet,Other
2025-07-13,MOVIE TICKET,1567.0,Debit Card,Entertainment
2025-07-13,INOX MOVIES REF658132,600.29,Net Banking,Entertainment
2025-07-13,UPI AJIO PURCHASE BLR,11150.8,Debit Card,Shopping
2025-07-13,AJIO PURCHASE,7935.31,Wallet,Shopping
2025-07-13,SPOTIFY PREMIUM REF597959,145.81,Net Banking,Entertainment
2025-07-13,MISCELLANEOUS PAYMENT,6537.01,Credit Card,Other
2025-07-13,AUTO RICKSHAW UPI,2614.79,Credit Card,Transport
2025-07-13,UPI MONTHLY RENT HYD,24343.3,Cash,Rent
2025-07-14,UPI DOCTOR CONSULTATION CHENNAI,120.65,Credit Card,Healthcare
2025-07-14,MUTUAL FUND INVESTMENT REF290904,24048.93,UPI,Investment
2025-07-14,RAPIDO RIDE TXN94629,1475.99,Wallet,Transport
2025-07-14,DOCTOR CONSULTATION,5005.17,Net Banking,Healthcare
2025-07-14,PG RENT PAYMENT REF637805,19074.32,Debit Card,Rent
2025-07-14,AJIO PURCHASE,11585.05,Wallet,Shopping
2025-07-15,INOX MOVIES REF411113,1330.35,Cash,Entertainment
2025-07-15,MISCELLANEOUS PAYMENT,8947.64,UPI,Other
2025-07-15,UPI LIBRARY FEE BLR,22935.02,UPI,Education
2025-07-15,HOTSTAR SUBSCRIPTION,358.14,Credit Card,Entertainment
2025-07-15,UPI TEA SHOP UPI CHENNAI,274.28,Net Banking,Food
2025-07-15,MUTUAL FUND INVESTMENT,15055.82,Net Banking,Investment
2025-07-15,ACCOMMODATION PAYMENT,23566.87,Net Banking,Rent
2025-07-16,UPI MEESHO ORDER CHENNAI,14034.02,Credit Card,Shopping
2025-07-16,WATER BILL TXN99567,1609.33,Net Banking,Bills
2025-07-16,DMART PURCHASE TXN57131,785.41,UPI,Shopping
2025-07-16,AMAZON PURCHASE REF989596,8479.03,Wallet,Shopping
2025-07-16,UPI CLOTHING STORE VIJAYAWADA,5402.22,Cash,Shopping
2025-07-16,BUS TICKET REF407059,185.88,Debit Card,Transport
2025-07-16,SHOPPING MALL REF292509,3741.65,Cash,Shopping
2025-07-16,PERSONAL TRANSFER,2999.04,Debit Card,Other
2025-07-16,GROCERY FOOD STORE,680.98,Credit Card,Food
2025-07-17,AIRTEL RECHARGE TXN50827,5064.66,Cash,Bills
2025-07-17,UPI METRO TICKET VIJAYAWADA,1407.18,UPI,Transport
2025-07-17,ATM FEE TXN75390,4149.32,Net Banking,Other
2025-07-17,UPI AMAZON PURCHASE HYD,8960.65,Cash,Shopping
2025-07-17,UPI BAKERY PURCHASE GUNTUR,224.85,Wallet,Food
2025-07-17,INDEX FUND SIP TXN44809,3990.62,UPI,Investment
2025-07-17,UPI DMART PURCHASE VIJAYAWADA,569.74,Wallet,Shopping
2025-07-17,UPI INVESTMENT ACCOUNT BLR,11457.14,Cash,Investment
2025-07-17,PETROL PUMP TXN74887,1380.64,Cash,Transport
2025-07-18,GIFT PURCHASE TXN45016,8893.14,Cash,Other
2025-07-18,UPI DENTAL CLINIC VIJAYAWADA,7791.11,Net Banking,Healthcare
2025-07-18,UPI KFC RESTAURANT VIJAYAWADA,74.08,Cash,Food
2025-07-18,APARTMENT RENT,13092.59,UPI,Rent
2025-07-18,DOMINOS PIZZA,672.24,Wallet,Food
2025-07-18,LIBRARY FEE REF395755,24838.73,Cash,Education
2025-07-18,UPI RELIANCE TRENDS HYD,12423.58,Cash,Shopping
2025-07-18,UPI ROOM RENT CHENNAI,3169.16,Wallet,Rent
2025-07-18,ACCOMMODATION PAYMENT TXN47183,11854.72,Net Banking,Rent
2025-07-18,BUS TICKET TXN92081,1913.89,Debit Card,Transport
2025-07-18,ONLINE COURSE PAYMENT TXN79560,24653.35,Cash,Education
2025-07-18,AUTO RICKSHAW UPI REF273274,1896.58,Wallet,Transport
2025-07-19,UPI JIO RECHARGE HYD,2272.51,Cash,Bills
2025-07-19,OLA CAB,1682.4,Credit Card,Transport
2025-07-19,HOSTEL RENT TXN54508,10395.33,Credit Card,Rent
2025-07-19,UPI PVR CINEMAS GUNTUR,2904.28,Debit Card,Entertainment
2025-07-19,INVESTMENT ACCOUNT REF435604,14437.53,Credit Card,Investment
2025-07-19,UPI TATA PLAY RECHARGE BLR,3563.32,Net Banking,Bills
2025-07-19,UPI LIBRARY FEE GUNTUR,11235.83,Net Banking,Education
2025-07-19,MEESHO ORDER,6197.18,Wallet,Shopping
2025-07-19,MEDPLUS PHARMACY REF827770,9857.15,Net Banking,Healthcare
2025-07-20,HOSPITAL PAYMENT TXN50243,4580.39,UPI,Healthcare
2025-07-20,PERSONAL TRANSFER,2551.57,UPI,Other
2025-07-20,DIAGNOSTIC LAB TXN27287,1141.83,Credit Card,Healthcare
2025-07-20,COURSERA COURSE,21589.01,Wallet,Education
2025-07-20,TATA PLAY RECHARGE,5955.1,UPI,Bills
2025-07-20,MUTUAL FUND INVESTMENT TXN60872,16651.53,Net Banking,Investment
2025-07-20,SHOPPING MALL REF656127,11069.59,Net Banking,Shopping
2025-07-20,SIP INVESTMENT REF570577,27421.39,Credit Card,Investment
2025-07-20,RECURRING DEPOSIT,14696.72,Debit Card,Investment
2025-07-20,ELECTRONICS STORE,2245.28,Cash,Shopping
2025-07-20,UPI PVR CINEMAS VIJAYAWADA,2450.56,Wallet,Entertainment
2025-07-20,WATER BILL,2277.22,Cash,Bills
2025-07-20,SHOPPING MALL,9464.78,UPI,Shopping
2025-07-20,UPI APOLLO PHARMACY VIJAYAWADA,9108.89,UPI,Healthcare
2025-07-21,HOSTEL FEE RENT REF127537,4971.61,UPI,Rent
2025-07-21,SWIGGY ORDER REF150566,981.47,Credit Card,Food
2025-07-21,PVR CINEMAS,2818.81,Debit Card,Entertainment
2025-07-21,ROOM RENT REF859171,17043.01,UPI,Rent
2025-07-21,TRAINING PROGRAM TXN14445,23729.18,Cash,Education
2025-07-21,HOSTEL RENT,20944.78,Debit Card,Rent
2025-07-21,UPI BANK CHARGE GUNTUR,1400.12,Debit Card,Other
2025-07-21,APARTMENT RENT,23118.43,Debit Card,Rent
2025-07-21,UPI INDIAN OIL PETROL VIJAYAWADA,1245.56,Wallet,Transport
2025-07-22,RAILWAY TICKET,1404.84,UPI,Transport
2025-07-22,FIXED DEPOSIT,13286.75,Cash,Investment
2025-07-22,VI MOBILE RECHARGE,920.51,Net Banking,Bills
2025-07-22,BROADBAND BILL,4742.16,Credit Card,Bills
2025-07-22,LIBRARY FEE,14387.08,UPI,Education
2025-07-22,SHOPPING MALL,13452.14,Cash,Shopping
2025-07-22,UDEMY COURSE,9855.57,Debit Card,Education
2025-07-22,ROOM RENT REF300936,22087.42,Cash,Rent
2025-07-22,UPI EYE HOSPITAL HYD,9899.6,UPI,Healthcare
2025-07-22,AMAZON PRIME,3759.19,Cash,Entertainment
2025-07-23,MUTUAL FUND INVESTMENT,2137.74,UPI,Investment
2025-07-23,CAFE COFFEE DAY,1166.05,Debit Card,Food
2025-07-23,SWIGGY ORDER REF566570,72.33,UPI,Food
2025-07-23,MISCELLANEOUS PAYMENT TXN39508,1873.92,Wallet,Other
2025-07-23,MOVIE TICKET,583.76,Cash,Entertainment
2025-07-23,UPI SIP INVESTMENT VIJAYAWADA,16462.32,Net Banking,Investment
2025-07-23,MOVIE TICKET TXN79607,3554.43,Credit Card,Entertainment
2025-07-24,BAKERY PURCHASE,1533.01,Net Banking,Food
2025-07-24,STATIONERY STORE,1432.47,Cash,Education
2025-07-24,TATA PLAY RECHARGE,5276.78,Debit Card,Bills
2025-07-24,VI MOBILE RECHARGE,566.08,UPI,Bills
2025-07-24,ZOMATO FOOD ORDER,771.59,Cash,Food
2025-07-24,CERTIFICATION EXAM REF976890,7942.33,Debit Card,Education
2025-07-24,UPI DIAGNOSTIC LAB BLR,996.57,UPI,Healthcare
2025-07-24,ACCOMMODATION PAYMENT REF327482,5712.85,UPI,Rent
2025-07-24,DIAGNOSTIC LAB,1273.11,Net Banking,Healthcare
2025-07-24,DIAGNOSTIC LAB,4378.76,Debit Card,Healthcare
2025-07-24,DONATION PAYMENT REF840187,2439.78,Cash,Other
2025-07-24,UPI DENTAL CLINIC CHENNAI,5565.84,Net Banking,Healthcare
2025-07-24,UPI SPOTIFY PREMIUM BLR,1911.21,Debit Card,Entertainment
2025-07-24,KFC RESTAURANT REF496915,916.48,Net Banking,Food
2025-07-25,INOX MOVIES,1602.86,Net Banking,Entertainment
2025-07-25,SPOTIFY PREMIUM,1854.34,UPI,Entertainment
2025-07-25,HP FUEL STATION REF475676,2369.05,Credit Card,Transport
2025-07-25,OLA CAB,303.67,UPI,Transport
2025-07-25,OLA CAB REF286638,2388.82,UPI,Transport
2025-07-25,BANK CHARGE TXN32874,5158.17,Wallet,Other
2025-07-25,TEA SHOP UPI,1225.08,Wallet,Food
2025-07-25,EYE HOSPITAL TXN23570,1565.0,UPI,Healthcare
2025-07-25,ACT FIBERNET,5150.55,Net Banking,Bills
2025-07-25,MCDONALDS ORDER REF209050,777.25,Cash,Food
2025-07-25,DONATION PAYMENT,3920.94,UPI,Other
2025-07-25,AIRTEL RECHARGE,496.84,Cash,Bills
2025-07-25,PERSONAL TRANSFER,1386.88,Cash,Other
2025-07-25,UPI TRANSFER TXN18639,3330.42,Wallet,Other
2025-07-25,METRO TICKET,744.32,UPI,Transport
2025-07-25,UPI MUTUAL FUND INVESTMENT CHENNAI,7363.9,Wallet,Investment
2025-07-26,PETROL PUMP,2181.19,Debit Card,Transport
2025-07-26,HOUSE RENT TXN86704,9686.12,Wallet,Rent
2025-07-26,UPI ELECTRONICS STORE GUNTUR,14913.97,Debit Card,Shopping
2025-07-26,UPI METRO TICKET CHENNAI,2012.71,Cash,Transport
2025-07-26,MEESHO ORDER REF608876,10628.73,Credit Card,Shopping
2025-07-26,ENTERTAINMENT EVENT TXN12404,2488.49,Net Banking,Entertainment
2025-07-26,BUS TICKET,1595.53,Wallet,Transport
2025-07-26,INVESTMENT ACCOUNT,17135.38,Net Banking,Investment
2025-07-26,ACCOMMODATION PAYMENT,7673.11,Debit Card,Rent
2025-07-26,INDEX FUND SIP REF326964,11633.43,Debit Card,Investment
2025-07-26,UPI GOLD SAVINGS VIJAYAWADA,13722.43,Credit Card,Investment
2025-07-27,ONLINE COURSE PAYMENT REF558916,122.94,Credit Card,Education
2025-07-27,VI MOBILE RECHARGE TXN28728,5055.27,Net Banking,Bills
2025-07-27,HOSPITAL PAYMENT,4101.7,UPI,Healthcare
2025-07-27,BUS TICKET,450.39,UPI,Transport
2025-07-27,RAPIDO RIDE,1257.37,UPI,Transport
2025-07-27,AMAZON PURCHASE,9824.84,UPI,Shopping
2025-07-27,STOCK INVESTMENT,5224.0,Net Banking,Investment
2025-07-27,BAKERY PURCHASE TXN91512,941.18,Credit Card,Food
2025-07-27,UPI CERTIFICATION EXAM HYD,2957.67,Credit Card,Education
2025-07-27,COLLEGE FEE TXN60243,21622.72,Debit Card,Education
2025-07-27,BROADBAND BILL,1577.37,Wallet,Bills
2025-07-28,CASH WITHDRAWAL,5261.02,UPI,Other
2025-07-28,ROOM RENT TXN28301,8425.81,Cash,Rent
2025-07-28,TATA PLAY RECHARGE REF749641,5316.99,Credit Card,Bills
2025-07-28,UPI INVESTMENT ACCOUNT HYD,9679.35,Credit Card,Investment
2025-07-28,DOMINOS PIZZA,216.39,Cash,Food
2025-07-28,HOUSE RENT REF101248,6086.17,Net Banking,Rent
2025-07-28,HOSPITAL PAYMENT REF565511,214.99,Credit Card,Healthcare
2025-07-28,HOTSTAR SUBSCRIPTION TXN98756,3955.74,Cash,Entertainment
2025-07-28,ELECTRICITY BILL,3651.91,Debit Card,Bills
2025-07-29,HOSTEL FEE RENT TXN70342,14053.15,Wallet,Rent
2025-07-29,HOSPITAL PAYMENT,6530.42,Cash,Healthcare
2025-07-29,BAKERY PURCHASE REF161779,1426.03,Wallet,Food
2025-07-29,GOLD SAVINGS,9351.01,Cash,Investment
2025-07-29,APARTMENT RENT,9230.97,Cash,Rent
2025-07-29,HOUSE RENT,24448.79,Net Banking,Rent
2025-07-29,MUTUAL FUND INVESTMENT REF445552,18669.58,Credit Card,Investment
2025-07-29,SHOPPING MALL TXN58453,2849.0,Wallet,Shopping
2025-07-29,YOUTUBE PREMIUM TXN32833,2857.72,Wallet,Entertainment
2025-07-29,FLIPKART ORDER,14391.84,Debit Card,Shopping
2025-07-29,UPI MCDONALDS ORDER HYD,313.41,Net Banking,Food
2025-07-29,COURSERA COURSE,1593.53,Cash,Education
2025-07-29,AUTO RICKSHAW UPI,2362.07,Wallet,Transport
2025-07-30,HOSTEL FEE RENT TXN96889,16437.73,Credit Card,Rent
2025-07-30,GOLD SAVINGS REF520006,12258.28,UPI,Investment
2025-07-30,ENTERTAINMENT EVENT REF960487,1560.27,Wallet,Entertainment
2025-07-30,ACCOMMODATION PAYMENT,20181.44,UPI,Rent
2025-07-30,ROOM RENT,4095.83,Debit Card,Rent
2025-07-30,GAS BILL PAYMENT REF666158,1411.53,UPI,Bills
2025-07-30,MONTHLY RENT REF798670,20188.09,Wallet,Rent
2025-07-30,BROADBAND BILL REF412963,5852.15,Net Banking,Bills
2025-07-31,UPI INDEX FUND SIP HYD,16287.54,Net Banking,Investment
2025-07-31,BOOK STORE TXN35620,4770.91,Wallet,Education
2025-07-31,ENTERTAINMENT EVENT,1178.06,Cash,Entertainment
2025-07-31,UPI INVESTMENT ACCOUNT VIJAYAWADA,28856.76,Cash,Investment
2025-07-31,UPI CERTIFICATION EXAM BLR,6767.55,Cash,Education
2025-07-31,UPI FLIPKART ORDER CHENNAI,7012.9,Cash,Shopping
2025-07-31,DONATION PAYMENT,9568.06,Wallet,Other
2025-07-31,CLOTHING STORE,9030.43,Wallet,Shopping
2025-07-31,MEESHO ORDER,563.12,Debit Card,Shopping
2025-07-31,COLLEGE FEE,1592.19,Wallet,Education
2025-07-31,STATIONERY STORE,22911.83,Wallet,Education
2025-07-31,KFC RESTAURANT,177.6,Cash,Food
2025-07-31,WATER BILL REF697817,3432.3,Net Banking,Bills
2025-07-31,DIAGNOSTIC LAB,4636.66,Cash,Healthcare
2025-07-31,CASH WITHDRAWAL REF966769,4324.38,Net Banking,Other
2025-08-01,UPI COURSERA COURSE VIJAYAWADA,17655.3,Net Banking,Education
2025-08-01,GROCERY FOOD STORE REF632046,694.42,Cash,Food
2025-08-01,LIBRARY FEE TXN70468,3831.47,Net Banking,Education
2025-08-01,INDEX FUND SIP TXN90337,13744.06,Wallet,Investment
2025-08-01,SHOPPING MALL,8002.97,Cash,Shopping
2025-08-01,MISCELLANEOUS PAYMENT REF874625,4403.42,Cash,Other
2025-08-01,UPI SPOTIFY PREMIUM CHENNAI,3417.23,Cash,Entertainment
2025-08-01,AMAZON PRIME,1047.56,Credit Card,Entertainment
2025-08-01,SIP INVESTMENT,24428.21,Wallet,Investment
2025-08-02,AMAZON PURCHASE,5104.88,Credit Card,Shopping
2025-08-02,APARTMENT RENT REF184464,23056.52,Debit Card,Rent
2025-08-02,TATA PLAY RECHARGE TXN50901,3293.83,Debit Card,Bills
2025-08-02,BANK CHARGE,8120.54,Cash,Other
2025-08-02,LIBRARY FEE TXN40743,22210.82,Cash,Education
2025-08-02,MEDPLUS PHARMACY,9916.74,Wallet,Healthcare
2025-08-02,APOLLO PHARMACY,2817.36,Wallet,Healthcare
2025-08-02,ELECTRONICS STORE TXN26899,4415.88,UPI,Shopping
2025-08-02,SIP INVESTMENT,11517.49,Net Banking,Investment
2025-08-02,MISCELLANEOUS PAYMENT,5735.76,Debit Card,Other
2025-08-03,UPI LIBRARY FEE VIJAYAWADA,11968.73,Cash,Education
2025-08-03,MISCELLANEOUS PAYMENT REF534574,1538.94,Cash,Other
2025-08-03,CERTIFICATION EXAM REF711807,22414.87,Credit Card,Education
2025-08-03,UPI COURSERA COURSE VIJAYAWADA,14458.54,Cash,Education
2025-08-03,RESTAURANT PAYMENT,1738.31,Wallet,Food
2025-08-03,RECURRING DEPOSIT,1098.84,UPI,Investment
2025-08-03,KFC RESTAURANT TXN45861,99.45,Net Banking,Food
2025-08-03,GROCERY FOOD STORE REF953232,728.17,UPI,Food
2025-08-03,UBER TRIP,2422.85,UPI,Transport
2025-08-03,UPI BUS TICKET HYD,2677.2,UPI,Transport
2025-08-03,INVESTMENT ACCOUNT,18894.2,Net Banking,Investment
2025-08-03,UPI FLIPKART ORDER GUNTUR,5496.04,UPI,Shopping
2025-08-04,UPI AUTO RICKSHAW UPI CHENNAI,252.25,UPI,Transport
2025-08-04,EYE HOSPITAL,9178.66,Wallet,Healthcare
2025-08-04,APOLLO PHARMACY REF555879,186.22,Cash,Healthcare
2025-08-04,UPI STOCK INVESTMENT CHENNAI,3701.36,Wallet,Investment
2025-08-04,FLIPKART ORDER,2167.29,Net Banking,Shopping
2025-08-04,ELECTRONICS STORE,11457.5,Debit Card,Shopping
2025-08-04,GIFT PURCHASE,4459.49,Cash,Other
2025-08-04,DOCTOR CONSULTATION TXN69234,8320.41,UPI,Healthcare
2025-08-04,ACCOMMODATION PAYMENT,15239.09,Debit Card,Rent
2025-08-04,FIXED DEPOSIT TXN36218,8586.29,Debit Card,Investment
2025-08-04,EXAM FEE,14137.47,UPI,Education
2025-08-04,HOSTEL FEE RENT TXN11058,20450.75,Wallet,Rent
2025-08-04,GIFT PURCHASE TXN16246,4278.66,Cash,Other
2025-08-04,GAME PURCHASE TXN52739,2388.71,UPI,Entertainment
2025-08-04,CERTIFICATION EXAM REF837623,17543.96,Cash,Education
2025-08-04,DOMINOS PIZZA REF477027,1405.17,Cash,Food
2025-08-05,DOMINOS PIZZA,1791.08,Cash,Food
2025-08-05,VI MOBILE RECHARGE REF446585,1034.19,UPI,Bills
2025-08-05,GIFT PURCHASE,8329.67,Wallet,Other
2025-08-05,BUS TICKET,1463.54,Wallet,Transport
2025-08-05,GOLD SAVINGS,6184.82,UPI,Investment
2025-08-05,ROOM RENT,13701.92,Net Banking,Rent
2025-08-05,MCDONALDS ORDER REF239399,390.36,Debit Card,Food
2025-08-06,HOSTEL RENT,24860.61,Cash,Rent
2025-08-06,HP FUEL STATION,1226.67,UPI,Transport
2025-08-06,UPI STATIONERY STORE HYD,7233.11,Debit Card,Education
2025-08-06,DMART PURCHASE,12674.01,Net Banking,Shopping
2025-08-06,STOCK INVESTMENT REF469390,26291.21,Net Banking,Investment
2025-08-06,OLA CAB,31.67,Credit Card,Transport
2025-08-06,UPI INVESTMENT ACCOUNT CHENNAI,3704.83,Net Banking,Investment
2025-08-06,DOMINOS PIZZA REF404779,707.69,Net Banking,Food
2025-08-07,UPI BUS TICKET VIJAYAWADA,2976.63,Credit Card,Transport
2025-08-07,RECURRING DEPOSIT,10608.17,UPI,Investment
2025-08-07,INDIAN OIL PETROL,1456.7,Wallet,Transport
2025-08-07,WATER BILL TXN26019,2767.14,Debit Card,Bills
2025-08-07,RESTAURANT PAYMENT REF934777,1434.97,Cash,Food
2025-08-07,SWIGGY ORDER TXN71133,100.58,Wallet,Food
2025-08-07,ROOM RENT REF929298,7893.66,Net Banking,Rent
2025-08-07,UPI AUTO RICKSHAW UPI BLR,2105.98,Wallet,Transport
2025-08-07,UPI DONATION PAYMENT HYD,4434.5,Cash,Other
2025-08-07,VI MOBILE RECHARGE REF125280,1055.77,Debit Card,Bills
2025-08-07,UPI MEDICAL STORE GUNTUR,6759.68,Wallet,Healthcare
2025-08-07,GAME PURCHASE,1184.73,Credit Card,Entertainment
2025-08-08,DOMINOS PIZZA,1205.95,Credit Card,Food
2025-08-08,HOSTEL RENT,10675.8,Credit Card,Rent
2025-08-08,WATER BILL,5343.38,Debit Card,Bills
2025-08-08,MYNTRA SHOPPING TXN65288,9505.97,Net Banking,Shopping
2025-08-08,UPI TRANSFER,9095.05,Wallet,Other
2025-08-08,GAME PURCHASE,814.46,UPI,Entertainment
2025-08-08,APARTMENT RENT REF136554,4604.23,Wallet,Rent
2025-08-08,STATIONERY STORE,14609.54,UPI,Education
2025-08-08,HEALTH CHECKUP,5607.6,Debit Card,Healthcare
2025-08-08,GOLD SAVINGS REF600714,28509.59,Wallet,Investment
2025-08-08,PG RENT PAYMENT TXN19549,23624.11,Cash,Rent
2025-08-08,ATM FEE TXN79794,7633.94,UPI,Other
2025-08-08,UPI ACCOMMODATION PAYMENT CHENNAI,11308.28,Cash,Rent
2025-08-08,APARTMENT RENT REF273659,18558.59,Wallet,Rent
2025-08-09,FIXED DEPOSIT REF715357,17402.97,Net Banking,Investment
2025-08-09,UPI MYNTRA SHOPPING CHENNAI,10221.71,UPI,Shopping
2025-08-09,HOTSTAR SUBSCRIPTION REF462153,2997.48,Credit Card,Entertainment
2025-08-09,UPI FIXED DEPOSIT GUNTUR,2720.86,UPI,Investment
2025-08-09,EYE HOSPITAL,557.48,UPI,Healthcare
2025-08-09,GIFT PURCHASE REF325686,3984.35,Credit Card,Other
2025-08-09,UPI HOSPITAL PAYMENT HYD,9493.0,Net Banking,Healthcare
2025-08-09,BUS TICKET,480.47,Net Banking,Transport
2025-08-09,UPI AUTO RICKSHAW UPI GUNTUR,1795.81,Cash,Transport
2025-08-09,PERSONAL TRANSFER,5132.52,UPI,Other
2025-08-09,MCDONALDS ORDER,767.17,Debit Card,Food
2025-08-09,LIBRARY FEE,9818.49,UPI,Education
2025-08-09,AUTO RICKSHAW UPI TXN91445,1211.55,Wallet,Transport
2025-08-09,BAKERY PURCHASE TXN47871,500.02,Wallet,Food
2025-08-09,UPI BUS TICKET BLR,1951.07,Debit Card,Transport
2025-08-10,INDIAN OIL PETROL REF198735,2840.06,Wallet,Transport
2025-08-10,BUS TICKET REF733565,924.34,Wallet,Transport
2025-08-10,MEDPLUS PHARMACY REF582472,6603.5,Wallet,Healthcare
2025-08-10,DOMINOS PIZZA REF240972,627.83,UPI,Food
2025-08-10,COURSERA COURSE,12444.13,Credit Card,Education
2025-08-10,AJIO PURCHASE TXN21428,4383.36,Debit Card,Shopping
2025-08-10,AMAZON PRIME,3435.08,Credit Card,Entertainment
2025-08-10,MUTUAL FUND INVESTMENT,16561.07,Net Banking,Investment
2025-08-10,BAKERY PURCHASE,1312.8,Cash,Food
2025-08-10,VI MOBILE RECHARGE REF875282,5592.09,Net Banking,Bills
2025-08-11,UPI HOSTEL RENT CHENNAI,15582.3,Credit Card,Rent
2025-08-11,UPI BAKERY PURCHASE BLR,884.18,Wallet,Food
2025-08-11,INVESTMENT ACCOUNT,18094.56,Net Banking,Investment
2025-08-11,CASH WITHDRAWAL REF873140,7614.57,Debit Card,Other
2025-08-11,MOVIE TICKET TXN16902,2477.02,Cash,Entertainment
2025-08-11,MISCELLANEOUS PAYMENT TXN51362,9692.28,Wallet,Other
2025-08-11,UPI AJIO PURCHASE HYD,10976.93,Wallet,Shopping
2025-08-11,PG RENT PAYMENT TXN64849,12577.24,Credit Card,Rent
2025-08-11,VI MOBILE RECHARGE,3420.33,UPI,Bills
2025-08-11,UPI INVESTMENT ACCOUNT BLR,26161.39,UPI,Investment
2025-08-11,UPI AMAZON PURCHASE CHENNAI,7835.11,Cash,Shopping
2025-08-11,MEDICAL STORE,9765.63,Credit Card,Healthcare
2025-08-11,FIXED DEPOSIT REF286454,9361.19,Net Banking,Investment
2025-08-11,UPI SPOTIFY PREMIUM BLR,2876.7,Credit Card,Entertainment
2025-08-11,AMAZON PRIME REF335490,2304.63,Wallet,Entertainment
2025-08-11,MEDICAL STORE,3321.99,Net Banking,Healthcare
2025-08-11,TEA SHOP UPI TXN80622,911.02,Credit Card,Food
2025-08-12,BAKERY PURCHASE,848.78,Wallet,Food
2025-08-12,MYNTRA SHOPPING,519.66,Credit Card,Shopping
2025-08-12,MEDICAL STORE,7140.7,Wallet,Healthcare
2025-08-12,ROOM RENT,12793.84,UPI,Rent
2025-08-12,CERTIFICATION EXAM,11559.09,UPI,Education
2025-08-12,AMAZON PRIME REF212724,298.83,Net Banking,Entertainment
2025-08-12,DMART PURCHASE,2598.42,Debit Card,Shopping
2025-08-13,CASH WITHDRAWAL,2264.98,Net Banking,Other
2025-08-13,ACT FIBERNET,440.31,UPI,Bills
2025-08-13,UPI DONATION PAYMENT GUNTUR,9542.98,Wallet,Other
2025-08-13,UPI HOUSE RENT CHENNAI,17406.78,UPI,Rent
2025-08-13,SIP INVESTMENT REF275543,12930.96,Cash,Investment
2025-08-13,PG RENT PAYMENT REF377107,24323.77,Net Banking,Rent
2025-08-13,TRAINING PROGRAM,18737.6,Debit Card,Education
2025-08-13,MUTUAL FUND INVESTMENT TXN38831,13065.11,Net Banking,Investment
2025-08-13,AMAZON PURCHASE,12954.38,Net Banking,Shopping
2025-08-13,UPI ACT FIBERNET HYD,4616.5,Debit Card,Bills
2025-08-13,MOBILE POSTPAID BILL REF759927,1099.58,Cash,Bills
2025-08-13,RECURRING DEPOSIT,27833.65,Credit Card,Investment
2025-08-13,ATM FEE,3432.91,Wallet,Other
2025-08-14,RAILWAY TICKET,2601.14,Debit Card,Transport
2025-08-14,CASH WITHDRAWAL REF916782,1534.69,Debit Card,Other
2025-08-14,MCDONALDS ORDER,1195.61,Debit Card,Food
2025-08-14,UPI ATM FEE GUNTUR,5106.61,UPI,Other
2025-08-14,UPI PHARMACY UPI BLR,9065.22,Cash,Healthcare
2025-08-14,ELECTRONICS STORE REF596909,13744.13,Net Banking,Shopping
2025-08-14,MEDICAL STORE,9782.5,Debit Card,Healthcare
2025-08-14,APARTMENT RENT TXN47171,10430.61,Debit Card,Rent
2025-08-14,RECURRING DEPOSIT,8835.3,Cash,Investment
2025-08-14,ENTERTAINMENT EVENT,2138.13,Wallet,Entertainment
2025-08-15,UPI MONTHLY RENT HYD,16766.44,Net Banking,Rent
2025-08-15,AUTO RICKSHAW UPI,1863.59,Net Banking,Transport
2025-08-15,ELECTRICITY BILL,5852.75,Credit Card,Bills
2025-08-15,RAILWAY TICKET TXN89637,1717.57,UPI,Transport
2025-08-15,JIO RECHARGE REF860707,2615.65,Cash,Bills
2025-08-15,PHARMACY UPI TXN18050,6330.07,Debit Card,Healthcare
2025-08-15,HOTSTAR SUBSCRIPTION REF885657,3212.49,Debit Card,Entertainment
2025-08-15,UPI MEDICAL STORE BLR,5127.83,Cash,Healthcare
2025-08-15,WATER BILL REF313137,4171.17,UPI,Bills
2025-08-15,ROOM RENT,17056.16,UPI,Rent
2025-08-16,AMAZON PURCHASE TXN82523,14027.9,Wallet,Shopping
2025-08-16,FLIPKART ORDER TXN21343,5162.92,Credit Card,Shopping
2025-08-16,INVESTMENT ACCOUNT,22668.07,Debit Card,Investment
2025-08-16,PG RENT PAYMENT TXN21349,21925.61,UPI,Rent
2025-08-16,HOSTEL RENT,16742.82,UPI,Rent
2025-08-16,HOUSE RENT,21224.78,Net Banking,Rent
2025-08-16,PERSONAL TRANSFER,4413.48,Wallet,Other
2025-08-16,COLLEGE FEE,8241.78,Debit Card,Education
2025-08-16,CERTIFICATION EXAM TXN10322,18204.64,Cash,Education
2025-08-16,YOUTUBE PREMIUM TXN88087,368.21,Cash,Entertainment
2025-08-16,CERTIFICATION EXAM,5604.52,UPI,Education
2025-08-16,AMAZON PURCHASE REF757649,2384.02,UPI,Shopping
2025-08-16,UPI METRO TICKET GUNTUR,938.92,Wallet,Transport
2025-08-17,UPI RAPIDO RIDE BLR,67.14,Wallet,Transport
2025-08-17,METRO TICKET,918.99,Net Banking,Transport
2025-08-17,GROCERY FOOD STORE,847.4,Wallet,Food
2025-08-17,UPI PG RENT PAYMENT BLR,8344.86,Credit Card,Rent
2025-08-17,MEDPLUS PHARMACY,1278.92,Credit Card,Healthcare
2025-08-17,UPI GIFT PURCHASE GUNTUR,5327.01,Credit Card,Other
2025-08-17,CASH WITHDRAWAL REF901144,2424.21,Wallet,Other
2025-08-17,UPI RECURRING DEPOSIT GUNTUR,17871.14,Credit Card,Investment
2025-08-17,GIFT PURCHASE,8565.73,Credit Card,Other
2025-08-17,AIRTEL RECHARGE TXN32560,4153.53,Debit Card,Bills
2025-08-18,UPI BUS TICKET HYD,2907.44,Wallet,Transport
2025-08-18,SWIGGY ORDER REF823791,234.1,Wallet,Food
2025-08-18,UPI TRANSFER,4019.34,UPI,Other
2025-08-18,GAS BILL PAYMENT TXN62005,5417.55,Debit Card,Bills
2025-08-18,YOUTUBE PREMIUM,2945.55,Net Banking,Entertainment
2025-08-18,ELECTRICITY BILL TXN64270,946.92,Credit Card,Bills
2025-08-19,UPI ACT FIBERNET HYD,4272.28,UPI,Bills
2025-08-19,HOSTEL FEE RENT TXN59707,20162.9,UPI,Rent
2025-08-19,UPI INDEX FUND SIP HYD,9704.59,UPI,Investment
2025-08-19,HOUSE RENT,16165.99,Wallet,Rent
2025-08-20,DOMINOS PIZZA TXN91528,1352.37,Cash,Food
2025-08-20,INVESTMENT ACCOUNT,28636.06,Debit Card,Investment
2025-08-20,EYE HOSPITAL,3580.59,UPI,Healthcare
2025-08-20,BOOK STORE,4689.35,Cash,Education
2025-08-20,DIAGNOSTIC LAB TXN97634,9123.33,Credit Card,Healthcare
2025-08-20,STOCK INVESTMENT,27139.16,UPI,Investment
2025-08-20,MEDPLUS PHARMACY TXN91688,9101.53,Net Banking,Healthcare
2025-08-20,UPI INVESTMENT ACCOUNT VIJAYAWADA,6947.05,Cash,Investment
2025-08-20,INVESTMENT ACCOUNT,18327.88,Net Banking,Investment
2025-08-20,INDEX FUND SIP,22700.61,Wallet,Investment
2025-08-20,GAME PURCHASE,3583.72,Credit Card,Entertainment
2025-08-20,INDEX FUND SIP REF813341,6559.34,Net Banking,Investment
2025-08-20,CLOTHING STORE,5916.07,UPI,Shopping
2025-08-20,UPI TRANSFER,2949.77,Debit Card,Other
2025-08-21,EXAM FEE,7116.54,UPI,Education
2025-08-21,MOVIE TICKET TXN28924,1028.44,UPI,Entertainment
2025-08-21,INDIAN OIL PETROL REF527819,466.82,UPI,Transport
2025-08-21,CAFE COFFEE DAY,1794.03,Wallet,Food
2025-08-21,PERSONAL TRANSFER TXN17977,1258.35,Wallet,Other
2025-08-21,ONLINE COURSE PAYMENT REF345749,19499.12,Wallet,Education
2025-08-21,UPI GOLD SAVINGS VIJAYAWADA,1177.14,Credit Card,Investment
2025-08-21,ACCOMMODATION PAYMENT,22846.62,Credit Card,Rent
2025-08-22,AMAZON PURCHASE TXN62479,11917.93,UPI,Shopping
2025-08-22,DONATION PAYMENT TXN53744,3166.62,Wallet,Other
2025-08-22,UPI DMART PURCHASE BLR,10207.87,Wallet,Shopping
2025-08-22,CASH WITHDRAWAL,2888.75,Cash,Other
2025-08-22,CASH WITHDRAWAL,4231.28,Cash,Other
2025-08-22,UBER TRIP,515.99,Net Banking,Transport
2025-08-22,UPI INDEX FUND SIP HYD,28515.12,Net Banking,Investment
2025-08-22,CLOTHING STORE TXN83825,13374.33,Debit Card,Shopping
2025-08-22,COLLEGE FEE TXN77174,13904.72,Wallet,Education
2025-08-23,MUTUAL FUND INVESTMENT,26480.87,Credit Card,Investment
2025-08-23,STOCK INVESTMENT REF653894,15746.11,Net Banking,Investment
2025-08-23,SPOTIFY PREMIUM TXN39536,1415.05,Credit Card,Entertainment
2025-08-23,RAPIDO RIDE,866.26,Wallet,Transport
2025-08-23,APARTMENT RENT TXN87989,13685.43,Debit Card,Rent
2025-08-23,STOCK INVESTMENT,3537.4,Credit Card,Investment
2025-08-24,DENTAL CLINIC REF711999,7952.22,Credit Card,Healthcare
2025-08-24,MOVIE TICKET REF759513,1892.77,Debit Card,Entertainment
2025-08-24,UPI APOLLO PHARMACY VIJAYAWADA,4147.12,Cash,Healthcare
2025-08-24,BUS TICKET TXN11050,1882.82,UPI,Transport
2025-08-24,ACCOMMODATION PAYMENT REF153035,9271.24,Debit Card,Rent
2025-08-24,HP FUEL STATION TXN56285,1455.47,Wallet,Transport
2025-08-24,PHARMACY UPI REF232858,7989.16,Wallet,Healthcare
2025-08-24,UPI TRANSFER REF593107,2410.26,Credit Card,Other
2025-08-24,UPI UDEMY COURSE GUNTUR,20252.89,Net Banking,Education
2025-08-24,KFC RESTAURANT REF566765,533.63,UPI,Food
2025-08-25,UPI HOSTEL RENT VIJAYAWADA,20835.46,Wallet,Rent
2025-08-25,ENTERTAINMENT EVENT TXN21835,1375.9,Credit Card,Entertainment
2025-08-25,INOX MOVIES REF825690,2481.01,UPI,Entertainment
2025-08-25,SIP INVESTMENT REF707065,18846.51,Cash,Investment
2025-08-25,GIFT PURCHASE,8278.4,Net Banking,Other
2025-08-25,ACCOMMODATION PAYMENT TXN47938,17685.78,Net Banking,Rent
2025-08-25,DOMINOS PIZZA,1440.1,Credit Card,Food
2025-08-25,BOOK STORE,8708.41,Wallet,Education
2025-08-25,AJIO PURCHASE TXN50544,6189.15,Credit Card,Shopping
2025-08-25,INDIAN OIL PETROL REF368534,979.68,Cash,Transport
2025-08-25,STATIONERY STORE,20298.37,Net Banking,Education
2025-08-25,INVESTMENT ACCOUNT TXN12674,21030.78,UPI,Investment
2025-08-25,BOOK STORE,5059.58,Wallet,Education
2025-08-26,BUS TICKET,2786.17,Debit Card,Transport
2025-08-26,ZOMATO FOOD ORDER REF159626,1314.17,UPI,Food
2025-08-26,CASH WITHDRAWAL,4601.01,Cash,Other
2025-08-26,NETFLIX SUBSCRIPTION,2632.13,Credit Card,Entertainment
2025-08-26,UPI HOUSE RENT HYD,20026.71,Debit Card,Rent
2025-08-27,ROOM RENT REF476630,18058.93,Debit Card,Rent
2025-08-27,BANK CHARGE TXN16285,6933.82,Cash,Other
2025-08-27,JIO RECHARGE REF414107,4282.27,Net Banking,Bills
2025-08-27,UPI BANK CHARGE VIJAYAWADA,8737.34,Net Banking,Other
2025-08-27,UPI MCDONALDS ORDER BLR,505.75,UPI,Food
2025-08-27,UPI PERSONAL TRANSFER HYD,2026.7,Net Banking,Other
2025-08-27,YOUTUBE PREMIUM,2533.11,Credit Card,Entertainment
2025-08-27,HP FUEL STATION,2747.08,Credit Card,Transport
2025-08-27,UPI OLA CAB CHENNAI,1219.85,UPI,Transport
2025-08-27,UPI INDEX FUND SIP HYD,5608.71,Cash,Investment
2025-08-27,HOSPITAL PAYMENT REF949434,7194.53,Net Banking,Healthcare
2025-08-27,GAME PURCHASE,1371.6,Debit Card,Entertainment
2025-08-27,UPI GAME PURCHASE GUNTUR,2305.04,Wallet,Entertainment
2025-08-27,UPI MUTUAL FUND INVESTMENT CHENNAI,5080.04,Cash,Investment
2025-08-28,INVESTMENT ACCOUNT,15739.55,Wallet,Investment
2025-08-28,CLOTHING STORE,2072.69,Cash,Shopping
2025-08-28,HOSTEL RENT TXN14015,11161.91,Net Banking,Rent
2025-08-28,GAS BILL PAYMENT TXN41547,375.28,Net Banking,Bills
2025-08-28,GROCERY FOOD STORE TXN44410,1467.93,Debit Card,Food
2025-08-28,METRO TICKET,536.95,UPI,Transport
2025-08-28,PG RENT PAYMENT,13889.47,Net Banking,Rent
2025-08-28,UPI TRANSFER TXN92275,400.09,Net Banking,Other
2025-08-28,HOSPITAL PAYMENT REF316265,7207.84,Cash,Healthcare
2025-08-28,INVESTMENT ACCOUNT,24581.1,Credit Card,Investment
2025-08-28,ACT FIBERNET REF924556,5121.86,Credit Card,Bills
2025-08-28,TRAINING PROGRAM,20277.93,Cash,Education
2025-08-28,RECURRING DEPOSIT,25088.36,UPI,Investment
2025-08-28,DIAGNOSTIC LAB TXN13211,8511.65,UPI,Healthcare
2025-08-28,UPI ACCOMMODATION PAYMENT GUNTUR,11862.59,Net Banking,Rent
2025-08-29,STOCK INVESTMENT TXN22045,18452.27,Net Banking,Investment
2025-08-29,HOSTEL RENT REF346729,18870.87,Cash,Rent
2025-08-29,MUTUAL FUND INVESTMENT TXN68688,3668.36,UPI,Investment
2025-08-29,NETFLIX SUBSCRIPTION,1312.85,Net Banking,Entertainment
2025-08-29,UPI AMAZON PURCHASE HYD,14920.69,Credit Card,Shopping
2025-08-29,RECURRING DEPOSIT,14009.97,Wallet,Investment
2025-08-29,UPI NETFLIX SUBSCRIPTION HYD,597.88,Debit Card,Entertainment
2025-08-29,BUS TICKET,1615.36,Debit Card,Transport
2025-08-29,PVR CINEMAS,3110.49,Cash,Entertainment
2025-08-29,UPI DOMINOS PIZZA VIJAYAWADA,210.58,Cash,Food
2025-08-29,CASH WITHDRAWAL,6427.82,Cash,Other
2025-08-29,DONATION PAYMENT REF827953,6886.31,Wallet,Other
2025-08-29,UPI TRANSFER,7503.41,Wallet,Other
2025-08-30,GAME PURCHASE,2716.23,Debit Card,Entertainment
2025-08-30,CERTIFICATION EXAM TXN64305,15609.15,UPI,Education
2025-08-30,ACT FIBERNET REF233411,2704.11,Cash,Bills
2025-08-30,TATA PLAY RECHARGE REF972380,4566.38,UPI,Bills
2025-08-30,ZOMATO FOOD ORDER,1187.67,Net Banking,Food
2025-08-30,BANK CHARGE TXN30865,5999.92,Net Banking,Other
2025-08-30,HOSTEL FEE RENT,13852.44,Debit Card,Rent
2025-08-30,JIO RECHARGE REF931578,3992.75,UPI,Bills
2025-08-30,MONTHLY RENT TXN37248,13930.46,Debit Card,Rent
2025-08-31,ACCOMMODATION PAYMENT,13607.84,Wallet,Rent
2025-08-31,SIP INVESTMENT,22181.09,Wallet,Investment
2025-08-31,BANK CHARGE TXN62431,8767.49,Wallet,Other
2025-08-31,ATM FEE TXN96951,5054.54,Credit Card,Other
2025-08-31,UBER TRIP TXN15771,2070.55,UPI,Transport
2025-08-31,COURSERA COURSE REF838482,2216.11,Net Banking,Education
2025-08-31,MOVIE TICKET,2529.85,UPI,Entertainment
2025-08-31,GOLD SAVINGS,5143.22,Cash,Investment
2025-08-31,UPI INOX MOVIES VIJAYAWADA,1526.64,Debit Card,Entertainment
2025-08-31,DONATION PAYMENT REF419690,8122.45,Credit Card,Other
2025-09-01,FLIPKART ORDER REF273982,11910.17,Wallet,Shopping
2025-09-01,DOMINOS PIZZA TXN56038,1699.07,Credit Card,Food
2025-09-01,UPI ROOM RENT HYD,6803.56,Credit Card,Rent
2025-09-01,MONTHLY RENT,22963.97,Debit Card,Rent
2025-09-01,BROADBAND BILL,3472.22,Cash,Bills
2025-09-01,CASH WITHDRAWAL TXN17722,306.12,Cash,Other
2025-09-01,UPI GAS BILL PAYMENT HYD,4942.6,Credit Card,Bills
2025-09-01,FLIPKART ORDER TXN36094,5145.61,Net Banking,Shopping
2025-09-01,ACCOMMODATION PAYMENT REF470054,8482.32,UPI,Rent
2025-09-01,UPI MONTHLY RENT BLR,12289.74,Wallet,Rent
2025-09-01,CASH WITHDRAWAL TXN58573,3571.31,UPI,Other
2025-09-02,EXAM FEE TXN96605,18297.85,Debit Card,Education
2025-09-02,UPI MEESHO ORDER GUNTUR,3302.75,UPI,Shopping
2025-09-02,UPI RECURRING DEPOSIT HYD,7509.07,UPI,Investment
2025-09-02,EXAM FEE,15205.8,UPI,Education
2025-09-02,GIFT PURCHASE,3401.33,Credit Card,Other
2025-09-02,METRO TICKET TXN73719,986.58,Credit Card,Transport
2025-09-02,UPI DONATION PAYMENT HYD,1911.67,Cash,Other
2025-09-02,TEA SHOP UPI REF747255,1792.15,Debit Card,Food
2025-09-03,MYNTRA SHOPPING,2054.39,UPI,Shopping
2025-09-03,DENTAL CLINIC REF335212,5233.34,Credit Card,Healthcare
2025-09-03,ROOM RENT,5273.83,Credit Card,Rent
2025-09-03,DENTAL CLINIC TXN83929,3144.42,UPI,Healthcare
2025-09-03,MEDICAL STORE,9465.77,Credit Card,Healthcare
2025-09-03,JIO RECHARGE,1582.42,UPI,Bills
2025-09-03,UPI MISCELLANEOUS PAYMENT GUNTUR,5635.1,Debit Card,Other
2025-09-03,UPI MEDICAL STORE HYD,6981.01,Wallet,Healthcare
2025-09-03,COURSERA COURSE,19732.5,Net Banking,Education
2025-09-04,WATER BILL,1778.28,Debit Card,Bills
2025-09-04,PG RENT PAYMENT REF668714,15966.27,Net Banking,Rent
2025-09-04,GIFT PURCHASE,5111.27,Net Banking,Other
2025-09-04,ENTERTAINMENT EVENT TXN76412,2323.4,Debit Card,Entertainment
2025-09-04,FLIPKART ORDER,13701.64,Wallet,Shopping
2025-09-04,HOTSTAR SUBSCRIPTION REF708230,3822.06,Wallet,Entertainment
2025-09-04,FIXED DEPOSIT TXN71436,27337.18,Net Banking,Investment
2025-09-04,NETFLIX SUBSCRIPTION,1569.82,Wallet,Entertainment
2025-09-04,METRO TICKET,975.29,Net Banking,Transport
2025-09-05,STATIONERY STORE,24515.55,Net Banking,Education
2025-09-05,AJIO PURCHASE REF520009,9326.72,Debit Card,Shopping
2025-09-05,PERSONAL TRANSFER REF203760,2958.12,UPI,Other
2025-09-05,HEALTH CHECKUP,5041.05,Cash,Healthcare
2025-09-05,GIFT PURCHASE,8773.25,Debit Card,Other
2025-09-05,COURSERA COURSE REF437057,17256.04,Net Banking,Education
2025-09-05,EYE HOSPITAL TXN78295,4060.06,Credit Card,Healthcare
2025-09-05,HOSTEL FEE RENT TXN50950,8848.95,UPI,Rent
2025-09-05,SWIGGY ORDER,766.06,UPI,Food
2025-09-06,TATA PLAY RECHARGE TXN83420,4627.76,Net Banking,Bills
2025-09-06,CASH WITHDRAWAL,862.36,UPI,Other
2025-09-06,DMART PURCHASE,5212.09,Cash,Shopping
2025-09-06,FIXED DEPOSIT TXN34488,14102.05,Wallet,Investment
2025-09-06,GAME PURCHASE,3915.03,Wallet,Entertainment
2025-09-06,HOSTEL RENT,9239.45,Wallet,Rent
2025-09-06,BROADBAND BILL,5377.14,Debit Card,Bills
2025-09-06,UPI BANK CHARGE HYD,3904.69,Cash,Other
2025-09-07,UPI ROOM RENT HYD,9897.87,Net Banking,Rent
2025-09-07,PG RENT PAYMENT TXN28941,18476.04,Wallet,Rent
2025-09-07,GIFT PURCHASE REF912010,8408.71,Wallet,Other
2025-09-07,SHOPPING MALL TXN31331,693.27,Credit Card,Shopping
2025-09-07,UPI MISCELLANEOUS PAYMENT CHENNAI,1346.35,UPI,Other
2025-09-07,DENTAL CLINIC REF230120,4582.57,Credit Card,Healthcare
2025-09-07,SHOPPING MALL,8713.77,Credit Card,Shopping
2025-09-07,BOOK STORE,19181.8,UPI,Education
2025-09-07,MOBILE POSTPAID BILL,591.36,Debit Card,Bills
2025-09-07,AIRTEL RECHARGE,3509.65,Debit Card,Bills
2025-09-07,UPI ROOM RENT GUNTUR,15500.54,Net Banking,Rent
2025-09-07,UPI GOLD SAVINGS VIJAYAWADA,6915.38,UPI,Investment
2025-09-08,UPI DOCTOR CONSULTATION VIJAYAWADA,1657.84,Wallet,Healthcare
2025-09-08,HEALTH CHECKUP REF270667,6218.88,UPI,Healthcare
2025-09-08,UPI LIBRARY FEE GUNTUR,12063.8,Credit Card,Education
2025-09-08,SHOPPING MALL,7328.89,Net Banking,Shopping
2025-09-08,DIAGNOSTIC LAB REF879930,800.17,Net Banking,Healthcare
2025-09-08,UPI WATER BILL HYD,254.72,UPI,Bills
2025-09-09,WATER BILL REF209471,559.07,Credit Card,Bills
2025-09-09,MEESHO ORDER REF109717,4546.04,UPI,Shopping
2025-09-09,MYNTRA SHOPPING TXN84473,9484.61,Cash,Shopping
2025-09-09,NETFLIX SUBSCRIPTION REF708447,582.11,UPI,Entertainment
2025-09-09,HOUSE RENT REF481294,6324.23,UPI,Rent
2025-09-09,FLIPKART ORDER,7228.77,Wallet,Shopping
2025-09-09,AMAZON PRIME TXN69198,211.42,Wallet,Entertainment
2025-09-09,BROADBAND BILL REF159383,5766.98,Net Banking,Bills
2025-09-09,UBER TRIP REF128062,2989.46,Net Banking,Transport
2025-09-09,RELIANCE TRENDS TXN33203,2524.51,Net Banking,Shopping
2025-09-09,INDEX FUND SIP,4483.59,Debit Card,Investment
2025-09-09,PG RENT PAYMENT TXN87120,15025.53,Debit Card,Rent
2025-09-09,BANK CHARGE,9152.39,Wallet,Other
2025-09-09,MOVIE TICKET TXN96057,3861.16,Debit Card,Entertainment
2025-09-09,MCDONALDS ORDER,1228.93,UPI,Food
2025-09-10,UPI SPOTIFY PREMIUM VIJAYAWADA,2423.06,Cash,Entertainment
2025-09-10,PETROL PUMP TXN40179,2284.03,Credit Card,Transport
2025-09-10,FIXED DEPOSIT TXN78484,14749.05,Wallet,Investment
2025-09-10,PG RENT PAYMENT REF170403,3000.79,UPI,Rent
2025-09-10,UPI TEA SHOP UPI HYD,1395.13,Net Banking,Food
2025-09-10,RESTAURANT PAYMENT,263.08,UPI,Food
2025-09-10,UPI AJIO PURCHASE HYD,11230.74,Credit Card,Shopping
2025-09-10,PERSONAL TRANSFER REF611430,1189.03,Cash,Other
2025-09-10,MCDONALDS ORDER TXN95986,978.95,Debit Card,Food
2025-09-10,ACT FIBERNET TXN18450,1971.98,Net Banking,Bills
2025-09-10,RAILWAY TICKET,1656.22,UPI,Transport
2025-09-10,UPI TRANSFER,7358.61,Credit Card,Other
2025-09-11,NETFLIX SUBSCRIPTION REF878727,3337.81,Debit Card,Entertainment
2025-09-11,ATM FEE,5852.57,Cash,Other
2025-09-11,MONTHLY RENT REF925717,16878.61,UPI,Rent
2025-09-11,UPI OLA CAB VIJAYAWADA,422.04,Cash,Transport
2025-09-11,HOSPITAL PAYMENT TXN75740,6747.25,Net Banking,Healthcare
2025-09-11,HOUSE RENT,18836.35,Cash,Rent
2025-09-11,UPI TRANSFER REF455429,4675.22,Credit Card,Other
2025-09-11,GROCERY FOOD STORE,182.07,UPI,Food
2025-09-11,INDIAN OIL PETROL,2535.13,Wallet,Transport
2025-09-11,HOUSE RENT TXN61237,7243.89,UPI,Rent
2025-09-11,MYNTRA SHOPPING,10837.43,Credit Card,Shopping
2025-09-11,AMAZON PURCHASE TXN47464,11232.78,Credit Card,Shopping
2025-09-12,ACT FIBERNET,4028.83,Credit Card,Bills
2025-09-12,RAILWAY TICKET,607.02,Credit Card,Transport
2025-09-12,COURSERA COURSE,4895.86,Cash,Education
2025-09-12,RESTAURANT PAYMENT REF468145,1567.9,Debit Card,Food
2025-09-12,INDEX FUND SIP,10941.1,Cash,Investment
2025-09-12,INVESTMENT ACCOUNT,29149.4,Cash,Investment
2025-09-12,ELECTRICITY BILL TXN51776,515.59,Cash,Bills
2025-09-12,YOUTUBE PREMIUM,2934.58,UPI,Entertainment
2025-09-12,MISCELLANEOUS PAYMENT,1994.71,Cash,Other
2025-09-12,ROOM RENT,19450.17,Credit Card,Rent
2025-09-12,VI MOBILE RECHARGE,2716.73,Debit Card,Bills
2025-09-12,UPI PERSONAL TRANSFER GUNTUR,1042.77,Net Banking,Other
2025-09-12,UPI HOSPITAL PAYMENT VIJAYAWADA,4297.77,Debit Card,Healthcare
2025-09-12,STATIONERY STORE,11717.3,Cash,Education
2025-09-12,AJIO PURCHASE,10029.49,Cash,Shopping
2025-09-12,MOVIE TICKET REF435729,3695.33,Cash,Entertainment
2025-09-13,PERSONAL TRANSFER TXN56173,1942.42,UPI,Other
2025-09-13,HOTSTAR SUBSCRIPTION,1112.56,Credit Card,Entertainment
2025-09-13,YOUTUBE PREMIUM,1253.68,Cash,Entertainment
2025-09-13,ROOM RENT,6930.42,UPI,Rent
2025-09-13,DOCTOR CONSULTATION,7879.01,Wallet,Healthcare
2025-09-13,SPOTIFY PREMIUM,3661.14,UPI,Entertainment
2025-09-13,UPI COURSERA COURSE HYD,22483.43,Cash,Education
2025-09-13,UPI MEESHO ORDER BLR,2377.15,Wallet,Shopping
2025-09-13,BOOK STORE TXN71873,7075.97,UPI,Education
2025-09-13,INDEX FUND SIP REF636294,6029.41,Net Banking,Investment
2025-09-13,RESTAURANT PAYMENT TXN15288,827.93,Net Banking,Food
2025-09-13,UPI YOUTUBE PREMIUM GUNTUR,141.27,Net Banking,Entertainment
2025-09-13,UPI UBER TRIP CHENNAI,2445.17,UPI,Transport
2025-09-14,TRAINING PROGRAM,15284.64,Debit Card,Education
2025-09-14,UPI ENTERTAINMENT EVENT VIJAYAWADA,1438.31,Wallet,Entertainment
2025-09-14,ONLINE COURSE PAYMENT TXN95594,20275.46,UPI,Education
2025-09-14,FIXED DEPOSIT TXN61195,12235.99,UPI,Investment
2025-09-14,GROCERY FOOD STORE REF852908,1673.26,Wallet,Food
2025-09-14,EXAM FEE,12433.94,Credit Card,Education
2025-09-14,JIO RECHARGE,1740.49,Wallet,Bills
2025-09-14,HOSTEL FEE RENT TXN19989,20102.63,UPI,Rent
2025-09-14,UPI HOUSE RENT CHENNAI,10077.31,Wallet,Rent
2025-09-14,BAKERY PURCHASE,1048.09,Net Banking,Food
2025-09-15,ATM FEE REF674083,9791.94,Debit Card,Other
2025-09-15,GROCERY FOOD STORE,560.98,Credit Card,Food
2025-09-15,UPI MEDPLUS PHARMACY CHENNAI,540.63,Debit Card,Healthcare
2025-09-15,APARTMENT RENT,10123.71,UPI,Rent
2025-09-15,LIBRARY FEE,23746.05,Wallet,Education
2025-09-15,HOSPITAL PAYMENT,352.8,Debit Card,Healthcare
2025-09-15,MEESHO ORDER,4697.92,Wallet,Shopping
2025-09-15,HOSTEL FEE RENT,23110.31,Cash,Rent
2025-09-15,TRAINING PROGRAM,10524.75,Wallet,Education
2025-09-15,UPI HOSTEL FEE RENT CHENNAI,18451.21,Cash,Rent
2025-09-16,MISCELLANEOUS PAYMENT TXN84531,6229.22,Wallet,Other
2025-09-16,UPI AMAZON PRIME CHENNAI,442.94,Wallet,Entertainment
2025-09-16,SPOTIFY PREMIUM REF748938,973.58,Cash,Entertainment
2025-09-16,FLIPKART ORDER,8493.04,Wallet,Shopping
2025-09-16,VI MOBILE RECHARGE,5658.93,Net Banking,Bills
2025-09-16,UPI BAKERY PURCHASE BLR,749.53,Wallet,Food
2025-09-16,UPI HOTSTAR SUBSCRIPTION HYD,1478.62,Credit Card,Entertainment
2025-09-16,APARTMENT RENT,20213.59,Debit Card,Rent
2025-09-16,UPI RESTAURANT PAYMENT CHENNAI,978.63,UPI,Food
2025-09-16,UPI DOCTOR CONSULTATION CHENNAI,7737.39,Cash,Healthcare
2025-09-16,UPI OLA CAB VIJAYAWADA,2395.22,Credit Card,Transport
2025-09-16,TATA PLAY RECHARGE,3192.0,Debit Card,Bills
2025-09-16,UPI ENTERTAINMENT EVENT VIJAYAWADA,781.95,Net Banking,Entertainment
2025-09-16,SWIGGY ORDER REF178638,193.5,UPI,Food
2025-09-17,HOSPITAL PAYMENT,2697.17,Net Banking,Healthcare
2025-09-17,UPI ROOM RENT GUNTUR,5218.99,Cash,Rent
2025-09-17,ZOMATO FOOD ORDER,139.18,Wallet,Food
2025-09-17,EXAM FEE,20598.63,Cash,Education
2025-09-17,JIO RECHARGE REF699968,5668.0,Wallet,Bills
2025-09-17,ZOMATO FOOD ORDER TXN57027,1406.4,Net Banking,Food
2025-09-17,ATM FEE,4277.62,Net Banking,Other
2025-09-18,DMART PURCHASE TXN99660,9315.35,UPI,Shopping
2025-09-18,UPI ACCOMMODATION PAYMENT HYD,24612.92,Net Banking,Rent
2025-09-18,BAKERY PURCHASE,1458.63,Net Banking,Food
2025-09-18,ELECTRICITY BILL TXN23955,4544.36,UPI,Bills
2025-09-18,KFC RESTAURANT REF555589,252.98,Cash,Food
2025-09-18,TATA PLAY RECHARGE,532.03,UPI,Bills
2025-09-18,UPI TRANSFER REF974589,8989.93,Net Banking,Other
2025-09-18,WATER BILL REF779126,1353.47,Net Banking,Bills
2025-09-18,PG RENT PAYMENT,13240.29,Debit Card,Rent
2025-09-19,BAKERY PURCHASE TXN98754,834.35,Wallet,Food
2025-09-19,MISCELLANEOUS PAYMENT TXN54731,6045.02,Net Banking,Other
2025-09-19,MEDPLUS PHARMACY,4357.33,Debit Card,Healthcare
2025-09-19,GAME PURCHASE REF687717,3299.27,Credit Card,Entertainment
2025-09-19,HOTSTAR SUBSCRIPTION,3578.93,UPI,Entertainment
2025-09-19,MCDONALDS ORDER REF376537,626.33,Net Banking,Food
2025-09-19,HOUSE RENT TXN52748,9665.83,Credit Card,Rent
2025-09-19,MOBILE POSTPAID BILL,2460.97,UPI,Bills
2025-09-19,MONTHLY RENT,23526.44,Cash,Rent
2025-09-19,RESTAURANT PAYMENT REF221555,1788.47,UPI,Food
2025-09-19,DOMINOS PIZZA TXN13933,1614.99,Debit Card,Food
2025-09-19,FIXED DEPOSIT,15083.83,UPI,Investment
2025-09-19,ENTERTAINMENT EVENT,2416.43,Credit Card,Entertainment
2025-09-19,CAFE COFFEE DAY REF536459,1096.76,UPI,Food
2025-09-20,DMART PURCHASE REF819931,8760.93,Credit Card,Shopping
2025-09-20,FIXED DEPOSIT,15665.89,Credit Card,Investment
2025-09-20,MOVIE TICKET,3400.3,Wallet,Entertainment
2025-09-20,VI MOBILE RECHARGE REF538471,4159.09,Net Banking,Bills
2025-09-20,INOX MOVIES,2308.12,Net Banking,Entertainment
2025-09-20,OLA CAB,920.68,UPI,Transport
2025-09-20,HOUSE RENT,5708.48,Debit Card,Rent
2025-09-21,TATA PLAY RECHARGE TXN93614,3243.04,Net Banking,Bills
2025-09-21,AUTO RICKSHAW UPI,319.03,Wallet,Transport
2025-09-21,UPI TRANSFER TXN90443,3703.78,Wallet,Other
2025-09-21,ACCOMMODATION PAYMENT,11179.36,UPI,Rent
2025-09-21,OLA CAB,868.43,UPI,Transport
2025-09-21,PG RENT PAYMENT,20726.85,Net Banking,Rent
2025-09-21,MUTUAL FUND INVESTMENT,15363.24,UPI,Investment
2025-09-21,UPI FIXED DEPOSIT GUNTUR,13162.55,Credit Card,Investment
2025-09-21,HOSPITAL PAYMENT,1376.08,UPI,Healthcare
2025-09-21,AMAZON PURCHASE REF286260,8312.88,Credit Card,Shopping
2025-09-21,MUTUAL FUND INVESTMENT REF768102,15229.85,UPI,Investment
2025-09-21,CAFE COFFEE DAY REF554264,959.39,UPI,Food
2025-09-21,UPI RELIANCE TRENDS GUNTUR,10304.11,Cash,Shopping
2025-09-21,LIBRARY FEE REF826139,3154.41,Wallet,Education
2025-09-22,NETFLIX SUBSCRIPTION,1898.09,Net Banking,Entertainment
2025-09-22,AMAZON PRIME REF181613,1893.92,Wallet,Entertainment
2025-09-22,INDIAN OIL PETROL TXN61910,2181.46,UPI,Transport
2025-09-22,PHARMACY UPI,3972.98,Cash,Healthcare
2025-09-22,UPI TATA PLAY RECHARGE BLR,5087.38,UPI,Bills
2025-09-22,GOLD SAVINGS TXN12715,15221.45,Net Banking,Investment
2025-09-22,DIAGNOSTIC LAB,4006.55,Credit Card,Healthcare
2025-09-22,ROOM RENT,12506.99,Net Banking,Rent
2025-09-22,HOSPITAL PAYMENT,3015.82,Cash,Healthcare
2025-09-22,OLA CAB,1797.08,Debit Card,Transport
2025-09-22,DOCTOR CONSULTATION,7256.57,Cash,Healthcare
2025-09-22,ATM FEE,5981.54,UPI,Other
2025-09-22,CERTIFICATION EXAM,24080.32,Credit Card,Education
2025-09-22,ATM FEE REF752774,6138.98,Cash,Other
2025-09-23,COLLEGE FEE TXN18492,21793.71,UPI,Education
2025-09-23,FIXED DEPOSIT,21753.03,Debit Card,Investment
2025-09-23,RELIANCE TRENDS,2667.32,Wallet,Shopping
2025-09-23,MEDPLUS PHARMACY TXN54124,5955.63,UPI,Healthcare
2025-09-23,ATM FEE REF857830,6696.23,Debit Card,Other
2025-09-23,HOTSTAR SUBSCRIPTION REF917299,1247.95,Cash,Entertainment
2025-09-23,HOSTEL RENT TXN37237,19530.9,Debit Card,Rent
2025-09-23,HOUSE RENT TXN54016,17603.4,Debit Card,Rent
2025-09-23,DMART PURCHASE,3141.69,Cash,Shopping
2025-09-23,PVR CINEMAS REF237510,330.94,UPI,Entertainment
2025-09-23,PG RENT PAYMENT REF468948,17284.16,Net Banking,Rent
2025-09-23,VI MOBILE RECHARGE,1298.53,UPI,Bills
2025-09-23,UPI ONLINE COURSE PAYMENT CHENNAI,6359.41,Net Banking,Education
2025-09-23,PERSONAL TRANSFER TXN91067,8140.67,Credit Card,Other
2025-09-24,FIXED DEPOSIT TXN83238,21883.98,Cash,Investment
2025-09-24,CASH WITHDRAWAL REF263137,1616.23,UPI,Other
2025-09-24,CLOTHING STORE,541.27,UPI,Shopping
2025-09-24,MISCELLANEOUS PAYMENT TXN22487,3611.79,UPI,Other
2025-09-24,NETFLIX SUBSCRIPTION,696.04,Wallet,Entertainment
2025-09-25,MCDONALDS ORDER TXN62348,968.11,Net Banking,Food
2025-09-25,MCDONALDS ORDER,1579.02,Debit Card,Food
2025-09-25,SHOPPING MALL REF594109,13616.97,UPI,Shopping
2025-09-25,ELECTRICITY BILL,4483.08,Wallet,Bills
2025-09-25,PERSONAL TRANSFER,3553.46,Cash,Other
2025-09-25,DOCTOR CONSULTATION,277.11,UPI,Healthcare
2025-09-25,DMART PURCHASE TXN69759,14347.59,Debit Card,Shopping
2025-09-25,UPI INDEX FUND SIP VIJAYAWADA,24376.85,Debit Card,Investment
2025-09-25,WATER BILL REF585698,4068.7,UPI,Bills
2025-09-25,METRO TICKET,234.33,UPI,Transport
2025-09-25,EYE HOSPITAL REF793802,4549.72,Debit Card,Healthcare
2025-09-26,WATER BILL TXN35307,300.85,UPI,Bills
2025-09-26,UPI TRAINING PROGRAM HYD,19416.16,Net Banking,Education
2025-09-26,UPI HOSTEL RENT VIJAYAWADA,18061.81,UPI,Rent
2025-09-26,RELIANCE TRENDS,3332.18,Credit Card,Shopping
2025-09-26,EYE HOSPITAL TXN35218,6247.87,Wallet,Healthcare
2025-09-26,DOCTOR CONSULTATION,7596.73,UPI,Healthcare
2025-09-27,UPI MEESHO ORDER BLR,2731.27,Debit Card,Shopping
2025-09-27,METRO TICKET REF765213,1763.22,UPI,Transport
2025-09-27,TEA SHOP UPI REF989203,894.01,Credit Card,Food
2025-09-27,PVR CINEMAS,1782.26,Credit Card,Entertainment
2025-09-27,FIXED DEPOSIT,13743.76,Credit Card,Investment
2025-09-27,MOBILE POSTPAID BILL TXN38705,3856.05,Credit Card,Bills
2025-09-27,UPI FIXED DEPOSIT CHENNAI,28348.32,Net Banking,Investment
2025-09-27,GOLD SAVINGS,21259.0,Wallet,Investment
2025-09-27,ROOM RENT REF815184,7491.62,UPI,Rent
2025-09-28,MUTUAL FUND INVESTMENT TXN42422,23224.57,Debit Card,Investment
2025-09-28,UPI DIAGNOSTIC LAB VIJAYAWADA,2928.57,Cash,Healthcare
2025-09-28,HOUSE RENT TXN13704,12766.87,Credit Card,Rent
2025-09-29,UPI LIBRARY FEE CHENNAI,22996.59,Cash,Education
2025-09-29,INVESTMENT ACCOUNT,26862.69,Wallet,Investment
2025-09-29,ACCOMMODATION PAYMENT TXN44137,12106.24,Cash,Rent
2025-09-29,OLA CAB,2267.82,Credit Card,Transport
2025-09-29,UPI PVR CINEMAS GUNTUR,3411.79,Credit Card,Entertainment
2025-09-29,UPI MOBILE POSTPAID BILL HYD,1485.97,Credit Card,Bills
2025-09-29,PETROL PUMP TXN42854,2385.35,Wallet,Transport
2025-09-29,NETFLIX SUBSCRIPTION TXN83841,1918.35,Wallet,Entertainment
2025-09-29,KFC RESTAURANT REF597952,1158.93,UPI,Food
2025-09-29,KFC RESTAURANT,1168.17,Net Banking,Food
2025-09-29,UPI DOMINOS PIZZA BLR,1279.18,Debit Card,Food
2025-09-30,STOCK INVESTMENT TXN98911,843.65,Wallet,Investment
2025-09-30,UPI MISCELLANEOUS PAYMENT BLR,7885.37,UPI,Other
2025-09-30,UPI ELECTRICITY BILL BLR,5964.7,Debit Card,Bills
2025-09-30,PETROL PUMP REF399273,2940.52,Credit Card,Transport
2025-09-30,RESTAURANT PAYMENT,564.17,Net Banking,Food
2025-09-30,BROADBAND BILL REF789985,911.29,Credit Card,Bills
2025-09-30,MEESHO ORDER TXN22234,10297.22,UPI,Shopping
2025-09-30,ENTERTAINMENT EVENT TXN44034,2148.55,Credit Card,Entertainment
2025-09-30,NETFLIX SUBSCRIPTION TXN90525,1320.76,Cash,Entertainment
2025-09-30,ONLINE COURSE PAYMENT,17042.19,Cash,Education
2025-09-30,SPOTIFY PREMIUM TXN89220,1239.33,UPI,Entertainment
2025-09-30,TATA PLAY RECHARGE TXN98761,3171.76,Net Banking,Bills
2025-09-30,BANK CHARGE,464.52,Wallet,Other
2025-09-30,UPI DIAGNOSTIC LAB BLR,4943.59,Wallet,Healthcare
2025-09-30,UPI AMAZON PRIME GUNTUR,214.13,Net Banking,Entertainment
2025-09-30,RAPIDO RIDE,2281.68,Wallet,Transport
2025-09-30,CERTIFICATION EXAM REF882117,18148.36,Credit Card,Education
2025-10-01,UPI VI MOBILE RECHARGE CHENNAI,5196.08,Cash,Bills
2025-10-01,VI MOBILE RECHARGE,2502.28,Debit Card,Bills
2025-10-01,RELIANCE TRENDS TXN35726,11726.94,Debit Card,Shopping
2025-10-01,SHOPPING MALL,6756.6,Wallet,Shopping
2025-10-01,PHARMACY UPI,8065.57,Wallet,Healthcare
2025-10-01,DENTAL CLINIC,6305.69,UPI,Healthcare
2025-10-02,GAME PURCHASE TXN60585,1238.76,Debit Card,Entertainment
2025-10-02,HOSTEL RENT,12785.86,UPI,Rent
2025-10-02,UPI MCDONALDS ORDER CHENNAI,497.06,Debit Card,Food
2025-10-02,DMART PURCHASE,857.75,Cash,Shopping
2025-10-02,ACT FIBERNET,5775.49,Debit Card,Bills
2025-10-02,ZOMATO FOOD ORDER,734.99,UPI,Food
2025-10-02,UBER TRIP,1535.82,Wallet,Transport
2025-10-02,UPI HP FUEL STATION BLR,845.12,Credit Card,Transport
2025-10-02,UPI HOSTEL RENT GUNTUR,20332.22,Cash,Rent
2025-10-03,MOBILE POSTPAID BILL,2043.4,Wallet,Bills
2025-10-03,BOOK STORE,8534.42,Net Banking,Education
2025-10-03,TRAINING PROGRAM,23858.08,Wallet,Education
2025-10-03,HOSTEL FEE RENT TXN96412,21925.88,Wallet,Rent
2025-10-03,COURSERA COURSE,6711.08,Cash,Education
2025-10-03,MOBILE POSTPAID BILL TXN11341,5655.14,Net Banking,Bills
2025-10-03,HOSTEL RENT REF544787,13894.06,Cash,Rent
2025-10-03,HOSTEL RENT,6624.12,Net Banking,Rent
2025-10-03,HOUSE RENT,12642.98,Wallet,Rent
2025-10-03,GOLD SAVINGS,21649.76,UPI,Investment
2025-10-04,UPI RAPIDO RIDE VIJAYAWADA,1716.36,Net Banking,Transport
2025-10-04,APOLLO PHARMACY TXN20874,9356.26,UPI,Healthcare
2025-10-04,SHOPPING MALL,14259.44,Credit Card,Shopping
2025-10-04,PETROL PUMP,1601.39,Wallet,Transport
2025-10-04,VI MOBILE RECHARGE,143.36,Wallet,Bills
2025-10-04,MOVIE TICKET TXN31407,2073.93,Debit Card,Entertainment
2025-10-04,UPI CAFE COFFEE DAY VIJAYAWADA,536.0,Wallet,Food
2025-10-04,JIO RECHARGE REF182079,1089.15,UPI,Bills
2025-10-04,UPI HEALTH CHECKUP VIJAYAWADA,4906.13,Debit Card,Healthcare
2025-10-04,HOTSTAR SUBSCRIPTION,2365.07,Cash,Entertainment
2025-10-04,UPI DOMINOS PIZZA HYD,518.4,Cash,Food
2025-10-04,CASH WITHDRAWAL REF885890,4501.97,Cash,Other
2025-10-04,UPI YOUTUBE PREMIUM BLR,2566.0,Net Banking,Entertainment
2025-10-04,UPI HOSPITAL PAYMENT CHENNAI,8206.51,Debit Card,Healthcare
2025-10-05,BOOK STORE,16451.89,Debit Card,Education
2025-10-05,AMAZON PRIME REF251261,2131.29,Credit Card,Entertainment
2025-10-05,UPI MEDICAL STORE HYD,2022.18,Cash,Healthcare
2025-10-05,UPI APOLLO PHARMACY GUNTUR,8180.84,Credit Card,Healthcare
2025-10-05,OLA CAB TXN74138,1506.9,Debit Card,Transport
2025-10-05,DENTAL CLINIC,7862.8,Wallet,Healthcare
2025-10-05,MEDICAL STORE REF411777,5709.98,Net Banking,Healthcare
2025-10-05,SWIGGY ORDER,936.57,Wallet,Food
2025-10-05,SWIGGY ORDER TXN23889,1083.98,Wallet,Food
2025-10-05,UPI SHOPPING MALL HYD,6069.86,Credit Card,Shopping
2025-10-05,COURSERA COURSE,23718.76,Net Banking,Education
2025-10-06,APOLLO PHARMACY TXN37034,7161.56,Net Banking,Healthcare
2025-10-06,METRO TICKET,217.5,Wallet,Transport
2025-10-06,ENTERTAINMENT EVENT REF438031,2834.73,Credit Card,Entertainment
2025-10-06,UPI TRANSFER TXN37611,5141.62,UPI,Other
2025-10-06,SIP INVESTMENT,19763.09,Debit Card,Investment
2025-10-06,HOTSTAR SUBSCRIPTION,893.88,Wallet,Entertainment
2025-10-06,COLLEGE FEE,12920.94,Wallet,Education
2025-10-06,BUS TICKET,250.02,Wallet,Transport
2025-10-06,MOBILE POSTPAID BILL REF214611,3471.07,Cash,Bills
2025-10-06,PG RENT PAYMENT TXN45231,7486.21,Net Banking,Rent
2025-10-06,UPI STOCK INVESTMENT GUNTUR,14201.06,Wallet,Investment
2025-10-07,YOUTUBE PREMIUM REF514632,868.01,Debit Card,Entertainment
2025-10-07,HOSTEL RENT TXN53572,6162.97,UPI,Rent
2025-10-07,UPI NETFLIX SUBSCRIPTION BLR,804.06,Credit Card,Entertainment
2025-10-07,SWIGGY ORDER,290.61,Debit Card,Food
2025-10-07,RECURRING DEPOSIT REF125882,15530.45,Cash,Investment
2025-10-07,UPI GIFT PURCHASE HYD,6046.05,Net Banking,Other
2025-10-07,WATER BILL,5389.12,Wallet,Bills
2025-10-07,APARTMENT RENT TXN43788,20849.05,Cash,Rent
2025-10-07,WATER BILL,2992.31,Net Banking,Bills
2025-10-07,ZOMATO FOOD ORDER TXN68837,1643.68,Net Banking,Food
2025-10-07,INDEX FUND SIP TXN87347,25663.44,UPI,Investment
2025-10-07,UPI ACCOMMODATION PAYMENT GUNTUR,16811.78,Credit Card,Rent
2025-10-07,ENTERTAINMENT EVENT TXN21660,823.89,Net Banking,Entertainment
2025-10-07,ATM FEE TXN63429,3910.92,Net Banking,Other
2025-10-07,RAILWAY TICKET TXN90179,1521.96,Wallet,Transport
2025-10-07,ENTERTAINMENT EVENT TXN51864,3104.72,UPI,Entertainment
2025-10-07,MISCELLANEOUS PAYMENT REF587369,3825.63,UPI,Other
2025-10-08,AMAZON PURCHASE,12288.1,UPI,Shopping
2025-10-08,UPI MISCELLANEOUS PAYMENT HYD,5314.33,Credit Card,Other
2025-10-08,STOCK INVESTMENT TXN22418,18196.08,Wallet,Investment
2025-10-08,UPI DMART PURCHASE HYD,7364.95,Debit Card,Shopping
2025-10-08,RELIANCE TRENDS,14759.41,Wallet,Shopping
2025-10-08,HOSTEL RENT,15187.02,Debit Card,Rent
2025-10-08,APARTMENT RENT REF220898,14374.66,Debit Card,Rent
2025-10-08,UPI SIP INVESTMENT CHENNAI,20531.68,Cash,Investment
2025-10-08,RELIANCE TRENDS TXN69579,12754.12,Cash,Shopping
2025-10-08,INDIAN OIL PETROL TXN85276,1017.15,Wallet,Transport
2025-10-08,UPI METRO TICKET GUNTUR,1840.65,Credit Card,Transport
2025-10-08,TEA SHOP UPI REF101640,1298.05,Credit Card,Food
2025-10-08,UPI CLOTHING STORE BLR,9004.0,Wallet,Shopping
2025-10-08,HOUSE RENT,4505.26,Wallet,Rent
2025-10-08,BANK CHARGE TXN70835,5024.85,Wallet,Other
2025-10-09,GAME PURCHASE,1016.8,Credit Card,Entertainment
2025-10-09,TRAINING PROGRAM TXN97728,7062.38,Credit Card,Education
2025-10-09,AJIO PURCHASE,6805.27,Cash,Shopping
2025-10-09,GROCERY FOOD STORE,829.28,Wallet,Food
2025-10-09,UPI HOSTEL FEE RENT BLR,11323.52,Debit Card,Rent
2025-10-09,UPI ELECTRICITY BILL VIJAYAWADA,4128.52,Wallet,Bills
2025-10-10,UPI DENTAL CLINIC BLR,9248.86,Net Banking,Healthcare
2025-10-10,BOOK STORE TXN32037,2001.85,UPI,Education
2025-10-10,AMAZON PRIME,211.76,Debit Card,Entertainment
2025-10-10,DMART PURCHASE,3968.48,Cash,Shopping
2025-10-10,INOX MOVIES,1294.45,Debit Card,Entertainment
2025-10-10,ELECTRICITY BILL REF314493,1863.75,Debit Card,Bills
2025-10-10,MUTUAL FUND INVESTMENT REF710980,21264.84,UPI,Investment
2025-10-10,CAFE COFFEE DAY REF837920,1744.77,Credit Card,Food
2025-10-10,ROOM RENT REF397571,14339.94,Cash,Rent
2025-10-10,VI MOBILE RECHARGE,4020.6,Cash,Bills
2025-10-10,DMART PURCHASE TXN11055,3347.7,Credit Card,Shopping
2025-10-10,HOSTEL FEE RENT,4888.69,Wallet,Rent
2025-10-10,CASH WITHDRAWAL,6127.82,Wallet,Other
2025-10-10,HOTSTAR SUBSCRIPTION TXN92157,1910.22,UPI,Entertainment
2025-10-10,RAPIDO RIDE REF278737,521.41,UPI,Transport
2025-10-10,DMART PURCHASE REF596759,3774.13,UPI,Shopping
2025-10-11,FLIPKART ORDER REF219710,10622.78,Credit Card,Shopping
2025-10-11,DOMINOS PIZZA,1733.05,Credit Card,Food
2025-10-11,UPI UDEMY COURSE GUNTUR,4854.21,Wallet,Education
2025-10-11,UPI UBER TRIP CHENNAI,1963.26,UPI,Transport
2025-10-11,YOUTUBE PREMIUM TXN71694,1979.56,Debit Card,Entertainment
2025-10-11,COURSERA COURSE REF813447,4224.32,Cash,Education
2025-10-11,NETFLIX SUBSCRIPTION TXN65703,1107.99,UPI,Entertainment
2025-10-11,DMART PURCHASE REF622261,7090.28,Cash,Shopping
2025-10-11,RECURRING DEPOSIT,2349.09,Cash,Investment
2025-10-11,CLOTHING STORE TXN52329,5874.13,Wallet,Shopping
2025-10-12,AIRTEL RECHARGE,1692.1,Debit Card,Bills
2025-10-12,HOSTEL FEE RENT REF236214,17775.62,Cash,Rent
2025-10-12,NETFLIX SUBSCRIPTION TXN74058,3400.92,Net Banking,Entertainment
2025-10-12,GIFT PURCHASE,7570.93,Wallet,Other
2025-10-12,SWIGGY ORDER REF872287,725.95,Cash,Food
2025-10-12,FIXED DEPOSIT TXN35799,20586.96,Net Banking,Investment
2025-10-12,BANK CHARGE TXN20087,4288.91,UPI,Other
2025-10-12,RECURRING DEPOSIT,10550.91,Debit Card,Investment
2025-10-12,DIAGNOSTIC LAB,7120.37,Wallet,Healthcare
2025-10-12,MEDICAL STORE,4537.88,Debit Card,Healthcare
2025-10-12,ROOM RENT,9924.11,Credit Card,Rent
2025-10-12,DOMINOS PIZZA REF874773,869.46,UPI,Food
2025-10-12,WATER BILL TXN70846,3080.25,UPI,Bills
2025-10-12,HOUSE RENT TXN70057,18380.3,Credit Card,Rent
2025-10-12,RAILWAY TICKET REF447902,730.66,Wallet,Transport
2025-10-12,PETROL PUMP REF498591,855.58,Credit Card,Transport
2025-10-12,UPI TRANSFER REF866437,9722.9,Wallet,Other
2025-10-12,BROADBAND BILL REF615013,4868.79,Cash,Bills
2025-10-12,STATIONERY STORE,2752.73,UPI,Education
2025-10-12,MEESHO ORDER TXN70613,9026.28,Credit Card,Shopping
2025-10-12,RESTAURANT PAYMENT TXN86284,342.33,Cash,Food
2025-10-13,PVR CINEMAS TXN88584,1774.64,Debit Card,Entertainment
2025-10-13,NETFLIX SUBSCRIPTION,1365.39,UPI,Entertainment
2025-10-13,VI MOBILE RECHARGE,5429.21,UPI,Bills
2025-10-13,BAKERY PURCHASE,1003.05,Net Banking,Food
2025-10-13,KFC RESTAURANT REF660605,587.11,Wallet,Food
2025-10-13,APARTMENT RENT REF819146,4416.14,Credit Card,Rent
2025-10-13,DONATION PAYMENT REF909884,6262.76,Cash,Other
2025-10-13,UPI HP FUEL STATION GUNTUR,838.28,Cash,Transport
2025-10-13,TATA PLAY RECHARGE,1575.25,Net Banking,Bills
2025-10-13,INOX MOVIES,2457.2,Net Banking,Entertainment
2025-10-13,FIXED DEPOSIT,19613.69,Credit Card,Investment
2025-10-14,UDEMY COURSE,9502.96,Cash,Education
2025-10-14,DMART PURCHASE TXN38404,12947.73,Credit Card,Shopping
2025-10-14,ZOMATO FOOD ORDER,1735.55,Credit Card,Food
2025-10-14,ZOMATO FOOD ORDER REF117012,1746.58,Cash,Food
2025-10-14,RAPIDO RIDE,515.71,UPI,Transport
2025-10-14,UPI SHOPPING MALL CHENNAI,6790.16,Net Banking,Shopping
2025-10-14,EXAM FEE,14969.59,UPI,Education
2025-10-14,UPI COURSERA COURSE BLR,13608.04,Credit Card,Education
2025-10-14,GAS BILL PAYMENT,4651.02,Cash,Bills
2025-10-14,UPI SIP INVESTMENT CHENNAI,10348.63,Wallet,Investment
2025-10-14,UPI INVESTMENT ACCOUNT VIJAYAWADA,6109.24,Net Banking,Investment
2025-10-14,APOLLO PHARMACY TXN24435,6076.86,Cash,Healthcare
2025-10-14,UPI APARTMENT RENT VIJAYAWADA,15654.59,Debit Card,Rent
2025-10-15,PG RENT PAYMENT REF305611,24653.8,Net Banking,Rent
2025-10-15,MISCELLANEOUS PAYMENT,7251.63,UPI,Other
2025-10-15,KFC RESTAURANT TXN45942,1455.99,Debit Card,Food
2025-10-15,UPI COLLEGE FEE BLR,24423.4,UPI,Education
2025-10-15,APOLLO PHARMACY REF737044,8224.6,Credit Card,Healthcare
2025-10-15,ATM FEE TXN39145,6878.87,Net Banking,Other
2025-10-15,BANK CHARGE TXN45359,5963.94,Debit Card,Other
2025-10-15,APARTMENT RENT TXN94905,3793.74,Debit Card,Rent
2025-10-15,ROOM RENT TXN87037,6859.01,Debit Card,Rent
2025-10-15,UPI TRANSFER TXN34607,5539.33,UPI,Other
2025-10-15,STATIONERY STORE,23470.32,Debit Card,Education
2025-10-16,UDEMY COURSE,11908.38,UPI,Education
2025-10-16,AMAZON PURCHASE REF920467,14288.16,Debit Card,Shopping
2025-10-16,CLOTHING STORE REF755674,4546.83,Cash,Shopping
2025-10-16,ZOMATO FOOD ORDER TXN85445,881.95,Debit Card,Food
2025-10-16,UPI TRANSFER TXN14920,2932.48,UPI,Other
2025-10-16,INDIAN OIL PETROL TXN37679,752.03,Wallet,Transport
2025-10-16,HP FUEL STATION TXN81082,2083.93,UPI,Transport
2025-10-16,GAME PURCHASE REF769488,2295.38,UPI,Entertainment
2025-10-16,WATER BILL,2369.67,Wallet,Bills
2025-10-16,INVESTMENT ACCOUNT,28876.76,Debit Card,Investment
2025-10-16,DOCTOR CONSULTATION,4224.21,UPI,Healthcare
2025-10-16,COURSERA COURSE REF200524,19328.76,Wallet,Education
2025-10-16,UPI ACT FIBERNET CHENNAI,1580.22,UPI,Bills
2025-10-16,APOLLO PHARMACY,7609.09,Debit Card,Healthcare
2025-10-16,RAPIDO RIDE TXN79313,1635.13,Cash,Transport
2025-10-17,MISCELLANEOUS PAYMENT TXN61548,8032.04,Debit Card,Other
2025-10-17,EYE HOSPITAL REF621877,1573.66,UPI,Healthcare
2025-10-17,ZOMATO FOOD ORDER TXN46158,1633.28,Cash,Food
2025-10-17,LIBRARY FEE,123.94,UPI,Education
2025-10-17,MISCELLANEOUS PAYMENT,4074.01,Net Banking,Other
2025-10-17,ROOM RENT REF848085,8460.73,Cash,Rent
2025-10-17,SIP INVESTMENT,9995.11,Wallet,Investment
2025-10-17,MOVIE TICKET TXN26613,3303.39,Credit Card,Entertainment
2025-10-17,GAME PURCHASE,3354.77,Wallet,Entertainment
2025-10-17,UPI KFC RESTAURANT HYD,964.79,Credit Card,Food
2025-10-17,UPI ENTERTAINMENT EVENT CHENNAI,627.34,Credit Card,Entertainment
2025-10-17,COLLEGE FEE,4249.97,Cash,Education
2025-10-17,UPI JIO RECHARGE GUNTUR,1884.67,Cash,Bills
2025-10-17,UPI BROADBAND BILL GUNTUR,5271.27,Credit Card,Bills
2025-10-17,MEDICAL STORE,2893.53,Cash,Healthcare
2025-10-17,UPI UDEMY COURSE CHENNAI,5247.75,Cash,Education
2025-10-17,RESTAURANT PAYMENT TXN35612,1758.89,Debit Card,Food
2025-10-17,HOSTEL RENT TXN99887,14424.8,UPI,Rent
2025-10-18,STOCK INVESTMENT,9940.0,Cash,Investment
2025-10-18,ONLINE COURSE PAYMENT REF910891,7050.21,Cash,Education
2025-10-18,WATER BILL,4956.33,Cash,Bills
2025-10-18,ROOM RENT,6673.95,Cash,Rent
2025-10-18,GAS BILL PAYMENT TXN51854,3934.27,UPI,Bills
2025-10-18,DIAGNOSTIC LAB REF204265,3803.16,UPI,Healthcare
2025-10-18,SWIGGY ORDER,487.23,Net Banking,Food
2025-10-18,UPI TRANSFER REF185168,502.34,Cash,Other
2025-10-19,BANK CHARGE TXN25061,7979.77,Cash,Other
2025-10-19,MOBILE POSTPAID BILL,645.95,Cash,Bills
2025-10-19,MCDONALDS ORDER REF263459,155.0,UPI,Food
2025-10-19,HOSTEL RENT,11235.45,UPI,Rent
2025-10-19,NETFLIX SUBSCRIPTION,3608.29,Debit Card,Entertainment
2025-10-19,UPI COLLEGE FEE HYD,19428.16,Cash,Education
2025-10-19,HOUSE RENT,22655.6,UPI,Rent
2025-10-19,INDIAN OIL PETROL,743.83,Cash,Transport
2025-10-19,SIP INVESTMENT REF101581,17079.35,Cash,Investment
2025-10-19,UPI APOLLO PHARMACY CHENNAI,9708.15,Wallet,Healthcare
2025-10-19,KFC RESTAURANT,967.07,Credit Card,Food
2025-10-19,HP FUEL STATION REF678632,591.98,Net Banking,Transport
2025-10-19,FIXED DEPOSIT,28508.0,Net Banking,Investment
2025-10-19,UPI AMAZON PRIME GUNTUR,2664.25,Wallet,Entertainment
2025-10-20,AIRTEL RECHARGE,242.93,Wallet,Bills
2025-10-20,GROCERY FOOD STORE REF719019,1516.86,UPI,Food
2025-10-20,UPI GOLD SAVINGS BLR,11282.11,Cash,Investment
2025-10-20,UPI MISCELLANEOUS PAYMENT GUNTUR,9294.63,Cash,Other
2025-10-20,DIAGNOSTIC LAB REF736700,539.48,UPI,Healthcare
2025-10-20,CAFE COFFEE DAY,642.46,Debit Card,Food
2025-10-20,AUTO RICKSHAW UPI,172.76,UPI,Transport
2025-10-20,CLOTHING STORE,3353.96,UPI,Shopping
2025-10-20,GROCERY FOOD STORE TXN29619,1269.97,UPI,Food
2025-10-20,HOSPITAL PAYMENT TXN78746,4847.5,Wallet,Healthcare
2025-10-20,UPI RAILWAY TICKET HYD,2284.5,Cash,Transport
2025-10-20,VI MOBILE RECHARGE,283.66,Credit Card,Bills
2025-10-20,MUTUAL FUND INVESTMENT TXN11899,7433.02,Net Banking,Investment
2025-10-20,MONTHLY RENT TXN18840,15415.15,Debit Card,Rent
2025-10-21,DONATION PAYMENT,6581.46,Debit Card,Other
2025-10-21,RAILWAY TICKET,1063.09,Debit Card,Transport
2025-10-21,DONATION PAYMENT REF812202,1447.22,Net Banking,Other
2025-10-21,ATM FEE,2373.84,UPI,Other
2025-10-21,HOSTEL RENT,9828.62,Wallet,Rent
2025-10-21,ACCOMMODATION PAYMENT,19787.14,Debit Card,Rent
2025-10-21,BUS TICKET,1659.88,Debit Card,Transport
2025-10-21,HOSPITAL PAYMENT TXN70559,2086.43,UPI,Healthcare
2025-10-22,STOCK INVESTMENT,21647.0,Debit Card,Investment
2025-10-22,UPI HOSTEL RENT CHENNAI,5195.09,Cash,Rent
2025-10-22,ENTERTAINMENT EVENT TXN32396,2134.24,Wallet,Entertainment
2025-10-22,UPI GIFT PURCHASE GUNTUR,9250.95,Net Banking,Other
2025-10-22,INDIAN OIL PETROL,2708.04,Credit Card,Transport
2025-10-22,DOMINOS PIZZA,796.15,Debit Card,Food
2025-10-22,ACT FIBERNET TXN99952,3818.76,UPI,Bills
2025-10-22,UPI ROOM RENT VIJAYAWADA,21780.23,Cash,Rent
2025-10-22,UPI TEA SHOP UPI CHENNAI,1730.61,Net Banking,Food
2025-10-22,TEA SHOP UPI,118.46,UPI,Food
2025-10-22,YOUTUBE PREMIUM REF647778,2694.5,Cash,Entertainment
2025-10-22,UPI VI MOBILE RECHARGE HYD,375.1,Wallet,Bills
2025-10-23,UPI ACCOMMODATION PAYMENT GUNTUR,10065.69,UPI,Rent
2025-10-23,AMAZON PURCHASE REF626389,1672.71,Cash,Shopping
2025-10-23,BANK CHARGE REF222728,7306.99,Net Banking,Other
2025-10-23,AJIO PURCHASE,11816.06,Net Banking,Shopping
2025-10-23,UPI TATA PLAY RECHARGE CHENNAI,4649.71,UPI,Bills
2025-10-23,UPI SWIGGY ORDER HYD,279.13,Net Banking,Food
2025-10-23,ELECTRONICS STORE,4679.87,Credit Card,Shopping
2025-10-23,UPI INOX MOVIES VIJAYAWADA,2887.97,Net Banking,Entertainment
2025-10-23,VI MOBILE RECHARGE TXN64097,2945.78,Wallet,Bills
2025-10-23,HOTSTAR SUBSCRIPTION TXN34540,1243.54,Wallet,Entertainment
2025-10-24,UPI ENTERTAINMENT EVENT HYD,2368.12,UPI,Entertainment
2025-10-24,SIP INVESTMENT,27189.76,Cash,Investment
2025-10-24,UPI RECURRING DEPOSIT HYD,27977.34,UPI,Investment
2025-10-24,AMAZON PURCHASE,13542.35,Credit Card,Shopping
2025-10-24,ATM FEE REF124085,9234.97,Cash,Other
2025-10-24,BAKERY PURCHASE REF101514,272.18,Net Banking,Food
2025-10-24,DENTAL CLINIC REF762985,9970.46,UPI,Healthcare
2025-10-24,UPI INOX MOVIES HYD,3232.83,Net Banking,Entertainment
2025-10-24,HEALTH CHECKUP REF850565,7788.31,Cash,Healthcare
2025-10-24,BUS TICKET,1048.2,Debit Card,Transport
2025-10-24,DONATION PAYMENT,1879.31,Net Banking,Other
2025-10-24,SWIGGY ORDER,1645.15,Debit Card,Food
2025-10-24,MOVIE TICKET REF177411,149.88,Net Banking,Entertainment
2025-10-24,HEALTH CHECKUP REF736249,2802.98,Credit Card,Healthcare
2025-10-24,UPI PG RENT PAYMENT CHENNAI,14600.13,Cash,Rent
2025-10-25,UPI ACCOMMODATION PAYMENT GUNTUR,4606.57,Cash,Rent
2025-10-25,STOCK INVESTMENT REF696000,3387.96,Cash,Investment
2025-10-25,PETROL PUMP REF958166,1152.88,Net Banking,Transport
2025-10-25,UPI ACCOMMODATION PAYMENT CHENNAI,19498.59,Cash,Rent
2025-10-25,DENTAL CLINIC TXN54926,6317.31,UPI,Healthcare
2025-10-25,MOBILE POSTPAID BILL TXN57308,2836.3,Wallet,Bills
2025-10-25,WATER BILL,3963.29,Cash,Bills
2025-10-25,UPI TEA SHOP UPI CHENNAI,338.8,Net Banking,Food
2025-10-25,UPI MUTUAL FUND INVESTMENT VIJAYAWADA,26592.84,Debit Card,Investment
2025-10-25,UPI MOVIE TICKET BLR,3479.41,UPI,Entertainment
2025-10-25,HOSTEL FEE RENT,18386.53,Credit Card,Rent
2025-10-25,UPI SPOTIFY PREMIUM GUNTUR,1252.88,UPI,Entertainment
2025-10-26,INDEX FUND SIP,24798.81,UPI,Investment
2025-10-26,UPI YOUTUBE PREMIUM BLR,2756.09,UPI,Entertainment
2025-10-26,YOUTUBE PREMIUM,283.25,UPI,Entertainment
2025-10-26,PHARMACY UPI,514.38,Cash,Healthcare
2025-10-26,DONATION PAYMENT REF796862,9342.5,Credit Card,Other
2025-10-26,UPI EXAM FEE BLR,20860.4,UPI,Education
2025-10-26,ELECTRICITY BILL,785.49,Credit Card,Bills
2025-10-26,FIXED DEPOSIT REF450290,5467.2,Cash,Investment
2025-10-26,DONATION PAYMENT REF121759,5412.15,Wallet,Other
2025-10-26,SHOPPING MALL REF662975,6266.46,Debit Card,Shopping
2025-10-27,JIO RECHARGE,3825.65,UPI,Bills
2025-10-27,UPI ACCOMMODATION PAYMENT HYD,3873.78,Credit Card,Rent
2025-10-27,METRO TICKET TXN93628,1224.26,Net Banking,Transport
2025-10-27,UPI SIP INVESTMENT CHENNAI,19319.51,Net Banking,Investment
2025-10-27,CLOTHING STORE,7084.58,Credit Card,Shopping
2025-10-27,FIXED DEPOSIT TXN62296,29856.91,Credit Card,Investment
2025-10-27,AUTO RICKSHAW UPI,1201.98,Cash,Transport
2025-10-27,APARTMENT RENT TXN91691,18239.5,UPI,Rent
2025-10-27,UPI SIP INVESTMENT BLR,8788.61,Credit Card,Investment
2025-10-28,LIBRARY FEE,8393.07,Net Banking,Education
2025-10-28,DOMINOS PIZZA TXN32644,1633.22,Wallet,Food
2025-10-28,UPI NETFLIX SUBSCRIPTION VIJAYAWADA,3899.22,Debit Card,Entertainment
2025-10-28,UPI VI MOBILE RECHARGE HYD,5778.0,Wallet,Bills
2025-10-28,UPI ACCOMMODATION PAYMENT VIJAYAWADA,7434.1,Net Banking,Rent
2025-10-28,UPI INDEX FUND SIP BLR,18140.56,Wallet,Investment
2025-10-28,GAME PURCHASE REF925549,3519.09,UPI,Entertainment
2025-10-29,UPI HOSTEL FEE RENT HYD,22911.19,UPI,Rent
2025-10-29,STATIONERY STORE,17853.19,Debit Card,Education
2025-10-29,KFC RESTAURANT,1051.41,Debit Card,Food
2025-10-29,INDIAN OIL PETROL,2306.6,Debit Card,Transport
2025-10-29,RESTAURANT PAYMENT,1087.09,Debit Card,Food
2025-10-29,UPI CAFE COFFEE DAY HYD,1417.16,UPI,Food
2025-10-29,INDEX FUND SIP REF588895,27160.42,Debit Card,Investment
2025-10-29,APARTMENT RENT REF685005,22794.77,Credit Card,Rent
2025-10-29,PHARMACY UPI,5179.94,Credit Card,Healthcare
2025-10-29,HOTSTAR SUBSCRIPTION REF174575,2528.35,Net Banking,Entertainment
2025-10-29,ACCOMMODATION PAYMENT TXN92954,13355.17,Cash,Rent
2025-10-29,NETFLIX SUBSCRIPTION TXN42700,1428.78,Cash,Entertainment
2025-10-29,APOLLO PHARMACY REF193280,4906.2,Cash,Healthcare
2025-10-30,RESTAURANT PAYMENT,1741.96,Debit Card,Food
2025-10-30,STATIONERY STORE,3381.13,Debit Card,Education
2025-10-30,SWIGGY ORDER REF403660,570.61,Wallet,Food
2025-10-30,JIO RECHARGE,305.62,Credit Card,Bills
2025-10-30,METRO TICKET,847.39,Net Banking,Transport
2025-10-30,DENTAL CLINIC TXN67079,7809.08,Credit Card,Healthcare
2025-10-30,MUTUAL FUND INVESTMENT,14583.78,Wallet,Investment
2025-10-31,UPI MUTUAL FUND INVESTMENT BLR,4447.73,Credit Card,Investment
2025-10-31,INDIAN OIL PETROL TXN67299,1228.02,Debit Card,Transport
2025-10-31,DONATION PAYMENT TXN65798,8947.94,Cash,Other
2025-10-31,HOUSE RENT REF187035,9469.33,Credit Card,Rent
2025-10-31,AJIO PURCHASE TXN15018,2387.76,Cash,Shopping
2025-10-31,HOSTEL RENT,20952.17,Wallet,Rent
2025-10-31,HOUSE RENT REF665366,20615.79,Debit Card,Rent
2025-11-01,RECURRING DEPOSIT TXN70178,27055.32,Credit Card,Investment
2025-11-01,CASH WITHDRAWAL,954.99,Credit Card,Other
2025-11-01,HP FUEL STATION,491.16,Net Banking,Transport
2025-11-01,UPI MOBILE POSTPAID BILL HYD,2222.47,UPI,Bills
2025-11-01,INDIAN OIL PETROL REF635215,1729.16,Credit Card,Transport
2025-11-01,UPI TRANSFER,1846.27,Wallet,Other
2025-11-01,JIO RECHARGE,407.66,Wallet,Bills
2025-11-01,BAKERY PURCHASE,796.11,Wallet,Food
2025-11-01,STOCK INVESTMENT TXN28284,21748.87,Cash,Investment
2025-11-01,DOMINOS PIZZA,1022.38,UPI,Food
2025-11-01,INDEX FUND SIP,5502.01,UPI,Investment
2025-11-01,GOLD SAVINGS,8292.03,Net Banking,Investment
2025-11-02,HOSTEL RENT TXN99923,19118.75,Net Banking,Rent
2025-11-02,MYNTRA SHOPPING,9771.7,Wallet,Shopping
2025-11-02,PERSONAL TRANSFER TXN56810,1325.74,Debit Card,Other
2025-11-02,GOLD SAVINGS,17571.79,Wallet,Investment
2025-11-02,MOBILE POSTPAID BILL,3490.1,UPI,Bills
2025-11-02,GROCERY FOOD STORE,514.68,Cash,Food
2025-11-02,UPI EXAM FEE GUNTUR,4469.96,Net Banking,Education
2025-11-02,UDEMY COURSE,7353.54,UPI,Education
2025-11-02,HEALTH CHECKUP TXN30694,1496.05,Net Banking,Healthcare
2025-11-02,MCDONALDS ORDER REF952487,1422.09,Net Banking,Food
2025-11-03,JIO RECHARGE REF217100,939.19,Credit Card,Bills
2025-11-03,MYNTRA SHOPPING,11388.55,Credit Card,Shopping
2025-11-03,UPI HEALTH CHECKUP CHENNAI,193.71,Debit Card,Healthcare
2025-11-03,HOTSTAR SUBSCRIPTION TXN42154,382.37,Credit Card,Entertainment
2025-11-03,ELECTRICITY BILL TXN21721,3805.22,Credit Card,Bills
2025-11-03,PETROL PUMP,1456.74,UPI,Transport
2025-11-03,METRO TICKET REF359561,1133.55,Debit Card,Transport
2025-11-03,APOLLO PHARMACY,8413.71,Net Banking,Healthcare
2025-11-03,COURSERA COURSE,3297.03,Wallet,Education
2025-11-03,UPI PERSONAL TRANSFER BLR,8321.12,Credit Card,Other
2025-11-03,BROADBAND BILL,2596.85,Debit Card,Bills
2025-11-03,AUTO RICKSHAW UPI REF512279,2158.21,UPI,Transport
2025-11-04,DIAGNOSTIC LAB,4361.7,Wallet,Healthcare
2025-11-04,UPI PHARMACY UPI CHENNAI,4328.67,Debit Card,Healthcare
2025-11-04,MYNTRA SHOPPING REF203326,3601.82,Cash,Shopping
2025-11-04,ROOM RENT,21766.74,Wallet,Rent
2025-11-04,HOSPITAL PAYMENT TXN63575,1344.28,Wallet,Healthcare
2025-11-04,UPI WATER BILL CHENNAI,3268.56,Net Banking,Bills
2025-11-04,GOLD SAVINGS REF451291,543.13,Net Banking,Investment
2025-11-04,UPI SIP INVESTMENT GUNTUR,14981.23,UPI,Investment
2025-11-04,BUS TICKET TXN86142,2765.39,Debit Card,Transport
2025-11-05,AUTO RICKSHAW UPI TXN32507,459.5,UPI,Transport
2025-11-05,AMAZON PRIME,3321.86,Debit Card,Entertainment
2025-11-05,UPI COURSERA COURSE GUNTUR,10047.42,UPI,Education
2025-11-05,DIAGNOSTIC LAB REF302652,4571.87,UPI,Healthcare
2025-11-05,INOX MOVIES,231.92,Credit Card,Entertainment
2025-11-05,STATIONERY STORE REF208111,13062.39,Wallet,Education
2025-11-05,HOUSE RENT TXN92423,24576.95,Cash,Rent
2025-11-05,INOX MOVIES TXN17656,1443.29,Net Banking,Entertainment
2025-11-05,BROADBAND BILL,3748.28,Net Banking,Bills
2025-11-05,RECURRING DEPOSIT,14726.52,Cash,Investment
2025-11-05,COLLEGE FEE,18184.43,Debit Card,Education
2025-11-05,BAKERY PURCHASE REF515623,816.6,Wallet,Food
2025-11-06,SWIGGY ORDER,1087.91,Wallet,Food
2025-11-06,UPI FIXED DEPOSIT VIJAYAWADA,5527.77,Wallet,Investment
2025-11-06,PG RENT PAYMENT,24572.91,Debit Card,Rent
2025-11-06,BANK CHARGE TXN30869,3909.57,Debit Card,Other
2025-11-06,UPI TRANSFER REF563677,2655.37,Credit Card,Other
2025-11-06,UPI CASH WITHDRAWAL HYD,9854.04,Cash,Other
2025-11-06,AMAZON PURCHASE REF582589,12477.42,Net Banking,Shopping
2025-11-06,MOVIE TICKET,2209.51,Debit Card,Entertainment
2025-11-06,UPI GIFT PURCHASE HYD,8195.54,Credit Card,Other
2025-11-06,HOSTEL RENT,17850.54,Cash,Rent
2025-11-06,ACCOMMODATION PAYMENT REF134455,6891.12,Credit Card,Rent
2025-11-06,ENTERTAINMENT EVENT TXN58380,1101.37,Wallet,Entertainment
2025-11-07,SHOPPING MALL,450.7,Debit Card,Shopping
2025-11-07,INDEX FUND SIP REF626035,13276.44,Net Banking,Investment
2025-11-07,CLOTHING STORE REF926789,6252.74,Cash,Shopping
2025-11-07,UPI AMAZON PRIME CHENNAI,3829.59,UPI,Entertainment
2025-11-07,UPI BAKERY PURCHASE BLR,94.49,Credit Card,Food
2025-11-07,RAPIDO RIDE TXN17341,1360.06,Cash,Transport
2025-11-07,NETFLIX SUBSCRIPTION,3060.61,Wallet,Entertainment
2025-11-07,PETROL PUMP REF467161,902.57,Cash,Transport
2025-11-07,UPI DONATION PAYMENT HYD,1919.33,Net Banking,Other
2025-11-07,YOUTUBE PREMIUM REF780535,1535.62,Net Banking,Entertainment
2025-11-07,MCDONALDS ORDER,1546.15,UPI,Food
2025-11-08,CASH WITHDRAWAL TXN73072,2280.51,UPI,Other
2025-11-08,INDIAN OIL PETROL,1210.89,Debit Card,Transport
2025-11-08,GROCERY FOOD STORE TXN72480,1010.28,Cash,Food
2025-11-08,DENTAL CLINIC REF510467,6510.28,Debit Card,Healthcare
2025-11-08,UPI APARTMENT RENT GUNTUR,12284.46,Debit Card,Rent
2025-11-08,COLLEGE FEE TXN88278,17584.79,Debit Card,Education
2025-11-09,AUTO RICKSHAW UPI TXN19506,1139.56,Net Banking,Transport
2025-11-09,FLIPKART ORDER TXN34419,4864.85,Debit Card,Shopping
2025-11-09,EYE HOSPITAL,8315.71,Debit Card,Healthcare
2025-11-09,UPI GOLD SAVINGS VIJAYAWADA,1364.31,Net Banking,Investment
2025-11-09,DOCTOR CONSULTATION,5825.58,Debit Card,Healthcare
2025-11-09,AUTO RICKSHAW UPI,770.37,Cash,Transport
2025-11-09,SHOPPING MALL,11559.99,Cash,Shopping
2025-11-09,MCDONALDS ORDER,1207.91,Cash,Food
2025-11-09,VI MOBILE RECHARGE,2938.92,UPI,Bills
2025-11-09,UPI AIRTEL RECHARGE BLR,3757.26,Net Banking,Bills
2025-11-09,ONLINE COURSE PAYMENT,6898.03,Credit Card,Education
2025-11-09,DOCTOR CONSULTATION,2776.86,Credit Card,Healthcare
2025-11-09,PERSONAL TRANSFER REF206560,9389.78,Wallet,Other
2025-11-10,UPI SPOTIFY PREMIUM GUNTUR,226.25,Debit Card,Entertainment
2025-11-10,INVESTMENT ACCOUNT TXN88268,13772.61,Credit Card,Investment
2025-11-10,GROCERY FOOD STORE TXN97832,1169.78,Debit Card,Food
2025-11-10,MEDPLUS PHARMACY REF177998,1979.73,Cash,Healthcare
2025-11-10,HOTSTAR SUBSCRIPTION REF544557,3969.19,Debit Card,Entertainment
2025-11-10,JIO RECHARGE,676.69,Credit Card,Bills
2025-11-10,MUTUAL FUND INVESTMENT,26243.22,Debit Card,Investment
2025-11-10,HOTSTAR SUBSCRIPTION,3238.11,Net Banking,Entertainment
2025-11-10,UPI VI MOBILE RECHARGE VIJAYAWADA,3314.08,Credit Card,Bills
2025-11-10,AUTO RICKSHAW UPI TXN26977,1186.58,Debit Card,Transport
2025-11-10,DOCTOR CONSULTATION TXN16571,4365.58,Net Banking,Healthcare
2025-11-10,ROOM RENT REF494900,15826.11,Cash,Rent
2025-11-10,ACT FIBERNET REF894369,3496.03,Debit Card,Bills
2025-11-10,UPI MEESHO ORDER HYD,12682.88,Debit Card,Shopping
2025-11-10,LIBRARY FEE,8761.92,Net Banking,Education
2025-11-10,DMART PURCHASE REF197906,2176.26,Cash,Shopping
2025-11-10,RESTAURANT PAYMENT,183.0,Credit Card,Food
2025-11-11,DENTAL CLINIC,9335.8,Debit Card,Healthcare
2025-11-11,ROOM RENT TXN21706,20595.86,Cash,Rent
2025-11-11,AIRTEL RECHARGE,3966.47,Net Banking,Bills
2025-11-11,UPI CAFE COFFEE DAY BLR,278.36,Debit Card,Food
2025-11-11,FIXED DEPOSIT TXN66531,2564.23,Credit Card,Investment
2025-11-11,ELECTRICITY BILL REF785962,1981.5,Wallet,Bills
2025-11-11,UPI UPI TRANSFER HYD,8208.33,Cash,Other
2025-11-11,SPOTIFY PREMIUM,2362.74,Cash,Entertainment
2025-11-11,AUTO RICKSHAW UPI TXN36197,2757.88,UPI,Transport
2025-11-11,STOCK INVESTMENT,17931.26,Cash,Investment
2025-11-11,LIBRARY FEE REF118019,13684.02,UPI,Education
2025-11-11,BANK CHARGE,4495.22,UPI,Other
2025-11-11,UPI RELIANCE TRENDS VIJAYAWADA,14062.49,UPI,Shopping
2025-11-11,MUTUAL FUND INVESTMENT REF906306,7822.81,Credit Card,Investment
2025-11-11,STOCK INVESTMENT TXN99546,9595.17,Cash,Investment
2025-11-11,UBER TRIP REF355419,2495.41,Debit Card,Transport
2025-11-11,UPI RELIANCE TRENDS BLR,10868.53,Debit Card,Shopping
2025-11-11,INDIAN OIL PETROL,1082.61,Debit Card,Transport
2025-11-11,UPI PHARMACY UPI CHENNAI,9789.6,Credit Card,Healthcare
2025-11-11,ELECTRONICS STORE TXN77677,311.15,Net Banking,Shopping
2025-11-12,HOSPITAL PAYMENT TXN38369,7879.72,Debit Card,Healthcare
2025-11-12,MYNTRA SHOPPING,9083.45,Net Banking,Shopping
2025-11-12,DONATION PAYMENT,4604.65,Debit Card,Other
2025-11-12,DOCTOR CONSULTATION REF461180,7436.26,Cash,Healthcare
2025-11-12,RAILWAY TICKET TXN98407,1392.4,Net Banking,Transport
2025-11-12,UDEMY COURSE,8904.59,Net Banking,Education
2025-11-12,DMART PURCHASE,10774.53,Credit Card,Shopping
2025-11-12,ELECTRONICS STORE TXN20246,4645.23,Cash,Shopping
2025-11-12,YOUTUBE PREMIUM TXN39812,1005.44,Wallet,Entertainment
2025-11-12,LIBRARY FEE TXN38885,18007.46,Net Banking,Education
2025-11-12,UPI STOCK INVESTMENT BLR,25683.99,Net Banking,Investment
2025-11-12,UPI COLLEGE FEE VIJAYAWADA,23714.56,Credit Card,Education
2025-11-12,DMART PURCHASE TXN83985,366.69,Net Banking,Shopping
2025-11-13,UBER TRIP,1777.89,Net Banking,Transport
2025-11-13,GIFT PURCHASE,3593.17,Cash,Other
2025-11-13,UPI KFC RESTAURANT VIJAYAWADA,1417.72,UPI,Food
2025-11-13,RECURRING DEPOSIT,12414.32,Debit Card,Investment
2025-11-13,PG RENT PAYMENT TXN90506,23427.17,Wallet,Rent
2025-11-13,GOLD SAVINGS,8157.66,Net Banking,Investment
2025-11-13,MEDICAL STORE,6486.06,Net Banking,Healthcare
2025-11-13,UPI KFC RESTAURANT CHENNAI,1258.02,Debit Card,Food
2025-11-13,FIXED DEPOSIT REF445904,14732.79,Cash,Investment
2025-11-13,UPI HOUSE RENT BLR,4734.62,UPI,Rent
2025-11-14,METRO TICKET TXN25980,1486.88,Debit Card,Transport
2025-11-14,STOCK INVESTMENT,25872.3,UPI,Investment
2025-11-14,ENTERTAINMENT EVENT,3494.4,Net Banking,Entertainment
2025-11-14,RESTAURANT PAYMENT REF321960,1462.43,Cash,Food
2025-11-14,METRO TICKET TXN65965,2085.9,Credit Card,Transport
2025-11-14,AJIO PURCHASE TXN82321,10880.79,UPI,Shopping
2025-11-14,PHARMACY UPI,3965.68,Cash,Healthcare
2025-11-14,HOSTEL RENT TXN15672,4457.44,UPI,Rent
2025-11-14,TATA PLAY RECHARGE REF357848,3333.12,Credit Card,Bills
2025-11-14,COLLEGE FEE REF851094,24732.28,Credit Card,Education
2025-11-14,UPI PVR CINEMAS BLR,967.95,Net Banking,Entertainment
2025-11-15,WATER BILL TXN42020,4570.65,Cash,Bills
2025-11-15,CERTIFICATION EXAM,16940.43,Debit Card,Education
2025-11-15,INDEX FUND SIP,4101.88,Cash,Investment
2025-11-15,RESTAURANT PAYMENT,1751.78,Net Banking,Food
2025-11-15,MOBILE POSTPAID BILL,1205.15,UPI,Bills
2025-11-15,UPI GAME PURCHASE BLR,2278.58,Credit Card,Entertainment
2025-11-15,ELECTRONICS STORE,9589.86,UPI,Shopping
2025-11-15,PETROL PUMP,1387.47,Credit Card,Transport
2025-11-15,UPI MISCELLANEOUS PAYMENT CHENNAI,2481.42,Wallet,Other
2025-11-15,MONTHLY RENT TXN74589,16037.8,Cash,Rent
2025-11-15,GROCERY FOOD STORE TXN19065,422.03,Cash,Food
2025-11-15,SIP INVESTMENT,4506.46,Debit Card,Investment
2025-11-16,HP FUEL STATION REF733636,2293.83,Cash,Transport
2025-11-16,INVESTMENT ACCOUNT TXN44591,18133.94,Wallet,Investment
2025-11-16,ZOMATO FOOD ORDER TXN26234,447.83,Cash,Food
2025-11-16,STOCK INVESTMENT TXN33786,28483.21,Net Banking,Investment
2025-11-16,UPI APARTMENT RENT HYD,23121.82,Credit Card,Rent
2025-11-16,UPI TATA PLAY RECHARGE CHENNAI,774.0,Net Banking,Bills
2025-11-16,PG RENT PAYMENT TXN36236,15331.84,Debit Card,Rent
2025-11-16,PETROL PUMP,2626.25,UPI,Transport
2025-11-17,ONLINE COURSE PAYMENT REF217580,7488.2,Wallet,Education
2025-11-17,HOUSE RENT,17383.98,Net Banking,Rent
2025-11-17,UPI MEDICAL STORE GUNTUR,5646.11,Wallet,Healthcare
2025-11-17,UPI TRANSFER,1583.09,Debit Card,Other
2025-11-17,ELECTRICITY BILL REF561228,423.77,Credit Card,Bills
2025-11-17,COURSERA COURSE TXN43305,6434.39,Credit Card,Education
2025-11-17,UPI LIBRARY FEE GUNTUR,24936.66,Debit Card,Education
2025-11-17,METRO TICKET TXN63523,1019.93,UPI,Transport
2025-11-17,RAPIDO RIDE TXN78316,315.65,Cash,Transport
2025-11-17,ATM FEE,6498.64,Wallet,Other
2025-11-18,UPI DOMINOS PIZZA HYD,781.48,Cash,Food
2025-11-18,DOCTOR CONSULTATION,2960.4,Wallet,Healthcare
2025-11-18,HOSTEL RENT REF784010,24393.24,Wallet,Rent
2025-11-18,RAPIDO RIDE TXN32154,1982.65,Credit Card,Transport
2025-11-18,SWIGGY ORDER REF173756,1653.64,UPI,Food
2025-11-18,UPI INOX MOVIES VIJAYAWADA,3431.27,Cash,Entertainment
2025-11-18,BROADBAND BILL,4225.75,Credit Card,Bills
2025-11-18,NETFLIX SUBSCRIPTION,2304.92,UPI,Entertainment
2025-11-18,INOX MOVIES TXN91915,2109.46,Cash,Entertainment
2025-11-18,SPOTIFY PREMIUM,3818.92,Net Banking,Entertainment
2025-11-19,INOX MOVIES TXN62719,147.85,Net Banking,Entertainment
2025-11-19,COURSERA COURSE REF358070,4722.88,Wallet,Education
2025-11-19,UPI JIO RECHARGE VIJAYAWADA,4778.48,UPI,Bills
2025-11-19,UPI ONLINE COURSE PAYMENT HYD,23849.94,Wallet,Education
2025-11-19,COLLEGE FEE REF300686,14435.41,Cash,Education
2025-11-19,DONATION PAYMENT,5999.28,Credit Card,Other
2025-11-20,UPI GOLD SAVINGS GUNTUR,17534.84,Cash,Investment
2025-11-20,UPI MCDONALDS ORDER GUNTUR,212.77,Wallet,Food
2025-11-20,UPI AJIO PURCHASE BLR,2370.08,Cash,Shopping
2025-11-20,MOVIE TICKET,1511.39,Wallet,Entertainment
2025-11-20,RESTAURANT PAYMENT TXN86213,1605.09,UPI,Food
2025-11-20,EYE HOSPITAL,3744.64,Wallet,Healthcare
2025-11-20,NETFLIX SUBSCRIPTION,2344.33,Credit Card,Entertainment
2025-11-20,CASH WITHDRAWAL REF785897,1043.18,Net Banking,Other
2025-11-20,BAKERY PURCHASE REF466190,1341.51,Net Banking,Food
2025-11-20,INDEX FUND SIP REF732561,5961.12,Cash,Investment
2025-11-20,UPI MEDPLUS PHARMACY VIJAYAWADA,3502.36,Cash,Healthcare
2025-11-20,PG RENT PAYMENT,18349.96,Net Banking,Rent
2025-11-20,UBER TRIP,834.48,Debit Card,Transport
2025-11-20,BUS TICKET REF471704,2585.52,Cash,Transport
2025-11-20,UPI LIBRARY FEE VIJAYAWADA,21550.65,Net Banking,Education
2025-11-21,UPI HOSTEL FEE RENT GUNTUR,21655.38,Wallet,Rent
2025-11-21,GOLD SAVINGS TXN25970,6156.48,Debit Card,Investment
2025-11-21,UPI MOBILE POSTPAID BILL HYD,583.26,Debit Card,Bills
2025-11-21,INVESTMENT ACCOUNT REF875620,18486.44,Cash,Investment
2025-11-21,BANK CHARGE,8699.46,UPI,Other
2025-11-21,KFC RESTAURANT REF802387,435.38,Debit Card,Food
2025-11-21,UPI MONTHLY RENT CHENNAI,4084.53,UPI,Rent
2025-11-21,RELIANCE TRENDS,436.8,Debit Card,Shopping
2025-11-21,RECURRING DEPOSIT,12185.78,Net Banking,Investment
2025-11-22,HOSPITAL PAYMENT,4397.9,Net Banking,Healthcare
2025-11-22,MCDONALDS ORDER,1736.08,UPI,Food
2025-11-22,UPI BOOK STORE VIJAYAWADA,3274.91,Credit Card,Education
2025-11-22,DONATION PAYMENT,3243.8,Credit Card,Other
2025-11-22,ROOM RENT TXN11199,14693.08,Debit Card,Rent
2025-11-22,VI MOBILE RECHARGE,4789.49,Cash,Bills
2025-11-23,HOTSTAR SUBSCRIPTION,3730.57,UPI,Entertainment
2025-11-23,BANK CHARGE TXN59593,9566.31,Cash,Other
2025-11-23,MONTHLY RENT,13174.78,Net Banking,Rent
2025-11-23,UPI BUS TICKET CHENNAI,1056.88,Wallet,Transport
2025-11-23,MYNTRA SHOPPING,13671.34,Cash,Shopping
2025-11-23,CAFE COFFEE DAY,383.51,UPI,Food
2025-11-23,WATER BILL,5003.62,Credit Card,Bills
2025-11-23,UPI BANK CHARGE CHENNAI,4435.1,UPI,Other
2025-11-23,BANK CHARGE,2916.23,Cash,Other
2025-11-24,AIRTEL RECHARGE REF664566,5111.76,Wallet,Bills
2025-11-24,UPI UDEMY COURSE VIJAYAWADA,15638.37,Net Banking,Education
2025-11-24,CERTIFICATION EXAM,6126.13,Net Banking,Education
2025-11-24,UBER TRIP REF511744,884.9,Cash,Transport
2025-11-24,GIFT PURCHASE TXN86373,8411.04,Credit Card,Other
2025-11-24,INDEX FUND SIP,24155.36,Wallet,Investment
2025-11-24,ELECTRONICS STORE REF690579,14755.76,Wallet,Shopping
2025-11-24,GROCERY FOOD STORE TXN61421,394.09,Wallet,Food
2025-11-24,ACT FIBERNET REF993199,2079.85,Credit Card,Bills
2025-11-25,ACT FIBERNET TXN96498,1780.01,UPI,Bills
2025-11-25,MOBILE POSTPAID BILL,464.13,Net Banking,Bills
2025-11-25,UPI LIBRARY FEE GUNTUR,20171.52,Cash,Education
2025-11-25,CAFE COFFEE DAY REF946785,1337.67,Net Banking,Food
2025-11-25,GAS BILL PAYMENT REF569309,543.51,Net Banking,Bills
2025-11-25,ZOMATO FOOD ORDER REF970645,169.4,UPI,Food
2025-11-25,FLIPKART ORDER,7858.7,Cash,Shopping
2025-11-25,LIBRARY FEE TXN70942,15979.17,Net Banking,Education
2025-11-25,MUTUAL FUND INVESTMENT,21439.85,Cash,Investment
2025-11-26,MYNTRA SHOPPING,6857.36,Debit Card,Shopping
2025-11-26,HOUSE RENT,6700.13,Wallet,Rent
2025-11-26,TATA PLAY RECHARGE TXN61266,2832.07,Cash,Bills
2025-11-26,OLA CAB,2910.89,Cash,Transport
2025-11-26,UPI FIXED DEPOSIT GUNTUR,14987.54,Credit Card,Investment
2025-11-26,APARTMENT RENT,3539.03,Credit Card,Rent
2025-11-26,APARTMENT RENT REF563071,15230.08,Cash,Rent
2025-11-26,MEDPLUS PHARMACY,3762.77,UPI,Healthcare
2025-11-26,INDEX FUND SIP,12208.18,Debit Card,Investment
2025-11-26,COLLEGE FEE,8188.62,Wallet,Education
2025-11-26,PVR CINEMAS,3224.08,Debit Card,Entertainment
2025-11-26,PHARMACY UPI TXN32715,5682.69,Credit Card,Healthcare
2025-11-27,BUS TICKET,1889.41,Net Banking,Transport
2025-11-27,BANK CHARGE,3160.38,UPI,Other
2025-11-27,RAPIDO RIDE,701.79,Net Banking,Transport
2025-11-27,EYE HOSPITAL,600.33,Cash,Healthcare
2025-11-27,UPI EYE HOSPITAL VIJAYAWADA,7831.48,Debit Card,Healthcare
2025-11-27,HOUSE RENT TXN79126,5666.66,Debit Card,Rent
2025-11-28,RECURRING DEPOSIT,12359.08,Wallet,Investment
2025-11-28,JIO RECHARGE,1145.58,Credit Card,Bills
2025-11-28,RAPIDO RIDE TXN89007,2142.93,Net Banking,Transport
2025-11-28,PERSONAL TRANSFER TXN41276,1743.81,UPI,Other
2025-11-28,DOMINOS PIZZA TXN89355,847.07,Debit Card,Food
2025-11-28,PG RENT PAYMENT,5635.95,Net Banking,Rent
2025-11-28,JIO RECHARGE REF138100,5878.92,Cash,Bills
2025-11-28,COLLEGE FEE REF472781,4360.82,Wallet,Education
2025-11-29,AMAZON PURCHASE TXN59327,14979.74,Credit Card,Shopping
2025-11-29,TATA PLAY RECHARGE REF107217,4516.79,Wallet,Bills
2025-11-29,GOLD SAVINGS TXN79036,5090.15,Wallet,Investment
2025-11-29,CASH WITHDRAWAL,5314.93,Wallet,Other
2025-11-30,BANK CHARGE,865.92,Net Banking,Other
2025-11-30,ATM FEE TXN25565,9653.65,Net Banking,Other
2025-11-30,DOMINOS PIZZA,206.9,Wallet,Food
2025-11-30,LIBRARY FEE,19143.26,UPI,Education
2025-11-30,WATER BILL REF789978,3644.63,Net Banking,Bills
2025-11-30,UPI TATA PLAY RECHARGE GUNTUR,5656.18,Wallet,Bills
2025-11-30,VI MOBILE RECHARGE REF543940,562.37,Net Banking,Bills
2025-11-30,LIBRARY FEE,18498.26,Debit Card,Education
2025-11-30,SWIGGY ORDER TXN80947,434.81,Cash,Food
2025-11-30,INDIAN OIL PETROL,1288.63,Debit Card,Transport
2025-11-30,EYE HOSPITAL,2413.25,Wallet,Healthcare
2025-11-30,GAS BILL PAYMENT REF786651,5354.28,Credit Card,Bills
2025-11-30,AIRTEL RECHARGE,3399.68,Cash,Bills
2025-11-30,WATER BILL,1146.81,UPI,Bills
2025-11-30,OLA CAB TXN12976,2375.82,Net Banking,Transport
2025-11-30,MEDPLUS PHARMACY,2411.02,Wallet,Healthcare
2025-12-01,MOBILE POSTPAID BILL,660.23,Debit Card,Bills
2025-12-01,RECURRING DEPOSIT TXN11333,6178.59,Net Banking,Investment
2025-12-01,PERSONAL TRANSFER TXN16102,9245.38,Credit Card,Other
2025-12-01,KFC RESTAURANT REF786398,117.38,Cash,Food
2025-12-01,METRO TICKET REF342200,991.26,Cash,Transport
2025-12-01,MOBILE POSTPAID BILL,4430.95,Credit Card,Bills
2025-12-01,CERTIFICATION EXAM,19172.29,Credit Card,Education
2025-12-01,SHOPPING MALL,4045.87,Wallet,Shopping
2025-12-01,UPI GROCERY FOOD STORE CHENNAI,183.54,Wallet,Food
2025-12-01,TEA SHOP UPI,1297.39,Credit Card,Food
2025-12-01,APARTMENT RENT TXN56855,9878.62,Debit Card,Rent
2025-12-01,DOMINOS PIZZA TXN14604,982.8,Net Banking,Food
2025-12-02,GAME PURCHASE,199.0,Debit Card,Entertainment
2025-12-02,UPI TRANSFER,5180.95,UPI,Other
2025-12-02,RECURRING DEPOSIT TXN79520,14420.33,Credit Card,Investment
2025-12-02,AMAZON PRIME REF600073,3060.8,Debit Card,Entertainment
2025-12-02,UPI CERTIFICATION EXAM VIJAYAWADA,7325.9,Debit Card,Education
2025-12-02,HOUSE RENT,20147.78,Net Banking,Rent
2025-12-02,GROCERY FOOD STORE,501.19,Net Banking,Food
2025-12-02,UPI AUTO RICKSHAW UPI BLR,1577.68,Net Banking,Transport
2025-12-02,HOUSE RENT TXN38441,4730.73,UPI,Rent
2025-12-02,UPI GAME PURCHASE CHENNAI,2040.94,Wallet,Entertainment
2025-12-02,HOSTEL RENT,6043.86,UPI,Rent
2025-12-02,RAILWAY TICKET REF537709,408.37,Wallet,Transport
2025-12-02,AMAZON PURCHASE,3794.68,Debit Card,Shopping
2025-12-02,TATA PLAY RECHARGE,3962.19,Credit Card,Bills
2025-12-03,UPI INDEX FUND SIP BLR,13237.94,Credit Card,Investment
2025-12-03,SPOTIFY PREMIUM,1895.0,Debit Card,Entertainment
2025-12-03,YOUTUBE PREMIUM,2089.65,Debit Card,Entertainment
2025-12-03,UPI MOBILE POSTPAID BILL GUNTUR,1220.8,Credit Card,Bills
2025-12-03,APOLLO PHARMACY,7453.99,Debit Card,Healthcare
2025-12-03,MISCELLANEOUS PAYMENT,989.74,Net Banking,Other
2025-12-03,DMART PURCHASE TXN84101,7155.97,Wallet,Shopping
2025-12-03,HEALTH CHECKUP,6105.14,Net Banking,Healthcare
2025-12-03,SPOTIFY PREMIUM REF391334,1749.49,Credit Card,Entertainment
2025-12-03,UPI GOLD SAVINGS HYD,4531.49,Debit Card,Investment
2025-12-03,UPI HOSTEL RENT VIJAYAWADA,16218.19,Cash,Rent
2025-12-03,PHARMACY UPI,142.41,Cash,Healthcare
2025-12-04,ENTERTAINMENT EVENT TXN12845,3432.52,Net Banking,Entertainment
2025-12-04,UPI PETROL PUMP HYD,2505.54,Wallet,Transport
2025-12-04,MISCELLANEOUS PAYMENT,872.35,Cash,Other
2025-12-04,PVR CINEMAS TXN59060,3818.96,Net Banking,Entertainment
2025-12-04,FIXED DEPOSIT TXN75382,12384.8,Cash,Investment
2025-12-04,UPI INVESTMENT ACCOUNT GUNTUR,5602.31,Wallet,Investment
2025-12-04,ENTERTAINMENT EVENT,3637.59,Debit Card,Entertainment
2025-12-04,WATER BILL REF463701,4750.42,Cash,Bills
2025-12-05,BOOK STORE,4716.54,Cash,Education
2025-12-05,COURSERA COURSE TXN26030,339.86,UPI,Education
2025-12-05,AMAZON PURCHASE TXN70571,5035.26,Wallet,Shopping
2025-12-05,MEDICAL STORE REF341177,6352.4,Debit Card,Healthcare
2025-12-05,GOLD SAVINGS,12068.21,Credit Card,Investment
2025-12-05,GIFT PURCHASE TXN26739,5493.15,Credit Card,Other
2025-12-05,PETROL PUMP TXN35612,2624.73,Wallet,Transport
2025-12-05,CERTIFICATION EXAM,12813.7,UPI,Education
2025-12-05,GAS BILL PAYMENT,3392.16,Cash,Bills
2025-12-05,UPI DONATION PAYMENT HYD,1383.43,UPI,Other
2025-12-05,ACCOMMODATION PAYMENT REF919176,17507.2,Wallet,Rent
2025-12-05,EXAM FEE REF260617,14357.41,Credit Card,Education
2025-12-05,MOBILE POSTPAID BILL REF104585,1158.09,Credit Card,Bills
2025-12-06,AIRTEL RECHARGE,2248.4,Wallet,Bills
2025-12-06,UPI UPI TRANSFER CHENNAI,9193.64,Cash,Other
2025-12-06,MUTUAL FUND INVESTMENT,18391.27,Credit Card,Investment
2025-12-06,SWIGGY ORDER,410.55,UPI,Food
2025-12-06,ACCOMMODATION PAYMENT TXN16755,3035.63,Net Banking,Rent
2025-12-06,UPI BROADBAND BILL BLR,3525.31,Wallet,Bills
2025-12-06,HOSTEL FEE RENT TXN55270,24380.76,Cash,Rent
2025-12-06,DOMINOS PIZZA,1642.94,Cash,Food
2025-12-06,UPI ACCOMMODATION PAYMENT GUNTUR,10533.74,Net Banking,Rent
2025-12-06,UPI JIO RECHARGE CHENNAI,1241.19,Net Banking,Bills
2025-12-06,UBER TRIP,552.3,Debit Card,Transport
2025-12-06,UPI NETFLIX SUBSCRIPTION BLR,1727.98,UPI,Entertainment
2025-12-06,GIFT PURCHASE,1287.32,Credit Card,Other
2025-12-07,ACCOMMODATION PAYMENT,24647.25,Wallet,Rent
2025-12-07,NETFLIX SUBSCRIPTION,601.79,Debit Card,Entertainment
2025-12-07,UPI FLIPKART ORDER VIJAYAWADA,354.91,UPI,Shopping
2025-12-07,RAILWAY TICKET TXN45311,134.64,Wallet,Transport
2025-12-07,HEALTH CHECKUP,8191.37,UPI,Healthcare
2025-12-07,RAILWAY TICKET TXN84576,2256.39,Net Banking,Transport
2025-12-07,MONTHLY RENT,10226.87,Debit Card,Rent
2025-12-07,GAME PURCHASE TXN64232,1311.46,Cash,Entertainment
2025-12-07,INDIAN OIL PETROL,1001.35,Credit Card,Transport
2025-12-07,ATM FEE,3407.2,Debit Card,Other
2025-12-07,EXAM FEE,11684.6,Net Banking,Education
2025-12-07,ELECTRONICS STORE,9479.11,Wallet,Shopping
2025-12-07,ENTERTAINMENT EVENT REF365166,673.83,Wallet,Entertainment
2025-12-07,UPI STATIONERY STORE CHENNAI,20660.06,Wallet,Education
2025-12-07,STATIONERY STORE,9399.34,Net Banking,Education
2025-12-07,DOCTOR CONSULTATION REF164234,4053.03,UPI,Healthcare
2025-12-07,APOLLO PHARMACY TXN74856,8852.88,UPI,Healthcare
2025-12-08,SHOPPING MALL TXN98367,13417.07,Cash,Shopping
2025-12-08,ELECTRICITY BILL TXN17746,788.48,Debit Card,Bills
2025-12-08,MEESHO ORDER TXN29192,12606.79,Credit Card,Shopping
2025-12-08,ATM FEE TXN71292,7734.67,UPI,Other
2025-12-08,JIO RECHARGE REF166906,2904.62,Net Banking,Bills
2025-12-08,YOUTUBE PREMIUM,3056.6,Net Banking,Entertainment
2025-12-08,AMAZON PURCHASE,5288.33,Credit Card,Shopping
2025-12-08,HOSTEL FEE RENT REF928357,14209.19,Cash,Rent
2025-12-08,WATER BILL REF857917,3595.91,Wallet,Bills
2025-12-08,UPI HOSTEL FEE RENT HYD,16768.56,Debit Card,Rent
2025-12-08,ROOM RENT,4296.48,Debit Card,Rent
2025-12-09,ENTERTAINMENT EVENT TXN78073,1482.98,UPI,Entertainment
2025-12-09,UPI BANK CHARGE GUNTUR,3431.68,Credit Card,Other
2025-12-09,BANK CHARGE,3403.9,Net Banking,Other
2025-12-09,TRAINING PROGRAM REF534079,20709.62,Net Banking,Education
2025-12-09,SHOPPING MALL TXN11772,9277.1,Net Banking,Shopping
2025-12-09,BANK CHARGE TXN69782,5390.93,Debit Card,Other
2025-12-09,YOUTUBE PREMIUM,363.18,UPI,Entertainment
2025-12-09,UPI FIXED DEPOSIT HYD,11165.75,Net Banking,Investment
2025-12-09,GROCERY FOOD STORE,160.75,Debit Card,Food
2025-12-09,GAS BILL PAYMENT TXN42202,787.03,Wallet,Bills
2025-12-09,CAFE COFFEE DAY,1535.34,Wallet,Food
2025-12-10,UPI RECURRING DEPOSIT HYD,29762.56,Wallet,Investment
2025-12-10,UPI TRANSFER,261.45,Credit Card,Other
2025-12-10,UPI BUS TICKET GUNTUR,1362.83,Credit Card,Transport
2025-12-10,UPI RECURRING DEPOSIT VIJAYAWADA,25260.28,Wallet,Investment
2025-12-10,UPI MOVIE TICKET CHENNAI,1464.13,Debit Card,Entertainment
2025-12-10,METRO TICKET TXN97643,1490.59,UPI,Transport
2025-12-10,UPI ELECTRICITY BILL VIJAYAWADA,989.58,Net Banking,Bills
2025-12-10,MEDPLUS PHARMACY TXN75499,4872.09,Debit Card,Healthcare
2025-12-10,STATIONERY STORE REF378095,5321.14,UPI,Education
2025-12-10,MONTHLY RENT,5044.34,Cash,Rent
2025-12-10,SPOTIFY PREMIUM TXN67031,2156.58,Cash,Entertainment
2025-12-10,MOBILE POSTPAID BILL REF411445,820.99,Debit Card,Bills
2025-12-10,ATM FEE,5308.63,Wallet,Other
2025-12-11,UPI HOUSE RENT VIJAYAWADA,24864.05,Net Banking,Rent
2025-12-11,RAILWAY TICKET,1947.91,Credit Card,Transport
2025-12-11,PETROL PUMP TXN25328,573.64,Debit Card,Transport
2025-12-11,APOLLO PHARMACY,8425.98,Debit Card,Healthcare
2025-12-11,PETROL PUMP REF492024,2430.56,Net Banking,Transport
2025-12-11,ACCOMMODATION PAYMENT TXN90785,17507.29,Cash,Rent
2025-12-11,HOTSTAR SUBSCRIPTION,2578.09,Wallet,Entertainment
2025-12-11,APOLLO PHARMACY REF333159,1374.27,Debit Card,Healthcare
2025-12-11,ELECTRICITY BILL,3118.75,UPI,Bills
2025-12-11,PG RENT PAYMENT TXN22730,10260.57,UPI,Rent
2025-12-12,PVR CINEMAS,462.86,UPI,Entertainment
2025-12-12,UPI PERSONAL TRANSFER BLR,3368.58,Wallet,Other
2025-12-12,BANK CHARGE TXN52030,6051.95,Debit Card,Other
2025-12-12,UPI HEALTH CHECKUP CHENNAI,3115.6,Net Banking,Healthcare
2025-12-12,UPI APOLLO PHARMACY CHENNAI,5059.44,Wallet,Healthcare
2025-12-12,ATM FEE TXN51151,3713.04,Net Banking,Other
2025-12-12,PETROL PUMP REF289440,2590.15,Debit Card,Transport
2025-12-12,DOCTOR CONSULTATION,6518.53,Credit Card,Healthcare
2025-12-12,DIAGNOSTIC LAB,5048.49,Net Banking,Healthcare
2025-12-12,UPI UPI TRANSFER BLR,1599.8,Net Banking,Other
2025-12-12,UPI MISCELLANEOUS PAYMENT GUNTUR,2098.59,Credit Card,Other
2025-12-13,ATM FEE TXN96692,1366.59,UPI,Other
2025-12-13,UPI MUTUAL FUND INVESTMENT BLR,28166.35,Cash,Investment
2025-12-13,DIAGNOSTIC LAB TXN59541,7339.03,UPI,Healthcare
2025-12-13,BROADBAND BILL,2235.9,Cash,Bills
2025-12-13,UPI AMAZON PURCHASE BLR,1386.05,Wallet,Shopping
2025-12-13,ONLINE COURSE PAYMENT,1354.99,Net Banking,Education
2025-12-13,JIO RECHARGE,5495.2,Cash,Bills
2025-12-13,ROOM RENT,16750.61,Debit Card,Rent
2025-12-13,UPI TRANSFER REF256397,4555.47,Debit Card,Other
2025-12-13,DOMINOS PIZZA,709.52,Net Banking,Food
2025-12-13,ACCOMMODATION PAYMENT TXN83857,21337.52,UPI,Rent
2025-12-14,APOLLO PHARMACY,135.67,Wallet,Healthcare
2025-12-14,AMAZON PURCHASE TXN37028,5986.81,Credit Card,Shopping
2025-12-14,INDEX FUND SIP,10754.04,Cash,Investment
2025-12-14,ATM FEE TXN80073,4031.3,Cash,Other
2025-12-14,HOSTEL FEE RENT,7277.58,Net Banking,Rent
2025-12-14,DOCTOR CONSULTATION REF303403,980.72,Debit Card,Healthcare
2025-12-14,NETFLIX SUBSCRIPTION REF301762,2167.87,Net Banking,Entertainment
2025-12-14,MEDPLUS PHARMACY REF272769,2831.83,Debit Card,Healthcare
2025-12-14,INDIAN OIL PETROL,1717.47,UPI,Transport
2025-12-14,YOUTUBE PREMIUM,1047.75,Debit Card,Entertainment
2025-12-14,INOX MOVIES REF829062,2720.1,Net Banking,Entertainment
2025-12-14,SPOTIFY PREMIUM TXN99094,3271.32,Cash,Entertainment
2025-12-14,UPI RELIANCE TRENDS CHENNAI,4716.4,Wallet,Shopping
2025-12-15,YOUTUBE PREMIUM REF775945,3571.54,Net Banking,Entertainment
2025-12-15,UPI MISCELLANEOUS PAYMENT CHENNAI,3370.77,Credit Card,Other
2025-12-15,UPI ACCOMMODATION PAYMENT VIJAYAWADA,6535.47,Net Banking,Rent
2025-12-15,KFC RESTAURANT REF486265,472.53,Cash,Food
2025-12-15,UPI TRANSFER REF573014,4011.17,Net Banking,Other
2025-12-15,INOX MOVIES,727.24,Credit Card,Entertainment
2025-12-15,BUS TICKET,176.94,UPI,Transport
2025-12-15,ACCOMMODATION PAYMENT TXN62278,22889.07,Wallet,Rent
2025-12-15,MISCELLANEOUS PAYMENT,9482.85,Credit Card,Other
2025-12-15,HOUSE RENT,8369.6,UPI,Rent
2025-12-15,UPI BANK CHARGE GUNTUR,7140.62,Credit Card,Other
2025-12-15,HP FUEL STATION REF458409,2767.24,Wallet,Transport
2025-12-15,UPI BUS TICKET GUNTUR,102.76,Cash,Transport
2025-12-15,SPOTIFY PREMIUM,622.42,Cash,Entertainment
2025-12-16,PERSONAL TRANSFER TXN88934,7117.67,Debit Card,Other
2025-12-16,BAKERY PURCHASE,691.68,Net Banking,Food
2025-12-16,APOLLO PHARMACY,751.57,Credit Card,Healthcare
2025-12-16,GIFT PURCHASE REF235863,2573.81,Net Banking,Other
2025-12-16,INVESTMENT ACCOUNT,2815.96,Wallet,Investment
2025-12-16,YOUTUBE PREMIUM TXN82096,3957.72,Credit Card,Entertainment
2025-12-16,METRO TICKET,256.14,Net Banking,Transport
2025-12-16,AJIO PURCHASE,3231.92,Credit Card,Shopping
2025-12-17,APARTMENT RENT TXN59485,23123.7,Debit Card,Rent
2025-12-17,MYNTRA SHOPPING REF552067,1247.37,Cash,Shopping
2025-12-17,UPI HOSTEL FEE RENT BLR,15119.97,Debit Card,Rent
2025-12-17,UPI COURSERA COURSE BLR,24899.56,Credit Card,Education
2025-12-17,MEESHO ORDER,9947.78,Cash,Shopping
2025-12-17,BOOK STORE TXN24140,12231.35,Credit Card,Education
2025-12-17,YOUTUBE PREMIUM REF655781,2200.93,Credit Card,Entertainment
2025-12-17,GROCERY FOOD STORE REF877039,1433.53,Cash,Food
2025-12-17,BAKERY PURCHASE REF767427,1530.74,Cash,Food
2025-12-18,UPI MISCELLANEOUS PAYMENT VIJAYAWADA,364.13,UPI,Other
2025-12-18,CLOTHING STORE REF347061,14175.76,Net Banking,Shopping
2025-12-18,CERTIFICATION EXAM,17792.45,UPI,Education
2025-12-18,UPI AIRTEL RECHARGE HYD,4263.3,Net Banking,Bills
2025-12-18,STOCK INVESTMENT,6757.33,UPI,Investment
2025-12-18,GIFT PURCHASE,213.19,UPI,Other
2025-12-18,FIXED DEPOSIT TXN78039,15931.54,Cash,Investment
2025-12-18,UPI CASH WITHDRAWAL HYD,2335.89,Cash,Other
2025-12-18,UPI MCDONALDS ORDER CHENNAI,936.98,Net Banking,Food
2025-12-18,MEDPLUS PHARMACY,5845.83,Cash,Healthcare
2025-12-18,MOBILE POSTPAID BILL REF147489,2599.81,UPI,Bills
2025-12-18,CASH WITHDRAWAL,2695.83,Wallet,Other
2025-12-19,HOSTEL RENT REF444722,3817.12,UPI,Rent
2025-12-19,EXAM FEE TXN81786,13097.43,UPI,Education
2025-12-19,JIO RECHARGE,1269.77,Debit Card,Bills
2025-12-19,UPI ELECTRICITY BILL GUNTUR,885.97,Net Banking,Bills
2025-12-19,DMART PURCHASE TXN37460,10085.61,Wallet,Shopping
2025-12-19,UPI LIBRARY FEE GUNTUR,4064.03,UPI,Education
2025-12-19,DIAGNOSTIC LAB TXN38594,1106.11,Cash,Healthcare
2025-12-19,MOBILE POSTPAID BILL,142.2,UPI,Bills
2025-12-19,GROCERY FOOD STORE TXN67569,769.87,UPI,Food
2025-12-19,RECURRING DEPOSIT,22047.13,Credit Card,Investment
2025-12-19,DMART PURCHASE,6336.6,UPI,Shopping
2025-12-19,COLLEGE FEE,22968.39,UPI,Education
2025-12-20,MUTUAL FUND INVESTMENT REF290339,19439.92,Net Banking,Investment
2025-12-20,UPI TRANSFER TXN51222,4838.35,Debit Card,Other
2025-12-20,UPI DIAGNOSTIC LAB CHENNAI,2210.75,Credit Card,Healthcare
2025-12-20,UPI BANK CHARGE CHENNAI,4491.07,Debit Card,Other
2025-12-20,UPI RECURRING DEPOSIT GUNTUR,25531.77,Wallet,Investment
2025-12-20,KFC RESTAURANT TXN80084,153.36,Wallet,Food
2025-12-20,YOUTUBE PREMIUM TXN40637,3767.12,Wallet,Entertainment
2025-12-20,TEA SHOP UPI,54.84,UPI,Food
2025-12-20,UPI INVESTMENT ACCOUNT CHENNAI,28369.86,Wallet,Investment
2025-12-20,GROCERY FOOD STORE,1028.15,Net Banking,Food
2025-12-20,RAPIDO RIDE TXN47451,58.53,Debit Card,Transport
2025-12-20,LIBRARY FEE,8336.7,Net Banking,Education
2025-12-20,CLOTHING STORE,3238.88,Net Banking,Shopping
2025-12-21,UPI TRANSFER,8133.13,Cash,Other
2025-12-21,HOUSE RENT TXN50607,15157.77,Net Banking,Rent
2025-12-21,DIAGNOSTIC LAB,3333.76,Net Banking,Healthcare
2025-12-21,CERTIFICATION EXAM,524.73,Wallet,Education
2025-12-21,RELIANCE TRENDS,13439.5,Net Banking,Shopping
2025-12-21,ATM FEE,202.9,UPI,Other
2025-12-21,GAME PURCHASE REF374492,3122.14,Net Banking,Entertainment
2025-12-21,PHARMACY UPI,4293.04,Wallet,Healthcare
2025-12-21,UDEMY COURSE REF711087,801.16,Wallet,Education
2025-12-22,METRO TICKET,1642.13,Cash,Transport
2025-12-22,CAFE COFFEE DAY TXN32972,1184.3,UPI,Food
2025-12-22,ENTERTAINMENT EVENT,420.31,Debit Card,Entertainment
2025-12-22,DMART PURCHASE REF122977,2300.91,Debit Card,Shopping
2025-12-22,CERTIFICATION EXAM,22341.33,UPI,Education
2025-12-22,UPI CLOTHING STORE HYD,3312.01,UPI,Shopping
2025-12-22,DOCTOR CONSULTATION REF427398,8981.25,UPI,Healthcare
2025-12-22,UPI RECURRING DEPOSIT GUNTUR,23249.64,Debit Card,Investment
2025-12-22,UDEMY COURSE,3137.26,Debit Card,Education
2025-12-23,PG RENT PAYMENT,6730.76,Cash,Rent
2025-12-23,UPI DOCTOR CONSULTATION GUNTUR,628.02,Credit Card,Healthcare
2025-12-23,DENTAL CLINIC REF555560,1210.73,Debit Card,Healthcare
2025-12-23,UPI RECURRING DEPOSIT HYD,6856.27,Credit Card,Investment
2025-12-23,INDEX FUND SIP,20491.37,Credit Card,Investment
2025-12-23,HOSPITAL PAYMENT,1236.04,Wallet,Healthcare
2025-12-23,MUTUAL FUND INVESTMENT REF463473,27062.55,Cash,Investment
2025-12-23,MUTUAL FUND INVESTMENT TXN15027,13284.64,Cash,Investment
2025-12-23,UPI TRANSFER,5249.02,Wallet,Other
2025-12-23,UPI COLLEGE FEE BLR,8160.78,Net Banking,Education
2025-12-24,UPI HOSTEL RENT CHENNAI,15664.37,Wallet,Rent
2025-12-24,UPI MONTHLY RENT GUNTUR,14662.4,UPI,Rent
2025-12-24,METRO TICKET,2803.66,Credit Card,Transport
2025-12-24,CERTIFICATION EXAM,1773.77,Wallet,Education
2025-12-24,HP FUEL STATION,849.57,Cash,Transport
2025-12-24,UPI ROOM RENT BLR,12545.22,Credit Card,Rent
2025-12-24,PERSONAL TRANSFER TXN14278,2353.19,Credit Card,Other
2025-12-24,INVESTMENT ACCOUNT,23330.63,Net Banking,Investment
2025-12-24,JIO RECHARGE,307.23,Debit Card,Bills
2025-12-24,INVESTMENT ACCOUNT,27637.57,Cash,Investment
2025-12-24,CERTIFICATION EXAM,9214.68,Debit Card,Education
2025-12-24,INDEX FUND SIP,18429.96,Cash,Investment
2025-12-24,TATA PLAY RECHARGE REF952624,2232.34,Wallet,Bills
2025-12-25,CERTIFICATION EXAM,14347.5,Net Banking,Education
2025-12-25,VI MOBILE RECHARGE TXN36548,5276.84,Net Banking,Bills
2025-12-25,COLLEGE FEE TXN63603,10272.36,Cash,Education
2025-12-25,UPI MUTUAL FUND INVESTMENT BLR,13824.27,UPI,Investment
2025-12-25,DMART PURCHASE TXN93351,2956.6,Credit Card,Shopping
2025-12-25,UPI FLIPKART ORDER GUNTUR,3816.75,Net Banking,Shopping
2025-12-25,INDIAN OIL PETROL,2277.65,Cash,Transport
2025-12-25,UPI AMAZON PRIME HYD,1414.09,Cash,Entertainment
2025-12-25,PHARMACY UPI REF430350,2567.98,UPI,Healthcare
2025-12-25,TATA PLAY RECHARGE,5681.26,UPI,Bills
2025-12-25,UPI STATIONERY STORE GUNTUR,18657.5,Net Banking,Education
2025-12-26,ROOM RENT,15588.18,Credit Card,Rent
2025-12-26,UPI INOX MOVIES GUNTUR,1788.17,Credit Card,Entertainment
2025-12-26,UPI GROCERY FOOD STORE VIJAYAWADA,1114.8,Debit Card,Food
2025-12-26,UBER TRIP,678.7,Debit Card,Transport
2025-12-26,GAS BILL PAYMENT TXN86955,1958.94,UPI,Bills
2025-12-26,SWIGGY ORDER REF777513,87.94,Cash,Food
2025-12-26,GAS BILL PAYMENT REF533093,3033.61,Wallet,Bills
2025-12-26,DENTAL CLINIC REF925751,4071.24,UPI,Healthcare
2025-12-26,FIXED DEPOSIT,24617.75,Net Banking,Investment
2025-12-26,UPI GROCERY FOOD STORE BLR,1166.65,UPI,Food
2025-12-27,APARTMENT RENT,14041.19,Debit Card,Rent
2025-12-27,ELECTRICITY BILL TXN12491,172.66,Credit Card,Bills
2025-12-27,DONATION PAYMENT TXN82415,8074.58,Credit Card,Other
2025-12-27,MEDICAL STORE,8480.93,Credit Card,Healthcare
2025-12-27,SPOTIFY PREMIUM,2082.82,UPI,Entertainment
2025-12-27,HOSTEL FEE RENT,6706.03,Wallet,Rent
2025-12-27,RELIANCE TRENDS,7619.04,Cash,Shopping
2025-12-27,UPI KFC RESTAURANT VIJAYAWADA,1026.19,Net Banking,Food
2025-12-27,MEESHO ORDER REF445512,9354.16,Wallet,Shopping
2025-12-27,RELIANCE TRENDS,7755.95,Debit Card,Shopping
2025-12-27,INDIAN OIL PETROL REF637560,2189.56,Debit Card,Transport
2025-12-27,RECURRING DEPOSIT TXN54123,22110.6,Wallet,Investment
2025-12-27,KFC RESTAURANT REF895262,541.99,Credit Card,Food
2025-12-28,UPI TRAINING PROGRAM CHENNAI,5851.14,Debit Card,Education
2025-12-28,UPI RAILWAY TICKET BLR,2563.25,Cash,Transport
2025-12-28,ACT FIBERNET,169.91,Cash,Bills
2025-12-28,MCDONALDS ORDER TXN37750,1085.47,Cash,Food
2025-12-28,CAFE COFFEE DAY,1766.62,Debit Card,Food
2025-12-28,UPI UDEMY COURSE BLR,2744.64,Net Banking,Education
2025-12-28,CASH WITHDRAWAL REF728412,6924.2,Cash,Other
2025-12-28,UPI WATER BILL GUNTUR,4826.16,Credit Card,Bills
2025-12-28,MONTHLY RENT REF414849,3983.03,UPI,Rent
2025-12-28,COURSERA COURSE,6119.0,UPI,Education
2025-12-28,CLOTHING STORE,8538.01,Net Banking,Shopping
2025-12-28,MEESHO ORDER TXN42742,9712.0,Net Banking,Shopping
2025-12-28,ZOMATO FOOD ORDER REF562886,1121.27,Debit Card,Food
2025-12-29,UPI SPOTIFY PREMIUM HYD,450.31,Cash,Entertainment
2025-12-29,EYE HOSPITAL REF167260,8317.5,UPI,Healthcare
2025-12-29,RECURRING DEPOSIT,25890.87,Wallet,Investment
2025-12-29,UPI AMAZON PURCHASE VIJAYAWADA,6331.37,Credit Card,Shopping
2025-12-29,YOUTUBE PREMIUM REF414984,3897.79,Wallet,Entertainment
2025-12-30,CERTIFICATION EXAM,1096.32,Wallet,Education
2025-12-30,TRAINING PROGRAM,19608.33,Credit Card,Education
2025-12-30,UPI MONTHLY RENT VIJAYAWADA,13387.72,Debit Card,Rent
2025-12-30,YOUTUBE PREMIUM REF358477,309.2,Debit Card,Entertainment
2025-12-30,ACCOMMODATION PAYMENT,4934.92,UPI,Rent
2025-12-30,ACCOMMODATION PAYMENT,24265.87,Credit Card,Rent
2025-12-30,APARTMENT RENT,11783.26,Net Banking,Rent
2025-12-30,CAFE COFFEE DAY REF600408,1339.17,Debit Card,Food
2025-12-30,PG RENT PAYMENT,11127.65,Net Banking,Rent
2025-12-30,EYE HOSPITAL TXN69445,4073.63,Wallet,Healthcare
2025-12-30,AMAZON PURCHASE TXN42266,11806.34,Wallet,Shopping
2025-12-31,UPI SPOTIFY PREMIUM GUNTUR,2883.13,Cash,Entertainment
2025-12-31,FLIPKART ORDER,2534.39,Debit Card,Shopping
2025-12-31,MONTHLY RENT TXN53559,20983.72,Wallet,Rent
2025-12-31,MYNTRA SHOPPING,11695.95,Debit Card,Shopping
2025-12-31,DENTAL CLINIC REF392280,8457.96,Debit Card,Healthcare
2025-12-31,YOUTUBE PREMIUM,561.32,Debit Card,Entertainment
2025-12-31,UPI OLA CAB VIJAYAWADA,487.87,Net Banking,Transport
2025-12-31,AMAZON PURCHASE TXN57770,823.63,Cash,Shopping
2025-12-31,UPI AJIO PURCHASE CHENNAI,7545.62,UPI,Shopping
2025-12-31,UBER TRIP TXN13779,1850.37,Debit Card,Transport
2025-12-31,BAKERY PURCHASE TXN67109,58.89,Credit Card,Food
2026-01-01,EXAM FEE TXN96331,23464.68,Credit Card,Education
2026-01-01,AMAZON PURCHASE,12066.42,Wallet,Shopping
2026-01-01,GIFT PURCHASE,5913.85,Cash,Other
2026-01-01,COURSERA COURSE TXN15513,7262.0,UPI,Education
2026-01-01,ACCOMMODATION PAYMENT REF685362,10123.88,Net Banking,Rent
2026-01-01,CLOTHING STORE,10172.08,Cash,Shopping
2026-01-01,GAS BILL PAYMENT REF162387,3766.17,Cash,Bills
2026-01-01,RESTAURANT PAYMENT TXN45747,1577.61,Cash,Food
2026-01-01,GROCERY FOOD STORE,705.04,Net Banking,Food
2026-01-02,UPI ACT FIBERNET VIJAYAWADA,3123.93,Credit Card,Bills
2026-01-02,UPI BROADBAND BILL BLR,2554.3,Wallet,Bills
2026-01-02,GAS BILL PAYMENT,500.87,Cash,Bills
2026-01-02,AJIO PURCHASE TXN33990,8192.85,UPI,Shopping
2026-01-02,SHOPPING MALL,2103.87,Net Banking,Shopping
2026-01-02,INOX MOVIES,1056.95,Debit Card,Entertainment
2026-01-02,ACT FIBERNET TXN81714,5715.83,UPI,Bills
2026-01-02,TEA SHOP UPI TXN64959,539.88,UPI,Food
2026-01-02,DOCTOR CONSULTATION,6898.99,UPI,Healthcare
2026-01-02,UPI HEALTH CHECKUP HYD,2733.55,Net Banking,Healthcare
2026-01-02,MEDPLUS PHARMACY,7862.7,Net Banking,Healthcare
2026-01-02,DMART PURCHASE,5155.44,Debit Card,Shopping
2026-01-02,DOMINOS PIZZA REF672145,67.9,UPI,Food
2026-01-03,UPI DOCTOR CONSULTATION CHENNAI,5784.76,Debit Card,Healthcare
2026-01-03,MEESHO ORDER TXN78893,11610.7,Cash,Shopping
2026-01-03,INOX MOVIES,2517.47,Net Banking,Entertainment
2026-01-03,STOCK INVESTMENT,11452.78,Credit Card,Investment
2026-01-03,DENTAL CLINIC,4472.01,UPI,Healthcare
2026-01-03,OLA CAB,1462.63,Cash,Transport
2026-01-03,MEDICAL STORE TXN57684,3694.39,UPI,Healthcare
2026-01-03,MEDICAL STORE REF262913,6665.31,Wallet,Healthcare
2026-01-04,NETFLIX SUBSCRIPTION,1815.5,UPI,Entertainment
2026-01-04,UPI DENTAL CLINIC GUNTUR,5115.01,Wallet,Healthcare
2026-01-04,STOCK INVESTMENT TXN46930,18342.48,Credit Card,Investment
2026-01-04,DOMINOS PIZZA,295.79,Wallet,Food
2026-01-04,UPI CAFE COFFEE DAY HYD,499.71,UPI,Food
2026-01-04,APOLLO PHARMACY,3568.82,Wallet,Healthcare
2026-01-04,UPI SIP INVESTMENT CHENNAI,532.15,Cash,Investment
2026-01-04,METRO TICKET TXN94805,146.83,Debit Card,Transport
2026-01-04,SHOPPING MALL TXN42195,5935.29,Credit Card,Shopping
2026-01-05,UPI FLIPKART ORDER BLR,10908.24,Net Banking,Shopping
2026-01-05,CERTIFICATION EXAM REF219106,10093.67,Debit Card,Education
2026-01-05,UPI GOLD SAVINGS HYD,3011.73,UPI,Investment
2026-01-05,CASH WITHDRAWAL,418.2,Wallet,Other
2026-01-05,PERSONAL TRANSFER,8651.41,Cash,Other
2026-01-05,OLA CAB TXN69230,803.9,Cash,Transport
2026-01-05,UPI INDIAN OIL PETROL BLR,378.53,Cash,Transport
2026-01-05,PVR CINEMAS,1143.5,Credit Card,Entertainment
2026-01-05,HOUSE RENT TXN68473,5968.02,Net Banking,Rent
2026-01-05,AMAZON PRIME,1895.39,Wallet,Entertainment
2026-01-05,COURSERA COURSE,16242.3,Debit Card,Education
2026-01-05,TEA SHOP UPI,461.31,Credit Card,Food
2026-01-06,CASH WITHDRAWAL TXN35085,7969.17,UPI,Other
2026-01-06,APARTMENT RENT,20643.38,UPI,Rent
2026-01-06,UPI GROCERY FOOD STORE BLR,808.01,Cash,Food
2026-01-06,HOUSE RENT,11014.59,Debit Card,Rent
2026-01-06,UPI AJIO PURCHASE GUNTUR,9460.77,UPI,Shopping
2026-01-06,CAFE COFFEE DAY TXN99448,1185.54,Credit Card,Food
2026-01-06,AIRTEL RECHARGE REF412856,2831.72,Cash,Bills
2026-01-06,HOSTEL RENT TXN19532,9877.56,Net Banking,Rent
2026-01-06,ACCOMMODATION PAYMENT,3009.34,Net Banking,Rent
2026-01-06,ROOM RENT REF815136,10797.07,Credit Card,Rent
2026-01-06,INDEX FUND SIP,1325.69,Credit Card,Investment
2026-01-06,ELECTRONICS STORE,1385.76,Cash,Shopping
2026-01-06,HEALTH CHECKUP,4295.97,Cash,Healthcare
2026-01-07,STOCK INVESTMENT,16134.05,Wallet,Investment
2026-01-07,PETROL PUMP,2439.18,UPI,Transport
2026-01-07,MONTHLY RENT,13455.01,Cash,Rent
2026-01-07,APOLLO PHARMACY,8740.73,Wallet,Healthcare
2026-01-07,SPOTIFY PREMIUM TXN42540,1722.82,Credit Card,Entertainment
2026-01-07,HEALTH CHECKUP,4364.83,Wallet,Healthcare
2026-01-07,VI MOBILE RECHARGE TXN37047,3047.6,Net Banking,Bills
2026-01-08,UPI GOLD SAVINGS VIJAYAWADA,15162.73,Wallet,Investment
2026-01-08,DONATION PAYMENT TXN71903,6867.55,Wallet,Other
2026-01-08,ZOMATO FOOD ORDER,729.19,Wallet,Food
2026-01-08,UDEMY COURSE,711.29,UPI,Education
2026-01-08,DOMINOS PIZZA TXN29758,215.62,Wallet,Food
2026-01-08,YOUTUBE PREMIUM,1354.81,Credit Card,Entertainment
2026-01-08,GOLD SAVINGS,4842.54,Debit Card,Investment
2026-01-08,UPI PG RENT PAYMENT HYD,19117.62,Net Banking,Rent
2026-01-08,DOMINOS PIZZA,1430.15,Wallet,Food
2026-01-08,UPI ENTERTAINMENT EVENT VIJAYAWADA,3705.47,UPI,Entertainment
2026-01-08,AMAZON PURCHASE REF779885,334.05,Net Banking,Shopping
2026-01-08,UPI MEDPLUS PHARMACY BLR,6049.89,Cash,Healthcare
2026-01-08,UPI SPOTIFY PREMIUM GUNTUR,3741.56,Credit Card,Entertainment
2026-01-09,ACCOMMODATION PAYMENT REF501938,15677.02,Debit Card,Rent
2026-01-09,COURSERA COURSE,19061.31,Net Banking,Education
2026-01-09,UPI TRAINING PROGRAM VIJAYAWADA,18647.14,Credit Card,Education
2026-01-09,APOLLO PHARMACY TXN13954,1208.94,Debit Card,Healthcare
2026-01-09,ZOMATO FOOD ORDER,291.68,Net Banking,Food
2026-01-09,COLLEGE FEE REF230145,15381.06,Cash,Education
2026-01-09,UDEMY COURSE TXN42709,8600.65,UPI,Education
2026-01-09,AMAZON PRIME REF754558,3792.44,Credit Card,Entertainment
2026-01-09,MEESHO ORDER REF180244,1200.96,Wallet,Shopping
2026-01-09,HOSTEL FEE RENT TXN67486,6887.89,Cash,Rent
2026-01-09,INDEX FUND SIP TXN72411,3379.88,Wallet,Investment
2026-01-09,UDEMY COURSE,6643.79,UPI,Education
2026-01-09,HOSPITAL PAYMENT REF473526,2599.09,UPI,Healthcare
2026-01-10,BOOK STORE REF526400,21384.86,UPI,Education
2026-01-10,STOCK INVESTMENT,7213.57,Wallet,Investment
2026-01-10,DIAGNOSTIC LAB,4522.79,Wallet,Healthcare
2026-01-10,FLIPKART ORDER,1979.04,UPI,Shopping
2026-01-10,UPI AJIO PURCHASE VIJAYAWADA,4944.27,Wallet,Shopping
2026-01-10,METRO TICKET REF970161,2413.46,Credit Card,Transport
2026-01-10,VI MOBILE RECHARGE REF824709,1718.41,UPI,Bills
2026-01-10,BAKERY PURCHASE,706.17,Cash,Food
2026-01-10,GIFT PURCHASE TXN44595,9583.05,Cash,Other
2026-01-10,HOTSTAR SUBSCRIPTION,2919.23,Debit Card,Entertainment
2026-01-11,UPI AUTO RICKSHAW UPI GUNTUR,2288.13,Net Banking,Transport
2026-01-11,UDEMY COURSE,23584.74,Debit Card,Education
2026-01-11,ELECTRONICS STORE,4041.36,Wallet,Shopping
2026-01-11,UPI ROOM RENT GUNTUR,15356.51,Debit Card,Rent
2026-01-11,KFC RESTAURANT TXN70338,192.23,Debit Card,Food
2026-01-11,NETFLIX SUBSCRIPTION,3816.09,Cash,Entertainment
2026-01-11,DOMINOS PIZZA REF438542,1557.43,Net Banking,Food
2026-01-11,UPI MOBILE POSTPAID BILL VIJAYAWADA,3082.29,Debit Card,Bills
2026-01-11,WATER BILL,1609.3,Debit Card,Bills
2026-01-11,SIP INVESTMENT,21754.23,Credit Card,Investment
2026-01-11,JIO RECHARGE,3185.53,Wallet,Bills
2026-01-12,PETROL PUMP REF714987,2691.3,Debit Card,Transport
2026-01-12,UPI HOSPITAL PAYMENT GUNTUR,9326.16,Debit Card,Healthcare
2026-01-12,UPI APARTMENT RENT HYD,14686.49,Cash,Rent
2026-01-12,UBER TRIP,1023.44,Wallet,Transport
2026-01-12,COURSERA COURSE TXN34704,23441.52,UPI,Education
2026-01-12,CLOTHING STORE TXN56581,6373.0,Cash,Shopping
2026-01-12,APARTMENT RENT TXN88128,5633.42,Net Banking,Rent
2026-01-12,BANK CHARGE,2854.88,Credit Card,Other
2026-01-12,ELECTRICITY BILL,561.17,Net Banking,Bills
2026-01-12,CAFE COFFEE DAY TXN58193,1287.0,Net Banking,Food
2026-01-13,SWIGGY ORDER,1049.74,Cash,Food
2026-01-13,AMAZON PURCHASE,9421.5,Wallet,Shopping
2026-01-13,STATIONERY STORE TXN32856,2375.12,Credit Card,Education
2026-01-13,AJIO PURCHASE TXN63495,1627.92,UPI,Shopping
2026-01-13,ROOM RENT TXN96324,22840.06,Cash,Rent
2026-01-13,GAME PURCHASE,685.85,Net Banking,Entertainment
2026-01-13,RECURRING DEPOSIT TXN44681,17980.37,Debit Card,Investment
2026-01-13,ACT FIBERNET,3522.87,Credit Card,Bills
2026-01-13,INDEX FUND SIP,16734.31,Net Banking,Investment
2026-01-13,DOCTOR CONSULTATION,8420.52,Net Banking,Healthcare
2026-01-13,ACT FIBERNET,292.34,Debit Card,Bills
2026-01-13,UPI HOSTEL FEE RENT HYD,4248.56,Wallet,Rent
2026-01-14,APOLLO PHARMACY,5206.07,Wallet,Healthcare
2026-01-14,UPI MCDONALDS ORDER GUNTUR,123.08,Debit Card,Food
2026-01-14,BROADBAND BILL,4302.38,Cash,Bills
2026-01-14,DOMINOS PIZZA REF274587,398.78,Net Banking,Food
2026-01-14,HOSTEL RENT REF705912,12403.97,Credit Card,Rent
2026-01-14,PVR CINEMAS TXN20577,2755.33,UPI,Entertainment
2026-01-14,BROADBAND BILL,5788.93,Wallet,Bills
2026-01-14,MONTHLY RENT,21684.94,Cash,Rent
2026-01-14,UPI MCDONALDS ORDER VIJAYAWADA,1010.41,Cash,Food
2026-01-14,FLIPKART ORDER,1509.13,Debit Card,Shopping
2026-01-14,HEALTH CHECKUP REF187203,6924.04,Credit Card,Healthcare
2026-01-15,DOCTOR CONSULTATION,8147.07,Net Banking,Healthcare
2026-01-15,COURSERA COURSE TXN52719,13347.27,Wallet,Education
2026-01-15,UPI MEDICAL STORE CHENNAI,607.17,Net Banking,Healthcare
2026-01-15,EXAM FEE REF327569,2295.3,Cash,Education
2026-01-15,PERSONAL TRANSFER TXN61514,3897.26,Cash,Other
2026-01-15,ENTERTAINMENT EVENT TXN63950,3034.36,UPI,Entertainment
2026-01-15,APARTMENT RENT,17843.19,Net Banking,Rent
2026-01-15,SHOPPING MALL,12231.17,Cash,Shopping
2026-01-16,AMAZON PRIME,2331.52,Debit Card,Entertainment
2026-01-16,WATER BILL TXN41962,5240.48,Net Banking,Bills
2026-01-16,UPI COLLEGE FEE GUNTUR,8647.55,Wallet,Education
2026-01-16,MOBILE POSTPAID BILL REF171368,5674.71,Wallet,Bills
2026-01-16,ELECTRONICS STORE,7496.31,Wallet,Shopping
2026-01-16,UPI MEDPLUS PHARMACY VIJAYAWADA,1480.4,Debit Card,Healthcare
2026-01-16,EXAM FEE REF219036,15492.98,Debit Card,Education
2026-01-16,TEA SHOP UPI,1723.75,UPI,Food
2026-01-16,BOOK STORE,14792.5,Debit Card,Education
2026-01-16,HP FUEL STATION,2411.63,Net Banking,Transport
2026-01-16,TEA SHOP UPI TXN65620,1481.41,UPI,Food
2026-01-16,DOCTOR CONSULTATION,2781.04,Debit Card,Healthcare
2026-01-16,BROADBAND BILL,1516.93,Cash,Bills
2026-01-17,UPI PVR CINEMAS CHENNAI,3031.02,Debit Card,Entertainment
2026-01-17,RESTAURANT PAYMENT,1675.01,Net Banking,Food
2026-01-17,UPI BAKERY PURCHASE VIJAYAWADA,739.08,UPI,Food
2026-01-17,HOSPITAL PAYMENT,853.78,UPI,Healthcare
2026-01-17,CLOTHING STORE REF656413,4076.83,Debit Card,Shopping
2026-01-17,HOSTEL FEE RENT,7580.27,Cash,Rent
2026-01-17,PERSONAL TRANSFER,2827.75,Net Banking,Other
2026-01-18,RAPIDO RIDE REF254287,2052.88,Wallet,Transport
2026-01-18,DIAGNOSTIC LAB,847.45,Wallet,Healthcare
2026-01-18,PVR CINEMAS REF264637,2535.98,Credit Card,Entertainment
2026-01-18,APARTMENT RENT,18325.01,Cash,Rent
2026-01-18,HP FUEL STATION,2432.37,UPI,Transport
2026-01-18,HOSTEL FEE RENT REF139557,14743.22,Credit Card,Rent
2026-01-18,UPI TRANSFER,5006.66,Debit Card,Other
2026-01-18,MOBILE POSTPAID BILL TXN41619,5565.69,UPI,Bills
2026-01-18,UPI BUS TICKET BLR,1563.4,Net Banking,Transport
2026-01-18,ACT FIBERNET REF488984,359.7,Cash,Bills
2026-01-18,SWIGGY ORDER,1179.83,UPI,Food
2026-01-18,HEALTH CHECKUP,7676.96,Net Banking,Healthcare
2026-01-18,SHOPPING MALL REF340068,5807.74,UPI,Shopping
2026-01-18,ATM FEE,7708.63,UPI,Other
2026-01-19,UPI APARTMENT RENT BLR,5267.1,Cash,Rent
2026-01-19,AMAZON PRIME TXN49801,1093.82,Wallet,Entertainment
2026-01-19,UPI BAKERY PURCHASE VIJAYAWADA,1253.5,Credit Card,Food
2026-01-19,UPI DMART PURCHASE BLR,3835.52,UPI,Shopping
2026-01-19,MEESHO ORDER,3272.0,Wallet,Shopping
2026-01-19,SIP INVESTMENT REF584829,9884.04,Net Banking,Investment
2026-01-19,RELIANCE TRENDS TXN80263,9673.82,Debit Card,Shopping
2026-01-19,UPI TRANSFER,7499.9,Net Banking,Other
2026-01-19,UPI UDEMY COURSE GUNTUR,16289.69,Debit Card,Education
2026-01-19,MCDONALDS ORDER REF757993,896.97,Wallet,Food
2026-01-19,HOSTEL FEE RENT,18251.02,Credit Card,Rent
2026-01-20,BAKERY PURCHASE TXN68466,1104.54,UPI,Food
2026-01-20,EYE HOSPITAL,4662.21,Credit Card,Healthcare
2026-01-20,CLOTHING STORE TXN62545,7005.87,UPI,Shopping
2026-01-20,INVESTMENT ACCOUNT TXN13105,7255.8,Credit Card,Investment
2026-01-20,MISCELLANEOUS PAYMENT REF147111,343.74,Debit Card,Other
2026-01-20,ROOM RENT REF440310,24497.93,Net Banking,Rent
2026-01-20,AUTO RICKSHAW UPI,2199.23,Debit Card,Transport
2026-01-20,INVESTMENT ACCOUNT REF626124,26122.1,Wallet,Investment
2026-01-21,MYNTRA SHOPPING REF560022,2260.97,UPI,Shopping
2026-01-21,CERTIFICATION EXAM,165.77,Wallet,Education
2026-01-21,MISCELLANEOUS PAYMENT,9182.92,UPI,Other
2026-01-21,INVESTMENT ACCOUNT TXN16112,8248.27,Credit Card,Investment
2026-01-21,MOVIE TICKET,2830.14,Debit Card,Entertainment
2026-01-21,MOBILE POSTPAID BILL,810.14,UPI,Bills
2026-01-21,STATIONERY STORE REF844810,14405.61,UPI,Education
2026-01-21,DIAGNOSTIC LAB TXN89466,2220.06,UPI,Healthcare
2026-01-21,MEDICAL STORE REF105010,685.19,Credit Card,Healthcare
2026-01-21,GROCERY FOOD STORE,331.36,Net Banking,Food
2026-01-21,DONATION PAYMENT,5685.79,Net Banking,Other
2026-01-22,GAS BILL PAYMENT,2434.11,UPI,Bills
2026-01-22,OLA CAB TXN53997,1374.27,Credit Card,Transport
2026-01-22,HEALTH CHECKUP,7879.58,Net Banking,Healthcare
2026-01-22,HOUSE RENT TXN70323,5708.38,UPI,Rent
2026-01-22,INVESTMENT ACCOUNT TXN55369,25855.66,Debit Card,Investment
2026-01-22,UPI TRANSFER,1892.58,Cash,Other
2026-01-22,UPI FIXED DEPOSIT GUNTUR,22669.12,Net Banking,Investment
2026-01-22,GIFT PURCHASE TXN33357,6001.87,UPI,Other
2026-01-22,SWIGGY ORDER TXN54213,167.43,Debit Card,Food
2026-01-22,BAKERY PURCHASE REF582557,967.35,UPI,Food
2026-01-22,DONATION PAYMENT,7857.39,Credit Card,Other
2026-01-23,STATIONERY STORE TXN35694,4725.55,UPI,Education
2026-01-23,UPI LIBRARY FEE CHENNAI,17740.48,Cash,Education
2026-01-23,FLIPKART ORDER TXN74336,12036.4,Credit Card,Shopping
2026-01-23,COLLEGE FEE,23170.32,Debit Card,Education
2026-01-23,UPI STOCK INVESTMENT VIJAYAWADA,11674.62,Credit Card,Investment
2026-01-23,PHARMACY UPI REF354533,7350.61,Net Banking,Healthcare
2026-01-23,CLOTHING STORE,12992.47,Net Banking,Shopping
2026-01-23,UPI AMAZON PURCHASE BLR,3843.3,Net Banking,Shopping
2026-01-23,UPI SHOPPING MALL GUNTUR,2916.48,Net Banking,Shopping
2026-01-23,ATM FEE REF750594,8814.43,UPI,Other
2026-01-23,ATM FEE,6179.17,Cash,Other
2026-01-24,APARTMENT RENT TXN64862,11901.18,UPI,Rent
2026-01-24,YOUTUBE PREMIUM,771.11,UPI,Entertainment
2026-01-24,ELECTRICITY BILL TXN90061,3212.18,Credit Card,Bills
2026-01-24,UPI UBER TRIP HYD,2424.11,Net Banking,Transport
2026-01-24,RAILWAY TICKET,2971.34,Net Banking,Transport
2026-01-24,VI MOBILE RECHARGE TXN21858,2317.9,Credit Card,Bills
2026-01-24,JIO RECHARGE REF110113,4366.33,Credit Card,Bills
2026-01-24,VI MOBILE RECHARGE TXN67264,1179.79,Wallet,Bills
2026-01-24,UPI CERTIFICATION EXAM HYD,4357.7,Cash,Education
2026-01-24,LIBRARY FEE,5231.52,Credit Card,Education
2026-01-24,UBER TRIP TXN42098,692.94,UPI,Transport
2026-01-25,DIAGNOSTIC LAB TXN27873,1541.86,Cash,Healthcare
2026-01-25,UPI GIFT PURCHASE BLR,7587.27,Cash,Other
2026-01-25,UPI HP FUEL STATION CHENNAI,2009.89,Credit Card,Transport
2026-01-25,CASH WITHDRAWAL,9904.05,Net Banking,Other
2026-01-25,UPI ACT FIBERNET BLR,648.71,Debit Card,Bills
2026-01-25,HOUSE RENT REF331612,24995.89,UPI,Rent
2026-01-25,DONATION PAYMENT REF832829,6056.05,Cash,Other
2026-01-25,PVR CINEMAS,1487.55,UPI,Entertainment
2026-01-25,UDEMY COURSE,11507.35,Net Banking,Education
2026-01-25,ACCOMMODATION PAYMENT,6359.07,Net Banking,Rent
2026-01-25,DOMINOS PIZZA TXN48367,811.48,Credit Card,Food
2026-01-25,DMART PURCHASE,9799.7,Cash,Shopping
2026-01-26,UPI APOLLO PHARMACY HYD,8412.31,Wallet,Healthcare
2026-01-26,RELIANCE TRENDS TXN71417,3760.91,Debit Card,Shopping
2026-01-26,KFC RESTAURANT,771.63,UPI,Food
2026-01-26,CERTIFICATION EXAM,15574.05,Cash,Education
2026-01-26,ATM FEE TXN67290,6508.79,Wallet,Other
2026-01-26,MONTHLY RENT TXN58727,7592.34,Wallet,Rent
2026-01-26,METRO TICKET TXN43797,2643.04,Cash,Transport
2026-01-27,ELECTRONICS STORE REF381938,8260.91,Credit Card,Shopping
2026-01-27,STATIONERY STORE,19549.71,Net Banking,Education
2026-01-27,UPI HOSPITAL PAYMENT VIJAYAWADA,6866.9,Cash,Healthcare
2026-01-27,HOSPITAL PAYMENT,1322.37,Cash,Healthcare
2026-01-27,INDEX FUND SIP TXN99600,6712.28,Wallet,Investment
2026-01-27,UPI PVR CINEMAS CHENNAI,2898.49,Cash,Entertainment
2026-01-27,UPI STOCK INVESTMENT GUNTUR,4452.93,UPI,Investment
2026-01-27,RESTAURANT PAYMENT,1358.05,Wallet,Food
2026-01-27,MOVIE TICKET,348.63,Credit Card,Entertainment
2026-01-27,BOOK STORE TXN83899,19634.23,Cash,Education
2026-01-27,DMART PURCHASE TXN38732,10520.48,Debit Card,Shopping
2026-01-28,PETROL PUMP,250.83,Net Banking,Transport
2026-01-28,CAFE COFFEE DAY REF810032,1450.09,Debit Card,Food
2026-01-28,UPI SIP INVESTMENT BLR,4752.48,Net Banking,Investment
2026-01-28,HEALTH CHECKUP TXN27992,1181.34,Cash,Healthcare
2026-01-28,COLLEGE FEE TXN28101,4288.17,UPI,Education
2026-01-28,GAME PURCHASE REF463716,2003.89,Cash,Entertainment
2026-01-28,BOOK STORE,9230.7,Wallet,Education
2026-01-28,ROOM RENT,10933.04,Credit Card,Rent
2026-01-28,ACT FIBERNET,2212.69,UPI,Bills
2026-01-28,RECURRING DEPOSIT REF757574,14868.16,Cash,Investment
2026-01-29,UPI FLIPKART ORDER BLR,5306.58,Net Banking,Shopping
2026-01-29,FIXED DEPOSIT,7884.52,Net Banking,Investment
2026-01-29,AJIO PURCHASE,10484.79,Credit Card,Shopping
2026-01-29,MYNTRA SHOPPING,14482.97,Wallet,Shopping
2026-01-29,OLA CAB TXN96721,673.57,Net Banking,Transport
2026-01-29,DMART PURCHASE,7577.69,Net Banking,Shopping
2026-01-29,HOSTEL FEE RENT,5695.56,UPI,Rent
2026-01-29,COURSERA COURSE REF447412,10241.44,Cash,Education
2026-01-29,UPI TRANSFER,8986.44,Debit Card,Other
2026-01-29,CASH WITHDRAWAL,5698.79,Wallet,Other
2026-01-29,CERTIFICATION EXAM REF387193,7017.79,Credit Card,Education
2026-01-29,HOSPITAL PAYMENT,8249.95,Debit Card,Healthcare
2026-01-29,HOSTEL RENT,12459.44,Credit Card,Rent
2026-01-29,ATM FEE TXN50266,6763.72,Wallet,Other
2026-01-29,UPI CAFE COFFEE DAY VIJAYAWADA,1749.15,Credit Card,Food
2026-01-29,SWIGGY ORDER,361.4,Debit Card,Food
2026-01-30,GROCERY FOOD STORE TXN82348,535.58,Debit Card,Food
2026-01-30,DMART PURCHASE,14188.7,Credit Card,Shopping
2026-01-30,ELECTRICITY BILL TXN94549,3884.94,Debit Card,Bills
2026-01-30,CASH WITHDRAWAL,3827.86,Net Banking,Other
2026-01-30,MONTHLY RENT,12220.79,Wallet,Rent
2026-01-30,GAME PURCHASE REF497298,1458.86,Debit Card,Entertainment
2026-01-30,SIP INVESTMENT REF217698,12739.73,Wallet,Investment
2026-01-30,BAKERY PURCHASE TXN25726,1658.5,Cash,Food
2026-01-30,METRO TICKET REF714804,1410.3,Credit Card,Transport
2026-01-30,DOCTOR CONSULTATION,824.91,Debit Card,Healthcare
2026-01-30,TRAINING PROGRAM,20202.83,Cash,Education
2026-01-30,UPI HOSTEL RENT GUNTUR,17096.88,Debit Card,Rent
2026-01-30,SWIGGY ORDER REF438162,338.62,Wallet,Food
2026-01-30,MUTUAL FUND INVESTMENT,11780.94,Wallet,Investment
2026-01-30,RAILWAY TICKET,2924.95,Credit Card,Transport
2026-01-30,PETROL PUMP TXN12794,1067.41,Debit Card,Transport
2026-01-31,PERSONAL TRANSFER,5359.05,Wallet,Other
2026-01-31,TEA SHOP UPI REF458913,1345.66,Credit Card,Food
2026-01-31,UPI AMAZON PURCHASE VIJAYAWADA,9964.14,Wallet,Shopping
2026-01-31,ONLINE COURSE PAYMENT,175.21,Credit Card,Education
2026-01-31,LIBRARY FEE,15083.34,UPI,Education
2026-01-31,GAME PURCHASE,3599.01,Net Banking,Entertainment
2026-01-31,PG RENT PAYMENT TXN67361,24338.88,UPI,Rent
2026-01-31,INVESTMENT ACCOUNT TXN92358,29177.0,UPI,Investment
2026-01-31,GAS BILL PAYMENT,3441.59,Cash,Bills
2026-01-31,AMAZON PRIME REF718956,1395.65,Debit Card,Entertainment
2026-02-01,ELECTRONICS STORE TXN80806,9527.19,Debit Card,Shopping
2026-02-01,UPI VI MOBILE RECHARGE HYD,1272.2,Credit Card,Bills
2026-02-01,INDEX FUND SIP TXN68438,9394.91,Credit Card,Investment
2026-02-01,GIFT PURCHASE,4426.64,Credit Card,Other
2026-02-01,UPI BOOK STORE CHENNAI,597.38,UPI,Education
2026-02-01,DENTAL CLINIC REF208137,4743.99,Net Banking,Healthcare
2026-02-01,BOOK STORE,828.03,Debit Card,Education
2026-02-01,GROCERY FOOD STORE,880.67,Net Banking,Food
2026-02-01,OLA CAB REF197758,1312.67,Wallet,Transport
2026-02-01,INDIAN OIL PETROL,2813.52,UPI,Transport
2026-02-01,AMAZON PRIME,2488.97,UPI,Entertainment
2026-02-01,UPI CAFE COFFEE DAY HYD,1063.79,Credit Card,Food
2026-02-01,UPI CASH WITHDRAWAL CHENNAI,8768.15,UPI,Other
2026-02-01,GAS BILL PAYMENT TXN53721,2990.6,Debit Card,Bills
2026-02-01,ROOM RENT,17986.18,Net Banking,Rent
2026-02-02,DENTAL CLINIC TXN61654,8651.31,UPI,Healthcare
2026-02-02,UPI RESTAURANT PAYMENT CHENNAI,177.19,Debit Card,Food
2026-02-02,HEALTH CHECKUP,7619.0,Wallet,Healthcare
2026-02-02,UPI TRANSFER TXN57731,7225.34,Cash,Other
2026-02-02,MOBILE POSTPAID BILL REF620287,929.8,UPI,Bills
2026-02-02,ELECTRICITY BILL REF315770,2254.82,UPI,Bills
2026-02-02,ACCOMMODATION PAYMENT TXN25559,24574.76,Wallet,Rent
2026-02-02,TEA SHOP UPI,1794.56,Wallet,Food
2026-02-03,DMART PURCHASE REF195189,2268.8,Credit Card,Shopping
2026-02-03,UPI BAKERY PURCHASE BLR,434.77,Net Banking,Food
2026-02-03,PG RENT PAYMENT,12201.07,Cash,Rent
2026-02-03,BOOK STORE,6799.99,Wallet,Education
2026-02-03,DMART PURCHASE,10755.47,Cash,Shopping
2026-02-03,TRAINING PROGRAM,23099.93,Debit Card,Education
2026-02-03,INOX MOVIES REF544803,760.67,Wallet,Entertainment
2026-02-03,PERSONAL TRANSFER REF620122,8487.23,Cash,Other
2026-02-03,ELECTRICITY BILL,2504.3,UPI,Bills
2026-02-03,AUTO RICKSHAW UPI REF162771,455.08,Credit Card,Transport
2026-02-03,HOUSE RENT REF287320,3240.94,Credit Card,Rent
2026-02-04,MISCELLANEOUS PAYMENT,8604.01,Credit Card,Other
2026-02-04,UPI DIAGNOSTIC LAB BLR,6111.75,Wallet,Healthcare
2026-02-04,HOSPITAL PAYMENT,5407.44,UPI,Healthcare
2026-02-04,UPI MISCELLANEOUS PAYMENT GUNTUR,1141.85,Wallet,Other
2026-02-04,KFC RESTAURANT TXN88795,575.41,UPI,Food
2026-02-04,INDIAN OIL PETROL,192.75,Wallet,Transport
2026-02-04,ACT FIBERNET TXN39531,2194.5,Credit Card,Bills
2026-02-04,INVESTMENT ACCOUNT TXN77385,6359.49,Credit Card,Investment
2026-02-04,DENTAL CLINIC TXN57448,2886.28,UPI,Healthcare
2026-02-04,SIP INVESTMENT,21245.37,Wallet,Investment
2026-02-04,UPI RECURRING DEPOSIT BLR,29554.26,Debit Card,Investment
2026-02-05,OLA CAB TXN48378,1783.7,Credit Card,Transport
2026-02-05,YOUTUBE PREMIUM,1140.55,Net Banking,Entertainment
2026-02-05,UPI DENTAL CLINIC BLR,1631.2,Credit Card,Healthcare
2026-02-05,UPI MOVIE TICKET CHENNAI,3724.85,Net Banking,Entertainment
2026-02-05,MUTUAL FUND INVESTMENT,11373.28,Wallet,Investment
2026-02-05,GAME PURCHASE TXN18527,1402.65,Net Banking,Entertainment
2026-02-05,MEDICAL STORE TXN37559,8254.75,Cash,Healthcare
2026-02-05,PVR CINEMAS TXN48502,421.0,UPI,Entertainment
2026-02-06,BUS TICKET,1030.88,UPI,Transport
2026-02-06,MYNTRA SHOPPING REF476380,3613.26,Debit Card,Shopping
2026-02-06,DENTAL CLINIC TXN79423,3453.74,Net Banking,Healthcare
2026-02-06,BUS TICKET,1820.87,Credit Card,Transport
2026-02-06,GAME PURCHASE REF454180,3716.95,Credit Card,Entertainment
2026-02-06,MISCELLANEOUS PAYMENT,7742.85,Debit Card,Other
2026-02-06,DENTAL CLINIC TXN20735,4756.04,Cash,Healthcare
2026-02-07,UPI ACCOMMODATION PAYMENT CHENNAI,21712.9,Net Banking,Rent
2026-02-07,SIP INVESTMENT,15891.74,Net Banking,Investment
2026-02-07,AMAZON PRIME,634.57,UPI,Entertainment
2026-02-07,BROADBAND BILL TXN92709,1993.11,UPI,Bills
2026-02-07,KFC RESTAURANT,1555.47,Cash,Food
2026-02-07,ELECTRICITY BILL TXN95381,1478.96,Wallet,Bills
2026-02-07,HOSTEL RENT,14010.47,Debit Card,Rent
2026-02-08,HOTSTAR SUBSCRIPTION TXN99619,2889.34,UPI,Entertainment
2026-02-08,UPI DENTAL CLINIC GUNTUR,4626.52,UPI,Healthcare
2026-02-08,ONLINE COURSE PAYMENT,2210.5,UPI,Education
2026-02-08,UPI ELECTRICITY BILL BLR,3661.6,Credit Card,Bills
2026-02-08,SIP INVESTMENT REF930892,2334.0,UPI,Investment
2026-02-08,UPI ONLINE COURSE PAYMENT HYD,24526.19,Wallet,Education
2026-02-08,DENTAL CLINIC,2029.35,Net Banking,Healthcare
2026-02-09,UPI MEDPLUS PHARMACY GUNTUR,238.6,Credit Card,Healthcare
2026-02-09,KFC RESTAURANT,929.86,Net Banking,Food
2026-02-09,EXAM FEE,15504.7,Cash,Education
2026-02-09,SWIGGY ORDER,272.54,Wallet,Food
2026-02-09,UPI HOSTEL FEE RENT GUNTUR,21495.07,Debit Card,Rent
2026-02-09,TEA SHOP UPI TXN26551,1166.27,Net Banking,Food
2026-02-09,UPI INVESTMENT ACCOUNT GUNTUR,15237.54,Debit Card,Investment
2026-02-09,OLA CAB,1559.11,Debit Card,Transport
2026-02-09,EYE HOSPITAL,7598.5,Wallet,Healthcare
2026-02-10,INOX MOVIES TXN29249,351.12,Net Banking,Entertainment
2026-02-10,DENTAL CLINIC,5207.88,Net Banking,Healthcare
2026-02-10,YOUTUBE PREMIUM TXN71129,2904.19,Credit Card,Entertainment
2026-02-10,UPI MCDONALDS ORDER BLR,1047.17,Net Banking,Food
2026-02-10,ACCOMMODATION PAYMENT REF722240,14630.63,Cash,Rent
2026-02-10,AMAZON PURCHASE REF549350,5196.09,Credit Card,Shopping
2026-02-11,UPI PERSONAL TRANSFER HYD,8808.26,Wallet,Other
2026-02-11,HOSTEL RENT TXN60367,20721.2,Wallet,Rent
2026-02-11,VI MOBILE RECHARGE,1154.74,Net Banking,Bills
2026-02-11,GIFT PURCHASE,387.18,UPI,Other
2026-02-11,MUTUAL FUND INVESTMENT,20187.33,Cash,Investment
2026-02-11,UPI CAFE COFFEE DAY HYD,163.93,UPI,Food
2026-02-11,ONLINE COURSE PAYMENT,22409.84,Cash,Education
2026-02-11,MONTHLY RENT TXN67379,22707.17,Debit Card,Rent
2026-02-12,AUTO RICKSHAW UPI REF677347,2907.67,Debit Card,Transport
2026-02-12,RAPIDO RIDE,2040.69,UPI,Transport
2026-02-12,MOBILE POSTPAID BILL,356.79,Net Banking,Bills
2026-02-12,GIFT PURCHASE REF178380,8662.51,Credit Card,Other
2026-02-12,UPI GIFT PURCHASE BLR,5056.31,Debit Card,Other
2026-02-12,TEA SHOP UPI REF904016,786.61,Debit Card,Food
2026-02-12,UPI KFC RESTAURANT GUNTUR,130.2,Debit Card,Food
2026-02-12,VI MOBILE RECHARGE,3011.74,UPI,Bills
2026-02-12,MISCELLANEOUS PAYMENT,3366.64,Net Banking,Other
2026-02-12,MUTUAL FUND INVESTMENT REF772962,20744.09,Wallet,Investment
2026-02-13,OLA CAB TXN80968,1259.54,Cash,Transport
2026-02-13,GAME PURCHASE,1402.4,Net Banking,Entertainment
2026-02-13,RECURRING DEPOSIT REF512663,4208.29,Wallet,Investment
2026-02-13,PETROL PUMP,711.25,Credit Card,Transport
2026-02-13,BUS TICKET,2212.86,UPI,Transport
2026-02-13,RECURRING DEPOSIT,3788.37,Debit Card,Investment
2026-02-13,INDEX FUND SIP TXN13457,17803.43,Net Banking,Investment
2026-02-13,UPI OLA CAB VIJAYAWADA,2550.39,Debit Card,Transport
2026-02-13,DONATION PAYMENT,7641.49,Net Banking,Other
2026-02-14,FLIPKART ORDER,7696.16,Cash,Shopping
2026-02-14,MYNTRA SHOPPING TXN62522,12987.22,UPI,Shopping
2026-02-14,ACCOMMODATION PAYMENT,16837.91,Debit Card,Rent
2026-02-14,UPI TRANSFER REF170849,1849.7,Debit Card,Other
2026-02-14,EYE HOSPITAL,9256.25,Net Banking,Healthcare
2026-02-14,INVESTMENT ACCOUNT TXN52310,11830.0,Debit Card,Investment
2026-02-14,UPI ENTERTAINMENT EVENT VIJAYAWADA,3534.33,Debit Card,Entertainment
2026-02-14,MEDPLUS PHARMACY REF433920,9440.07,Wallet,Healthcare
2026-02-14,HOUSE RENT REF744810,9505.58,Credit Card,Rent
2026-02-14,FIXED DEPOSIT,29737.85,Wallet,Investment
2026-02-15,VI MOBILE RECHARGE,4234.21,Net Banking,Bills
2026-02-15,MUTUAL FUND INVESTMENT,14091.11,Cash,Investment
2026-02-15,METRO TICKET REF801669,1411.98,UPI,Transport
2026-02-15,STATIONERY STORE REF529776,7755.23,Wallet,Education
2026-02-15,UPI BAKERY PURCHASE BLR,479.43,UPI,Food
2026-02-15,GIFT PURCHASE,9768.62,Credit Card,Other
2026-02-15,PERSONAL TRANSFER REF184718,311.85,Debit Card,Other
2026-02-15,UPI BAKERY PURCHASE GUNTUR,351.38,Cash,Food
2026-02-16,HOSTEL RENT REF157854,23819.75,Debit Card,Rent
2026-02-16,MOBILE POSTPAID BILL REF990379,323.88,Credit Card,Bills
2026-02-16,UPI MEESHO ORDER VIJAYAWADA,7912.45,Cash,Shopping
2026-02-16,MOBILE POSTPAID BILL,4537.1,Cash,Bills
2026-02-16,UPI YOUTUBE PREMIUM GUNTUR,1006.25,Cash,Entertainment
2026-02-16,COLLEGE FEE REF265579,21512.3,Wallet,Education
2026-02-16,GAS BILL PAYMENT,637.59,Net Banking,Bills
2026-02-16,FLIPKART ORDER,1910.79,UPI,Shopping
2026-02-16,UPI TRANSFER,8901.35,Cash,Other
2026-02-17,HOUSE RENT,11536.53,Cash,Rent
2026-02-17,TRAINING PROGRAM TXN20545,21045.42,Credit Card,Education
2026-02-17,DMART PURCHASE,3081.57,Wallet,Shopping
2026-02-17,UPI INVESTMENT ACCOUNT CHENNAI,13591.0,UPI,Investment
2026-02-17,ATM FEE REF499973,3677.49,Debit Card,Other
2026-02-17,STOCK INVESTMENT,27081.57,UPI,Investment
2026-02-17,DOCTOR CONSULTATION REF555052,9785.54,Wallet,Healthcare
2026-02-17,UPI UDEMY COURSE VIJAYAWADA,3160.62,UPI,Education
2026-02-17,COURSERA COURSE TXN51620,16125.69,UPI,Education
2026-02-17,UPI APARTMENT RENT HYD,18856.54,Debit Card,Rent
2026-02-17,GIFT PURCHASE,3430.58,Cash,Other
2026-02-17,NETFLIX SUBSCRIPTION,2484.75,Credit Card,Entertainment
2026-02-18,HP FUEL STATION TXN45186,529.54,Cash,Transport
2026-02-18,LIBRARY FEE TXN44500,15362.0,Credit Card,Education
2026-02-18,YOUTUBE PREMIUM,301.02,Net Banking,Entertainment
2026-02-18,UPI SPOTIFY PREMIUM CHENNAI,3451.66,Debit Card,Entertainment
2026-02-18,BOOK STORE,8238.46,Net Banking,Education
2026-02-18,COLLEGE FEE REF574012,6910.84,Debit Card,Education
2026-02-18,MYNTRA SHOPPING,9583.26,Net Banking,Shopping
2026-02-18,KFC RESTAURANT,709.26,Net Banking,Food
2026-02-19,RECURRING DEPOSIT TXN91418,11336.89,Net Banking,Investment
2026-02-19,HOUSE RENT REF626496,15934.29,Net Banking,Rent
2026-02-19,PERSONAL TRANSFER REF269237,129.7,Net Banking,Other
2026-02-19,INVESTMENT ACCOUNT TXN83979,3975.71,UPI,Investment
2026-02-19,METRO TICKET,2771.44,Credit Card,Transport
2026-02-19,UPI UPI TRANSFER CHENNAI,6497.95,Wallet,Other
2026-02-19,TEA SHOP UPI,1625.0,Net Banking,Food
2026-02-19,DONATION PAYMENT,6967.34,UPI,Other
2026-02-19,STATIONERY STORE TXN65744,14125.83,Net Banking,Education
2026-02-19,HOSTEL RENT,21097.98,Wallet,Rent
2026-02-19,UPI INOX MOVIES VIJAYAWADA,3371.69,UPI,Entertainment
2026-02-20,MOVIE TICKET REF658540,3336.31,Net Banking,Entertainment
2026-02-20,JIO RECHARGE,858.16,Debit Card,Bills
2026-02-20,UPI STATIONERY STORE BLR,17955.16,Credit Card,Education
2026-02-20,UPI TRANSFER,6044.52,Net Banking,Other
2026-02-20,EXAM FEE,652.05,Debit Card,Education
2026-02-20,PVR CINEMAS,2763.16,Net Banking,Entertainment
2026-02-20,FIXED DEPOSIT REF571152,12259.83,UPI,Investment
2026-02-20,UPI ROOM RENT CHENNAI,8439.43,UPI,Rent
2026-02-20,CLOTHING STORE TXN61213,8837.91,Wallet,Shopping
2026-02-20,CAFE COFFEE DAY REF113236,1184.7,Wallet,Food
2026-02-20,INDEX FUND SIP REF800462,25758.32,Cash,Investment
2026-02-20,GROCERY FOOD STORE REF813753,1345.81,Net Banking,Food
2026-02-20,PETROL PUMP,2735.37,Debit Card,Transport
2026-02-20,WATER BILL,3913.52,Wallet,Bills
2026-02-20,RELIANCE TRENDS TXN46421,2416.64,Credit Card,Shopping
2026-02-20,MUTUAL FUND INVESTMENT TXN22960,7223.83,Credit Card,Investment
2026-02-20,UPI PETROL PUMP GUNTUR,1876.25,UPI,Transport
2026-02-20,NETFLIX SUBSCRIPTION TXN94825,1018.35,Net Banking,Entertainment
2026-02-20,BUS TICKET,512.22,Net Banking,Transport
2026-02-20,HP FUEL STATION REF777071,2487.42,Wallet,Transport
2026-02-20,UPI GROCERY FOOD STORE VIJAYAWADA,934.9,Credit Card,Food
2026-02-20,UPI METRO TICKET GUNTUR,1731.02,Wallet,Transport
2026-02-20,SHOPPING MALL TXN72031,14679.41,Net Banking,Shopping
2026-02-20,UBER TRIP,215.69,Net Banking,Transport
2026-02-20,MCDONALDS ORDER,552.14,Credit Card,Food
2026-02-21,NETFLIX SUBSCRIPTION,1883.75,Net Banking,Entertainment
2026-02-21,AUTO RICKSHAW UPI,996.34,Wallet,Transport
2026-02-21,DOCTOR CONSULTATION,7751.54,Wallet,Healthcare
2026-02-21,BROADBAND BILL,1610.6,Debit Card,Bills
2026-02-21,APOLLO PHARMACY TXN56512,2300.83,Net Banking,Healthcare
2026-02-21,MUTUAL FUND INVESTMENT,20139.12,Wallet,Investment
2026-02-21,UPI AIRTEL RECHARGE VIJAYAWADA,2539.41,UPI,Bills
2026-02-21,APARTMENT RENT,7023.18,Cash,Rent
2026-02-21,GROCERY FOOD STORE,189.92,Wallet,Food
2026-02-21,MOVIE TICKET TXN72102,587.18,Debit Card,Entertainment
2026-02-21,GOLD SAVINGS,16625.29,UPI,Investment
2026-02-21,MOVIE TICKET,376.93,Credit Card,Entertainment
2026-02-21,DONATION PAYMENT,1571.71,Wallet,Other
2026-02-22,UPI MISCELLANEOUS PAYMENT VIJAYAWADA,2621.45,Debit Card,Other
2026-02-22,SIP INVESTMENT REF908382,12211.87,UPI,Investment
2026-02-22,UBER TRIP,1584.26,Cash,Transport
2026-02-22,INOX MOVIES TXN52367,2111.23,Cash,Entertainment
2026-02-22,HP FUEL STATION TXN39999,1374.24,Debit Card,Transport
2026-02-22,PVR CINEMAS TXN81102,1760.24,Credit Card,Entertainment
2026-02-22,LIBRARY FEE REF182485,15040.18,Cash,Education
2026-02-22,MOBILE POSTPAID BILL,2154.62,Debit Card,Bills
2026-02-22,ZOMATO FOOD ORDER TXN18141,952.33,Wallet,Food
2026-02-22,UPI FLIPKART ORDER VIJAYAWADA,152.64,Credit Card,Shopping
2026-02-22,UPI DOCTOR CONSULTATION VIJAYAWADA,2168.48,Credit Card,Healthcare
2026-02-22,CLOTHING STORE TXN31504,2083.36,UPI,Shopping
2026-02-22,OLA CAB,1906.3,Cash,Transport
2026-02-22,HOUSE RENT REF566108,13698.3,Debit Card,Rent
2026-02-22,EXAM FEE REF125134,20123.27,Credit Card,Education
2026-02-22,HEALTH CHECKUP,7996.63,Credit Card,Healthcare
2026-02-23,ACT FIBERNET,2972.74,Cash,Bills
2026-02-23,SIP INVESTMENT,19038.67,Credit Card,Investment
2026-02-23,UPI UDEMY COURSE HYD,21672.56,Debit Card,Education
2026-02-23,ZOMATO FOOD ORDER,1221.97,UPI,Food
2026-02-23,COURSERA COURSE,8392.46,UPI,Education
2026-02-23,GOLD SAVINGS REF561834,5804.22,Credit Card,Investment
2026-02-23,NETFLIX SUBSCRIPTION REF618148,153.91,Wallet,Entertainment
2026-02-23,MOVIE TICKET TXN94255,3291.42,UPI,Entertainment
2026-02-24,NETFLIX SUBSCRIPTION,2184.29,Credit Card,Entertainment
2026-02-24,PVR CINEMAS,3935.68,Credit Card,Entertainment
2026-02-24,UPI MYNTRA SHOPPING BLR,6756.4,Credit Card,Shopping
2026-02-24,CASH WITHDRAWAL REF793193,7528.52,Net Banking,Other
2026-02-24,GAS BILL PAYMENT,3391.05,Credit Card,Bills
2026-02-24,PG RENT PAYMENT,15789.8,Cash,Rent
2026-02-24,HP FUEL STATION TXN76412,1663.48,UPI,Transport
2026-02-24,HEALTH CHECKUP,3160.49,UPI,Healthcare
2026-02-24,GAME PURCHASE,230.74,Net Banking,Entertainment
2026-02-24,MEDPLUS PHARMACY,2385.79,UPI,Healthcare
2026-02-25,UPI EYE HOSPITAL VIJAYAWADA,5441.66,Cash,Healthcare
2026-02-25,YOUTUBE PREMIUM,1186.95,Net Banking,Entertainment
2026-02-25,SWIGGY ORDER,961.91,Cash,Food
2026-02-25,GOLD SAVINGS,2247.42,Wallet,Investment
2026-02-25,MYNTRA SHOPPING REF536257,12157.29,Cash,Shopping
2026-02-25,PERSONAL TRANSFER TXN74374,5246.11,UPI,Other
2026-02-25,MUTUAL FUND INVESTMENT,4924.87,Net Banking,Investment
2026-02-25,CASH WITHDRAWAL,7662.17,Cash,Other
2026-02-25,JIO RECHARGE,2380.85,Debit Card,Bills
2026-02-25,RELIANCE TRENDS,5771.04,Debit Card,Shopping
2026-02-25,LIBRARY FEE REF623996,12510.63,Cash,Education
2026-02-25,DONATION PAYMENT,1813.01,Wallet,Other
2026-02-25,UPI SWIGGY ORDER CHENNAI,1119.73,UPI,Food
2026-02-26,DMART PURCHASE TXN75797,10013.36,Cash,Shopping
2026-02-26,MOBILE POSTPAID BILL,5342.89,Credit Card,Bills
2026-02-26,APOLLO PHARMACY TXN98030,9344.33,Credit Card,Healthcare
2026-02-26,KFC RESTAURANT,719.58,Debit Card,Food
2026-02-26,UPI APOLLO PHARMACY BLR,8980.29,Credit Card,Healthcare
2026-02-26,YOUTUBE PREMIUM REF764406,3198.73,UPI,Entertainment
2026-02-26,SWIGGY ORDER REF261391,737.14,Net Banking,Food
2026-02-26,UPI RAPIDO RIDE GUNTUR,2356.53,Net Banking,Transport
2026-02-26,GIFT PURCHASE TXN43405,5876.4,Cash,Other
2026-02-26,RELIANCE TRENDS TXN69376,2378.55,Net Banking,Shopping
2026-02-27,LIBRARY FEE REF661957,9021.36,Debit Card,Education
2026-02-27,DMART PURCHASE,14034.33,Cash,Shopping
2026-02-27,BROADBAND BILL TXN87840,3966.92,Credit Card,Bills
2026-02-28,GOLD SAVINGS,5200.56,Cash,Investment
2026-02-28,HOTSTAR SUBSCRIPTION,2758.05,Cash,Entertainment
2026-02-28,KFC RESTAURANT,991.18,Cash,Food
2026-02-28,BUS TICKET TXN33332,743.04,Net Banking,Transport
2026-02-28,MCDONALDS ORDER TXN21211,1797.91,Cash,Food
2026-02-28,PHARMACY UPI REF248288,2164.15,Net Banking,Healthcare
2026-02-28,UPI TRANSFER,7090.68,Net Banking,Other
2026-02-28,UPI MONTHLY RENT BLR,15125.2,Wallet,Rent
2026-02-28,ONLINE COURSE PAYMENT,1827.66,Debit Card,Education
2026-02-28,UPI FIXED DEPOSIT CHENNAI,13111.21,Debit Card,Investment
2026-02-28,MISCELLANEOUS PAYMENT REF918017,606.43,Credit Card,Other
2026-02-28,INVESTMENT ACCOUNT REF382663,558.38,Debit Card,Investment
2026-02-28,BUS TICKET TXN15778,40.53,Debit Card,Transport
2026-03-01,KFC RESTAURANT TXN42601,970.77,Wallet,Food
2026-03-01,MYNTRA SHOPPING REF524935,3217.71,Net Banking,Shopping
2026-03-01,UPI HEALTH CHECKUP CHENNAI,3145.76,Credit Card,Healthcare
2026-03-01,PVR CINEMAS,1793.99,Net Banking,Entertainment
2026-03-01,PG RENT PAYMENT TXN93706,7726.13,Debit Card,Rent
2026-03-01,METRO TICKET TXN85850,1109.93,Wallet,Transport
2026-03-01,UPI ENTERTAINMENT EVENT VIJAYAWADA,2865.43,Wallet,Entertainment
2026-03-01,MUTUAL FUND INVESTMENT REF454737,9786.73,Debit Card,Investment
2026-03-01,HOSPITAL PAYMENT TXN35686,8296.76,UPI,Healthcare
2026-03-02,UPI SIP INVESTMENT CHENNAI,16970.18,UPI,Investment
2026-03-02,ATM FEE REF148050,6629.57,Credit Card,Other
2026-03-02,ZOMATO FOOD ORDER,1459.51,Debit Card,Food
2026-03-02,UPI TRANSFER TXN70602,9571.48,UPI,Other
2026-03-02,HOUSE RENT,15993.92,Wallet,Rent
2026-03-02,DONATION PAYMENT,1568.42,Debit Card,Other
2026-03-02,UPI SWIGGY ORDER CHENNAI,1502.81,Debit Card,Food
2026-03-02,TATA PLAY RECHARGE TXN87554,5833.96,Debit Card,Bills
2026-03-02,ACCOMMODATION PAYMENT,3652.03,Debit Card,Rent
2026-03-02,RAILWAY TICKET TXN65941,1953.01,Wallet,Transport
2026-03-02,ELECTRONICS STORE,9526.18,Debit Card,Shopping
2026-03-02,HOSTEL FEE RENT TXN98733,9075.89,Cash,Rent
2026-03-02,PERSONAL TRANSFER REF286063,3539.15,UPI,Other
2026-03-02,AUTO RICKSHAW UPI REF568031,2098.67,Net Banking,Transport
2026-03-03,EYE HOSPITAL,8855.54,Credit Card,Healthcare
2026-03-03,UBER TRIP,1746.93,Credit Card,Transport
2026-03-03,INDIAN OIL PETROL TXN49223,437.27,Debit Card,Transport
2026-03-03,SIP INVESTMENT REF321020,20274.89,Debit Card,Investment
2026-03-03,MOVIE TICKET REF517885,2056.61,Wallet,Entertainment
2026-03-03,GIFT PURCHASE,621.76,Debit Card,Other
2026-03-03,BUS TICKET REF243374,1205.89,Wallet,Transport
2026-03-03,UPI UPI TRANSFER VIJAYAWADA,2791.54,Debit Card,Other
2026-03-03,UPI PERSONAL TRANSFER GUNTUR,4077.42,UPI,Other
2026-03-03,CASH WITHDRAWAL TXN17120,4558.71,Debit Card,Other
2026-03-03,UPI APARTMENT RENT HYD,18084.03,UPI,Rent
2026-03-03,APOLLO PHARMACY TXN38304,5850.55,Credit Card,Healthcare
2026-03-03,JIO RECHARGE,3487.38,Debit Card,Bills
2026-03-03,CASH WITHDRAWAL,4411.96,Net Banking,Other
2026-03-03,BUS TICKET,1139.34,Net Banking,Transport
2026-03-03,UPI KFC RESTAURANT CHENNAI,1268.78,Debit Card,Food
2026-03-04,CASH WITHDRAWAL,4659.26,Net Banking,Other
2026-03-04,DIAGNOSTIC LAB TXN62473,889.7,Credit Card,Healthcare
2026-03-04,RAILWAY TICKET REF469070,2531.23,Credit Card,Transport
2026-03-04,HEALTH CHECKUP,4773.83,Debit Card,Healthcare
2026-03-04,FIXED DEPOSIT,5567.99,Credit Card,Investment
2026-03-04,BUS TICKET REF673199,1214.97,Credit Card,Transport
2026-03-04,ONLINE COURSE PAYMENT TXN85708,20288.01,Net Banking,Education
2026-03-05,UPI AJIO PURCHASE HYD,13855.05,Debit Card,Shopping
2026-03-05,HOSTEL RENT TXN24557,5807.34,Credit Card,Rent
2026-03-05,ONLINE COURSE PAYMENT,22425.42,Debit Card,Education
2026-03-05,MOVIE TICKET,1903.49,UPI,Entertainment
2026-03-05,UPI ACCOMMODATION PAYMENT VIJAYAWADA,4388.21,Net Banking,Rent
2026-03-05,AMAZON PURCHASE,12866.76,Cash,Shopping
2026-03-05,PHARMACY UPI REF891426,2216.52,UPI,Healthcare
2026-03-05,MOBILE POSTPAID BILL,1478.02,Net Banking,Bills
2026-03-05,BOOK STORE,23398.06,Cash,Education
2026-03-05,UPI PERSONAL TRANSFER HYD,9418.11,Net Banking,Other
2026-03-05,UPI GIFT PURCHASE BLR,1976.73,Debit Card,Other
2026-03-05,UPI DOCTOR CONSULTATION VIJAYAWADA,2006.66,Debit Card,Healthcare
2026-03-06,MISCELLANEOUS PAYMENT,5300.55,Debit Card,Other
2026-03-06,RAILWAY TICKET,1595.03,Wallet,Transport
2026-03-06,ACT FIBERNET,1947.69,Credit Card,Bills
2026-03-06,BANK CHARGE REF583291,4860.38,Debit Card,Other
2026-03-06,DENTAL CLINIC TXN93338,2270.45,UPI,Healthcare
2026-03-06,MONTHLY RENT,8482.23,Net Banking,Rent
2026-03-06,GIFT PURCHASE REF185525,7925.25,Net Banking,Other
2026-03-06,INVESTMENT ACCOUNT REF939099,28046.19,Credit Card,Investment
2026-03-07,PETROL PUMP REF998037,833.63,Cash,Transport
2026-03-07,PHARMACY UPI,4579.83,Credit Card,Healthcare
2026-03-07,BANK CHARGE REF974176,9709.1,Debit Card,Other
2026-03-07,UPI ENTERTAINMENT EVENT VIJAYAWADA,3247.86,Debit Card,Entertainment
2026-03-07,MEESHO ORDER REF496183,2212.27,Debit Card,Shopping
2026-03-07,FIXED DEPOSIT TXN95385,29185.89,Credit Card,Investment
2026-03-07,COLLEGE FEE,11077.16,Debit Card,Education
2026-03-07,ACCOMMODATION PAYMENT TXN68319,23696.77,Debit Card,Rent
2026-03-08,FIXED DEPOSIT TXN59464,10944.26,Net Banking,Investment
2026-03-08,RELIANCE TRENDS,2646.65,Cash,Shopping
2026-03-08,UBER TRIP,1232.04,UPI,Transport
2026-03-08,INVESTMENT ACCOUNT,16989.57,Net Banking,Investment
2026-03-08,METRO TICKET,2579.38,Cash,Transport
2026-03-08,GOLD SAVINGS,21650.64,UPI,Investment
2026-03-08,RELIANCE TRENDS,5536.52,Cash,Shopping
2026-03-08,TRAINING PROGRAM,4894.63,Credit Card,Education
2026-03-08,ZOMATO FOOD ORDER,860.58,UPI,Food
2026-03-08,UPI VI MOBILE RECHARGE BLR,338.89,UPI,Bills
2026-03-08,BAKERY PURCHASE,1200.31,Credit Card,Food
2026-03-08,INDIAN OIL PETROL,1782.67,Credit Card,Transport
2026-03-08,MEDPLUS PHARMACY REF944665,4625.08,UPI,Healthcare
2026-03-09,UPI MISCELLANEOUS PAYMENT HYD,1987.25,Wallet,Other
2026-03-09,UPI ATM FEE HYD,6954.52,Credit Card,Other
2026-03-09,UPI GAME PURCHASE VIJAYAWADA,3802.32,Cash,Entertainment
2026-03-09,EYE HOSPITAL TXN82083,6128.44,Credit Card,Healthcare
2026-03-09,UPI MEDPLUS PHARMACY BLR,669.57,Credit Card,Healthcare
2026-03-09,INDEX FUND SIP,23768.08,Wallet,Investment
2026-03-09,ELECTRICITY BILL REF476712,568.91,Net Banking,Bills
2026-03-09,APOLLO PHARMACY REF712847,9899.25,Wallet,Healthcare
2026-03-09,UPI WATER BILL BLR,5461.34,Cash,Bills
2026-03-09,DIAGNOSTIC LAB REF134714,7678.25,UPI,Healthcare
2026-03-09,DONATION PAYMENT,7200.53,Wallet,Other
2026-03-09,BANK CHARGE,7862.85,UPI,Other
2026-03-10,UPI DOMINOS PIZZA VIJAYAWADA,76.97,Cash,Food
2026-03-10,ROOM RENT REF612880,11311.0,UPI,Rent
2026-03-10,MEDPLUS PHARMACY,1182.67,Net Banking,Healthcare
2026-03-10,CASH WITHDRAWAL TXN48111,8565.09,Net Banking,Other
2026-03-10,UPI UDEMY COURSE VIJAYAWADA,11518.79,Cash,Education
2026-03-10,DONATION PAYMENT TXN31044,8558.62,Wallet,Other
2026-03-10,HOSTEL FEE RENT,21569.08,UPI,Rent
2026-03-10,UPI NETFLIX SUBSCRIPTION CHENNAI,1683.72,Debit Card,Entertainment
2026-03-10,SIP INVESTMENT REF941390,11686.05,Wallet,Investment
2026-03-10,UPI TRANSFER REF487009,8893.27,Wallet,Other
2026-03-11,UPI DONATION PAYMENT VIJAYAWADA,9656.47,Wallet,Other
2026-03-11,UPI MEESHO ORDER HYD,5464.32,Net Banking,Shopping
2026-03-11,UPI BANK CHARGE GUNTUR,1092.42,Cash,Other
2026-03-11,EXAM FEE,16902.87,Wallet,Education
2026-03-11,PG RENT PAYMENT TXN66559,13507.04,Debit Card,Rent
2026-03-11,TRAINING PROGRAM,7226.48,Credit Card,Education
2026-03-11,LIBRARY FEE REF243254,20323.44,Net Banking,Education
2026-03-11,UPI BAKERY PURCHASE GUNTUR,751.88,Cash,Food
2026-03-11,GROCERY FOOD STORE,1056.41,UPI,Food
2026-03-11,ATM FEE,5288.02,Credit Card,Other
2026-03-12,UPI TRANSFER,2799.82,Cash,Other
2026-03-12,UPI RELIANCE TRENDS HYD,8557.41,Credit Card,Shopping
2026-03-12,CASH WITHDRAWAL TXN95317,9378.97,UPI,Other
2026-03-12,RELIANCE TRENDS TXN65194,4566.31,UPI,Shopping
2026-03-12,AIRTEL RECHARGE REF586754,3909.82,Credit Card,Bills
2026-03-12,SPOTIFY PREMIUM,3095.8,Net Banking,Entertainment
2026-03-12,BANK CHARGE,9202.65,Wallet,Other
2026-03-12,OLA CAB,88.69,Debit Card,Transport
2026-03-13,GROCERY FOOD STORE TXN28245,1696.3,Net Banking,Food
2026-03-13,TEA SHOP UPI REF906519,257.39,Cash,Food
2026-03-13,ACCOMMODATION PAYMENT REF894182,16618.96,Wallet,Rent
2026-03-13,DOCTOR CONSULTATION TXN68956,5444.78,Wallet,Healthcare
2026-03-13,STATIONERY STORE,19372.73,Cash,Education
2026-03-13,ELECTRONICS STORE,13642.22,Net Banking,Shopping
2026-03-13,UPI ELECTRICITY BILL CHENNAI,1259.74,Cash,Bills
2026-03-13,STATIONERY STORE,20811.08,Net Banking,Education
2026-03-13,EXAM FEE,21355.3,Net Banking,Education
2026-03-13,UPI APARTMENT RENT GUNTUR,5259.05,Credit Card,Rent
2026-03-13,RAPIDO RIDE,694.17,Debit Card,Transport
2026-03-13,HOUSE RENT,7289.11,Wallet,Rent
2026-03-13,SHOPPING MALL,12021.56,Credit Card,Shopping
2026-03-14,TRAINING PROGRAM TXN55151,22882.67,Credit Card,Education
2026-03-14,STOCK INVESTMENT REF975634,3752.59,Debit Card,Investment
2026-03-14,LIBRARY FEE,16382.6,Cash,Education
2026-03-14,MYNTRA SHOPPING,13526.64,Cash,Shopping
2026-03-14,BANK CHARGE REF495320,8215.83,UPI,Other
2026-03-14,CLOTHING STORE,319.71,Credit Card,Shopping
2026-03-14,SPOTIFY PREMIUM,200.95,UPI,Entertainment
2026-03-14,UPI MISCELLANEOUS PAYMENT CHENNAI,6088.99,UPI,Other
2026-03-14,INDIAN OIL PETROL,1281.34,Credit Card,Transport
2026-03-14,ATM FEE TXN49216,2881.13,Wallet,Other
2026-03-15,UPI ELECTRICITY BILL GUNTUR,1407.98,Debit Card,Bills
2026-03-15,ZOMATO FOOD ORDER REF663463,357.8,UPI,Food
2026-03-15,AIRTEL RECHARGE TXN85455,701.49,Debit Card,Bills
2026-03-15,ACT FIBERNET REF644071,822.45,Credit Card,Bills
2026-03-15,ELECTRICITY BILL,3008.78,Debit Card,Bills
2026-03-15,CASH WITHDRAWAL REF690016,7806.47,Credit Card,Other
2026-03-15,MONTHLY RENT TXN74371,14688.54,Credit Card,Rent
2026-03-15,PG RENT PAYMENT TXN59290,9166.6,Net Banking,Rent
2026-03-15,UPI BOOK STORE VIJAYAWADA,22190.38,Cash,Education
2026-03-15,UPI AJIO PURCHASE HYD,8409.97,Debit Card,Shopping
2026-03-15,INDEX FUND SIP,21491.32,Cash,Investment
2026-03-16,GIFT PURCHASE,6363.06,Net Banking,Other
2026-03-16,RECURRING DEPOSIT TXN88455,16561.71,Debit Card,Investment
2026-03-16,MOVIE TICKET,1974.7,Wallet,Entertainment
2026-03-16,UPI YOUTUBE PREMIUM BLR,1624.19,Credit Card,Entertainment
2026-03-16,UPI TRAINING PROGRAM VIJAYAWADA,13063.1,Cash,Education
2026-03-16,UPI MEDPLUS PHARMACY VIJAYAWADA,9303.35,Wallet,Healthcare
2026-03-16,AJIO PURCHASE,11248.75,Net Banking,Shopping
2026-03-16,PERSONAL TRANSFER TXN59256,5150.51,Credit Card,Other
2026-03-16,GOLD SAVINGS REF755303,24419.46,Wallet,Investment
2026-03-16,GOLD SAVINGS REF651613,16550.42,Cash,Investment
2026-03-16,UPI DOMINOS PIZZA GUNTUR,562.99,Debit Card,Food
2026-03-17,UBER TRIP,2661.87,Debit Card,Transport
2026-03-17,HOUSE RENT REF455766,4233.2,Wallet,Rent
2026-03-17,ELECTRICITY BILL,1241.81,Debit Card,Bills
2026-03-17,WATER BILL,2496.93,Credit Card,Bills
2026-03-17,PHARMACY UPI,1823.56,Net Banking,Healthcare
2026-03-17,AJIO PURCHASE TXN55954,11630.64,Cash,Shopping
2026-03-17,MONTHLY RENT,15574.71,UPI,Rent
2026-03-17,JIO RECHARGE,3268.33,Credit Card,Bills
2026-03-17,DENTAL CLINIC REF972397,3223.29,Net Banking,Healthcare
2026-03-18,APOLLO PHARMACY,7830.62,Debit Card,Healthcare
2026-03-18,APOLLO PHARMACY,3936.79,Wallet,Healthcare
2026-03-18,GAME PURCHASE,3941.95,UPI,Entertainment
2026-03-18,FIXED DEPOSIT REF232461,25033.77,Credit Card,Investment
2026-03-18,UPI UBER TRIP HYD,1093.98,Debit Card,Transport
2026-03-18,VI MOBILE RECHARGE TXN59616,2186.87,Wallet,Bills
2026-03-18,INVESTMENT ACCOUNT,12455.2,Debit Card,Investment
2026-03-18,UPI VI MOBILE RECHARGE HYD,1845.17,UPI,Bills
2026-03-18,DOCTOR CONSULTATION,6149.55,UPI,Healthcare
2026-03-18,INDEX FUND SIP,8084.77,Cash,Investment
2026-03-19,ACCOMMODATION PAYMENT TXN84350,5902.99,Credit Card,Rent
2026-03-19,MEDICAL STORE,7291.45,UPI,Healthcare
2026-03-19,UPI PVR CINEMAS HYD,1871.23,UPI,Entertainment
2026-03-19,MUTUAL FUND INVESTMENT,17205.62,Credit Card,Investment
2026-03-19,RECURRING DEPOSIT TXN53087,24421.11,Credit Card,Investment
2026-03-19,UPI MCDONALDS ORDER HYD,547.02,Wallet,Food
2026-03-19,UBER TRIP TXN21225,1128.45,Net Banking,Transport
2026-03-19,HP FUEL STATION REF946668,2712.94,Net Banking,Transport
2026-03-19,UDEMY COURSE TXN60000,17560.88,Wallet,Education
2026-03-19,INDIAN OIL PETROL REF879055,1815.99,Wallet,Transport
2026-03-19,UPI TRANSFER,3136.18,Credit Card,Other
2026-03-20,BANK CHARGE REF154577,3445.83,Wallet,Other
2026-03-20,UPI PG RENT PAYMENT CHENNAI,16527.71,Cash,Rent
2026-03-20,AUTO RICKSHAW UPI,1830.76,Cash,Transport
2026-03-20,HOTSTAR SUBSCRIPTION,3474.13,Wallet,Entertainment
2026-03-20,GAS BILL PAYMENT,1766.49,Net Banking,Bills
2026-03-20,LIBRARY FEE REF429075,18289.39,Net Banking,Education
2026-03-20,MEDICAL STORE TXN13103,3286.27,Net Banking,Healthcare
2026-03-20,BANK CHARGE TXN64043,6782.2,Debit Card,Other
2026-03-20,MONTHLY RENT,16192.16,UPI,Rent
2026-03-20,PHARMACY UPI,6417.25,Cash,Healthcare
2026-03-20,EYE HOSPITAL,7737.58,Net Banking,Healthcare
2026-03-20,UPI INDEX FUND SIP HYD,23647.62,Wallet,Investment
2026-03-21,JIO RECHARGE,1816.67,UPI,Bills
2026-03-21,DIAGNOSTIC LAB REF527123,5934.27,UPI,Healthcare
2026-03-21,UPI PVR CINEMAS VIJAYAWADA,1549.62,Debit Card,Entertainment
2026-03-21,DIAGNOSTIC LAB TXN48532,4910.66,Debit Card,Healthcare
2026-03-21,HOSTEL RENT TXN22049,7168.55,Debit Card,Rent
2026-03-21,MCDONALDS ORDER,100.19,Debit Card,Food
2026-03-22,UPI DIAGNOSTIC LAB HYD,3927.47,Debit Card,Healthcare
2026-03-22,RAILWAY TICKET,1434.15,Debit Card,Transport
2026-03-22,UPI FLIPKART ORDER GUNTUR,4456.01,UPI,Shopping
2026-03-22,NETFLIX SUBSCRIPTION TXN86489,2074.62,Net Banking,Entertainment
2026-03-22,MCDONALDS ORDER TXN46612,1351.09,UPI,Food
2026-03-22,BUS TICKET,1712.99,Credit Card,Transport
2026-03-22,UPI GROCERY FOOD STORE CHENNAI,693.83,Credit Card,Food
2026-03-22,INDIAN OIL PETROL,1958.87,Credit Card,Transport
2026-03-22,STOCK INVESTMENT REF484398,21477.75,UPI,Investment
2026-03-22,ELECTRONICS STORE TXN10334,3419.62,Cash,Shopping
2026-03-22,PETROL PUMP,266.8,Credit Card,Transport
2026-03-23,EXAM FEE,1967.36,Credit Card,Education
2026-03-23,FIXED DEPOSIT REF584487,3506.27,Debit Card,Investment
2026-03-23,BROADBAND BILL REF262703,1447.45,Credit Card,Bills
2026-03-23,VI MOBILE RECHARGE,3003.9,Net Banking,Bills
2026-03-23,RECURRING DEPOSIT REF750475,24229.07,UPI,Investment
2026-03-23,UPI ZOMATO FOOD ORDER VIJAYAWADA,1761.11,Credit Card,Food
2026-03-23,DIAGNOSTIC LAB,3629.42,Cash,Healthcare
2026-03-23,MEDICAL STORE,4482.91,UPI,Healthcare
2026-03-23,ELECTRONICS STORE TXN73742,8462.41,Debit Card,Shopping
2026-03-23,MEDICAL STORE,7121.48,Credit Card,Healthcare
2026-03-23,MCDONALDS ORDER REF265470,662.84,UPI,Food
2026-03-23,UPI INDIAN OIL PETROL CHENNAI,896.41,Wallet,Transport
2026-03-23,INVESTMENT ACCOUNT,26949.15,Wallet,Investment
2026-03-23,GAME PURCHASE TXN92017,823.59,Net Banking,Entertainment
2026-03-24,UPI TRANSFER,6337.21,Debit Card,Other
2026-03-24,HP FUEL STATION,2646.48,Wallet,Transport
2026-03-24,HOSPITAL PAYMENT,2285.34,Net Banking,Healthcare
2026-03-24,HOTSTAR SUBSCRIPTION TXN97612,3758.43,UPI,Entertainment
2026-03-24,AJIO PURCHASE,9052.5,Cash,Shopping
2026-03-24,BUS TICKET,1348.89,Debit Card,Transport
2026-03-24,AMAZON PURCHASE,12028.17,Wallet,Shopping
2026-03-24,DMART PURCHASE TXN59682,10115.46,Cash,Shopping
2026-03-24,SHOPPING MALL,7406.49,Credit Card,Shopping
2026-03-24,JIO RECHARGE,4831.57,Debit Card,Bills
2026-03-24,BUS TICKET,2774.86,Credit Card,Transport
2026-03-24,ELECTRONICS STORE,13006.38,Net Banking,Shopping
2026-03-25,UPI MEDPLUS PHARMACY GUNTUR,9709.83,UPI,Healthcare
2026-03-25,MONTHLY RENT,10673.67,Wallet,Rent
2026-03-25,DIAGNOSTIC LAB,4588.46,Net Banking,Healthcare
2026-03-25,UPI ATM FEE VIJAYAWADA,3681.51,Debit Card,Other
2026-03-25,UPI PHARMACY UPI CHENNAI,7780.91,Wallet,Healthcare
2026-03-25,HOSTEL FEE RENT REF523367,22844.8,Debit Card,Rent
2026-03-25,GAS BILL PAYMENT REF944038,3352.86,Cash,Bills
2026-03-25,UPI ACCOMMODATION PAYMENT HYD,15438.75,Debit Card,Rent
2026-03-25,INDEX FUND SIP,6687.31,UPI,Investment
2026-03-25,MEDPLUS PHARMACY,9918.02,UPI,Healthcare
2026-03-25,UPI BOOK STORE BLR,1342.2,Net Banking,Education
2026-03-26,UPI RAILWAY TICKET CHENNAI,1045.44,UPI,Transport
2026-03-26,UDEMY COURSE TXN43519,17188.84,Cash,Education
2026-03-26,UPI JIO RECHARGE BLR,4137.49,Debit Card,Bills
2026-03-26,UBER TRIP REF859019,466.28,Cash,Transport
2026-03-26,AUTO RICKSHAW UPI REF365470,787.67,Net Banking,Transport
2026-03-27,KFC RESTAURANT,1531.38,Net Banking,Food
2026-03-27,UPI CLOTHING STORE CHENNAI,12294.9,Wallet,Shopping
2026-03-27,LIBRARY FEE,3401.86,Wallet,Education
2026-03-27,UPI HP FUEL STATION GUNTUR,1715.13,Net Banking,Transport
2026-03-27,TATA PLAY RECHARGE TXN64609,4029.36,Cash,Bills
2026-03-27,PERSONAL TRANSFER REF907775,6773.69,Wallet,Other
2026-03-27,TRAINING PROGRAM,18501.52,Debit Card,Education
2026-03-28,AJIO PURCHASE,10932.0,Debit Card,Shopping
2026-03-28,UPI ELECTRONICS STORE GUNTUR,389.99,UPI,Shopping
2026-03-28,HOTSTAR SUBSCRIPTION REF939057,156.67,Cash,Entertainment
2026-03-28,ACCOMMODATION PAYMENT TXN11197,19849.12,Credit Card,Rent
2026-03-28,CAFE COFFEE DAY,1308.56,Wallet,Food
2026-03-28,MUTUAL FUND INVESTMENT,22412.59,Wallet,Investment
2026-03-28,SWIGGY ORDER TXN64141,1399.87,Debit Card,Food
2026-03-28,INDIAN OIL PETROL TXN45815,464.6,Debit Card,Transport
2026-03-28,ACT FIBERNET TXN34028,5318.28,Net Banking,Bills
2026-03-28,DENTAL CLINIC,4071.03,Credit Card,Healthcare
2026-03-28,COLLEGE FEE,10144.96,Cash,Education
2026-03-28,FIXED DEPOSIT REF139463,22979.65,Cash,Investment
2026-03-28,UPI MCDONALDS ORDER VIJAYAWADA,995.38,Debit Card,Food
2026-03-29,CAFE COFFEE DAY TXN42955,1045.18,Debit Card,Food
2026-03-29,STOCK INVESTMENT,6005.22,Cash,Investment
2026-03-29,FLIPKART ORDER REF211992,12776.93,UPI,Shopping
2026-03-29,GROCERY FOOD STORE REF982348,1344.04,UPI,Food
2026-03-29,SPOTIFY PREMIUM TXN74627,2115.91,UPI,Entertainment
2026-03-29,SIP INVESTMENT,19744.54,Credit Card,Investment
2026-03-29,UPI MEDICAL STORE HYD,1533.0,Credit Card,Healthcare
2026-03-29,AMAZON PRIME,198.3,Cash,Entertainment
2026-03-29,UPI ACT FIBERNET HYD,4423.55,Credit Card,Bills
2026-03-29,ELECTRONICS STORE REF762288,14702.7,Wallet,Shopping
2026-03-29,MUTUAL FUND INVESTMENT,10988.43,Wallet,Investment
2026-03-30,UPI UDEMY COURSE BLR,5386.53,UPI,Education
2026-03-30,BOOK STORE,24581.45,Credit Card,Education
2026-03-30,INVESTMENT ACCOUNT,6283.86,Wallet,Investment
2026-03-30,ZOMATO FOOD ORDER REF522179,1324.37,UPI,Food
2026-03-30,BUS TICKET,1663.87,Wallet,Transport
2026-03-30,FLIPKART ORDER TXN72653,10647.31,Credit Card,Shopping
2026-03-30,UPI HOSPITAL PAYMENT BLR,4296.73,UPI,Healthcare
2026-03-30,APARTMENT RENT,17460.58,Credit Card,Rent
2026-03-30,OLA CAB REF835192,1568.69,Wallet,Transport
2026-03-30,MOBILE POSTPAID BILL,3895.02,Debit Card,Bills
2026-03-30,YOUTUBE PREMIUM,661.7,Cash,Entertainment
2026-03-30,ONLINE COURSE PAYMENT,9706.94,UPI,Education
2026-03-30,TRAINING PROGRAM REF947954,6858.45,Debit Card,Education
2026-03-30,HEALTH CHECKUP TXN63464,7379.0,Net Banking,Healthcare
2026-03-31,GAS BILL PAYMENT,4737.88,Cash,Bills
2026-03-31,STOCK INVESTMENT TXN49674,3678.7,Net Banking,Investment
2026-03-31,BANK CHARGE,5771.94,Debit Card,Other
2026-03-31,MCDONALDS ORDER TXN30083,959.69,Cash,Food
2026-03-31,BANK CHARGE REF566529,1189.62,Credit Card,Other
2026-03-31,UPI FLIPKART ORDER HYD,11660.1,Credit Card,Shopping
2026-03-31,KFC RESTAURANT,217.17,UPI,Food
2026-04-01,MONTHLY RENT,23665.08,Cash,Rent
2026-04-01,ATM FEE,3478.38,Cash,Other
2026-04-01,GAS BILL PAYMENT REF800609,4422.23,Wallet,Bills
2026-04-01,MONTHLY RENT,23934.65,Net Banking,Rent
2026-04-01,PVR CINEMAS REF371176,1885.29,Cash,Entertainment
2026-04-01,RELIANCE TRENDS TXN51588,9060.66,Net Banking,Shopping
2026-04-01,UPI RAPIDO RIDE GUNTUR,1808.43,Cash,Transport
2026-04-01,GAME PURCHASE,3053.42,Wallet,Entertainment
2026-04-01,UPI MONTHLY RENT GUNTUR,9671.29,Cash,Rent
2026-04-01,UPI MCDONALDS ORDER HYD,88.56,Debit Card,Food
2026-04-01,HEALTH CHECKUP,2431.17,UPI,Healthcare
2026-04-01,UPI BOOK STORE HYD,9786.54,Wallet,Education
2026-04-01,BAKERY PURCHASE,1131.65,Wallet,Food
2026-04-01,MEDPLUS PHARMACY TXN92087,4454.3,Cash,Healthcare
2026-04-01,BOOK STORE,5573.82,Net Banking,Education
2026-04-02,UPI NETFLIX SUBSCRIPTION GUNTUR,3416.7,Cash,Entertainment
2026-04-02,AUTO RICKSHAW UPI TXN54560,2842.64,Cash,Transport
2026-04-02,DOCTOR CONSULTATION REF676548,3840.11,Credit Card,Healthcare
2026-04-02,TEA SHOP UPI REF173015,380.71,Wallet,Food
2026-04-02,DOCTOR CONSULTATION,9827.86,Net Banking,Healthcare
2026-04-02,INVESTMENT ACCOUNT REF602946,27836.72,Debit Card,Investment
2026-04-02,MEESHO ORDER TXN26619,4375.37,Cash,Shopping
2026-04-02,CAFE COFFEE DAY,1598.02,Wallet,Food
2026-04-02,ACT FIBERNET TXN45261,5786.32,Debit Card,Bills
2026-04-02,UPI APARTMENT RENT GUNTUR,3519.97,Credit Card,Rent
2026-04-02,DMART PURCHASE,12341.6,Net Banking,Shopping
2026-04-03,ACCOMMODATION PAYMENT TXN28982,7614.86,Wallet,Rent
2026-04-03,HOUSE RENT TXN15003,20436.97,Net Banking,Rent
2026-04-03,UPI HEALTH CHECKUP BLR,9627.91,Credit Card,Healthcare
2026-04-03,INOX MOVIES REF527840,3526.43,Wallet,Entertainment
2026-04-03,AMAZON PRIME TXN29490,3760.12,Net Banking,Entertainment
2026-04-03,INVESTMENT ACCOUNT,1289.13,Cash,Investment
2026-04-03,BANK CHARGE TXN11800,3465.55,UPI,Other
2026-04-03,RECURRING DEPOSIT,22192.56,Cash,Investment
2026-04-03,ACCOMMODATION PAYMENT REF311505,21712.49,Cash,Rent
2026-04-03,ACT FIBERNET REF661746,5840.46,Cash,Bills
2026-04-03,UPI ELECTRONICS STORE HYD,10840.15,Debit Card,Shopping
2026-04-04,CASH WITHDRAWAL REF821374,1944.7,UPI,Other
2026-04-04,UPI TRANSFER,9390.49,Net Banking,Other
2026-04-04,APARTMENT RENT,12195.27,Debit Card,Rent
2026-04-04,KFC RESTAURANT REF464732,1583.65,Credit Card,Food
2026-04-04,UPI INDIAN OIL PETROL BLR,382.77,Credit Card,Transport
2026-04-04,EXAM FEE,13502.05,Debit Card,Education
2026-04-04,RESTAURANT PAYMENT REF528645,668.82,Debit Card,Food
2026-04-04,STATIONERY STORE,12466.61,Debit Card,Education
2026-04-05,COLLEGE FEE TXN12380,16389.5,Net Banking,Education
2026-04-05,WATER BILL,1228.76,Credit Card,Bills
2026-04-05,MONTHLY RENT TXN36277,18195.02,UPI,Rent
2026-04-05,ACT FIBERNET,1492.14,Debit Card,Bills
2026-04-05,INDIAN OIL PETROL TXN86588,2219.59,Wallet,Transport
2026-04-05,ELECTRONICS STORE,798.44,Debit Card,Shopping
2026-04-05,DOMINOS PIZZA,276.59,Net Banking,Food
2026-04-05,HOSTEL RENT,14073.95,UPI,Rent
2026-04-05,DOMINOS PIZZA,749.01,Net Banking,Food
2026-04-05,BOOK STORE TXN39678,12117.51,Cash,Education
2026-04-05,UPI COURSERA COURSE VIJAYAWADA,14853.74,Wallet,Education
2026-04-06,APARTMENT RENT TXN73300,8387.31,Wallet,Rent
2026-04-06,CAFE COFFEE DAY REF154724,289.71,Net Banking,Food
2026-04-06,UPI TRANSFER TXN21562,5494.46,Cash,Other
2026-04-06,UPI DOCTOR CONSULTATION BLR,4497.87,Cash,Healthcare
2026-04-06,GOLD SAVINGS TXN34421,8030.89,Net Banking,Investment
2026-04-06,PG RENT PAYMENT,14402.1,Debit Card,Rent
2026-04-06,HOSPITAL PAYMENT,913.85,Credit Card,Healthcare
2026-04-07,UPI CAFE COFFEE DAY CHENNAI,986.21,Wallet,Food
2026-04-07,AMAZON PURCHASE REF426346,9095.0,UPI,Shopping
2026-04-07,MISCELLANEOUS PAYMENT,6329.91,Debit Card,Other
2026-04-07,JIO RECHARGE,3788.9,Wallet,Bills
2026-04-07,HOSTEL RENT,6678.05,UPI,Rent
2026-04-07,SPOTIFY PREMIUM TXN20722,3532.26,UPI,Entertainment
2026-04-08,UPI INVESTMENT ACCOUNT CHENNAI,17883.34,UPI,Investment
2026-04-08,UPI VI MOBILE RECHARGE HYD,4524.5,Debit Card,Bills
2026-04-08,MUTUAL FUND INVESTMENT,16936.02,Wallet,Investment
2026-04-08,JIO RECHARGE REF307547,716.94,Credit Card,Bills
2026-04-08,CAFE COFFEE DAY REF511209,493.4,Debit Card,Food
2026-04-08,GROCERY FOOD STORE,260.81,Debit Card,Food
2026-04-08,MEDPLUS PHARMACY,6046.8,UPI,Healthcare
2026-04-08,YOUTUBE PREMIUM REF252449,1601.02,Net Banking,Entertainment
2026-04-08,MISCELLANEOUS PAYMENT REF860630,313.53,Cash,Other
2026-04-08,UPI AMAZON PRIME HYD,2290.56,Net Banking,Entertainment
2026-04-08,SPOTIFY PREMIUM,2258.02,UPI,Entertainment
2026-04-08,GIFT PURCHASE TXN94994,7442.12,Credit Card,Other
2026-04-08,UPI UPI TRANSFER BLR,3216.26,Cash,Other
2026-04-08,PERSONAL TRANSFER REF650516,358.69,Wallet,Other
2026-04-08,MEDICAL STORE TXN95739,6126.2,UPI,Healthcare
2026-04-08,UPI ELECTRICITY BILL CHENNAI,4901.64,Debit Card,Bills
2026-04-08,WATER BILL TXN70033,2933.52,Net Banking,Bills
2026-04-09,UPI VI MOBILE RECHARGE BLR,2131.91,Net Banking,Bills
2026-04-09,ROOM RENT,24939.77,Wallet,Rent
2026-04-09,UPI CERTIFICATION EXAM HYD,980.09,Debit Card,Education
2026-04-09,UPI MCDONALDS ORDER VIJAYAWADA,1256.93,UPI,Food
2026-04-09,APOLLO PHARMACY REF188171,2614.19,Cash,Healthcare
2026-04-09,ROOM RENT,21604.59,Net Banking,Rent
2026-04-09,RAPIDO RIDE,2542.62,Cash,Transport
2026-04-09,UPI HOSPITAL PAYMENT BLR,7726.73,Net Banking,Healthcare
2026-04-09,APARTMENT RENT,4293.88,Credit Card,Rent
2026-04-09,SPOTIFY PREMIUM,2854.9,UPI,Entertainment
2026-04-10,UPI APOLLO PHARMACY CHENNAI,1734.07,Cash,Healthcare
2026-04-10,UPI SHOPPING MALL GUNTUR,138.94,UPI,Shopping
2026-04-10,RESTAURANT PAYMENT,1713.14,Credit Card,Food
2026-04-10,SIP INVESTMENT,12180.57,Debit Card,Investment
2026-04-10,UPI HOSTEL RENT GUNTUR,13928.09,Wallet,Rent
2026-04-10,COLLEGE FEE,19920.94,UPI,Education
2026-04-10,CAFE COFFEE DAY,1284.15,Net Banking,Food
2026-04-11,EXAM FEE TXN68546,8745.72,Wallet,Education
2026-04-11,UPI HOUSE RENT HYD,24694.08,Cash,Rent
2026-04-11,TEA SHOP UPI TXN97471,655.32,Net Banking,Food
2026-04-11,VI MOBILE RECHARGE REF300445,4372.24,Credit Card,Bills
2026-04-11,MUTUAL FUND INVESTMENT REF658956,9865.23,Debit Card,Investment
2026-04-11,MOVIE TICKET TXN38022,477.68,Credit Card,Entertainment
2026-04-12,ATM FEE,6113.4,Debit Card,Other
2026-04-12,LIBRARY FEE,7470.85,Wallet,Education
2026-04-12,ELECTRICITY BILL,2963.35,Cash,Bills
2026-04-12,ELECTRICITY BILL TXN16084,5877.43,Wallet,Bills
2026-04-12,AMAZON PRIME TXN55995,227.01,Debit Card,Entertainment
2026-04-12,UPI INVESTMENT ACCOUNT HYD,29592.35,Credit Card,Investment
2026-04-12,MEDICAL STORE TXN30876,941.9,Debit Card,Healthcare
2026-04-13,APOLLO PHARMACY,2090.12,Debit Card,Healthcare
2026-04-13,AUTO RICKSHAW UPI,1700.49,Credit Card,Transport
2026-04-13,BROADBAND BILL TXN70539,2642.93,Debit Card,Bills
2026-04-13,ATM FEE TXN26802,5787.33,Wallet,Other
2026-04-13,HOTSTAR SUBSCRIPTION,3308.92,Debit Card,Entertainment
2026-04-13,SIP INVESTMENT TXN23497,15279.61,Cash,Investment
2026-04-13,INDIAN OIL PETROL TXN70012,1863.57,Wallet,Transport
2026-04-13,CAFE COFFEE DAY REF119576,1253.86,Cash,Food
2026-04-13,MEESHO ORDER REF491433,971.5,Wallet,Shopping
2026-04-13,ROOM RENT REF575999,15660.01,UPI,Rent
2026-04-13,WATER BILL,993.46,Debit Card,Bills
2026-04-13,ENTERTAINMENT EVENT REF425469,974.71,Net Banking,Entertainment
2026-04-13,UPI APARTMENT RENT BLR,12589.47,Net Banking,Rent
2026-04-13,UPI LIBRARY FEE GUNTUR,1022.28,UPI,Education
2026-04-13,GROCERY FOOD STORE,1545.26,Debit Card,Food
2026-04-14,FIXED DEPOSIT,8566.45,Credit Card,Investment
2026-04-14,UPI ELECTRICITY BILL GUNTUR,5700.49,UPI,Bills
2026-04-14,UPI HOSTEL FEE RENT VIJAYAWADA,10766.44,Cash,Rent
2026-04-14,DOCTOR CONSULTATION,6418.66,Debit Card,Healthcare
2026-04-14,ZOMATO FOOD ORDER TXN80294,1123.7,Net Banking,Food
2026-04-14,UPI KFC RESTAURANT VIJAYAWADA,157.02,Credit Card,Food
2026-04-14,UPI RAPIDO RIDE GUNTUR,506.21,Wallet,Transport
2026-04-14,TRAINING PROGRAM TXN48489,16371.89,Net Banking,Education
2026-04-14,UPI TRANSFER REF809136,4716.37,UPI,Other
2026-04-14,SHOPPING MALL REF236907,7619.94,Cash,Shopping
2026-04-14,APOLLO PHARMACY TXN60747,8914.98,UPI,Healthcare
2026-04-14,ONLINE COURSE PAYMENT,10015.78,Cash,Education
2026-04-14,UPI JIO RECHARGE GUNTUR,2642.74,UPI,Bills
2026-04-14,UPI ATM FEE CHENNAI,7359.13,Credit Card,Other
2026-04-15,HOSPITAL PAYMENT REF252305,3756.04,Debit Card,Healthcare
2026-04-15,UPI ATM FEE VIJAYAWADA,1255.21,UPI,Other
2026-04-15,MOBILE POSTPAID BILL,4640.54,Net Banking,Bills
2026-04-15,MYNTRA SHOPPING REF535872,7736.25,Credit Card,Shopping
2026-04-15,UPI PHARMACY UPI HYD,9656.79,Credit Card,Healthcare
2026-04-15,PVR CINEMAS,1404.81,Wallet,Entertainment
2026-04-15,AMAZON PRIME,3091.13,UPI,Entertainment
2026-04-15,UPI TEA SHOP UPI GUNTUR,524.77,Credit Card,Food
2026-04-15,HEALTH CHECKUP TXN62781,1939.61,Net Banking,Healthcare
2026-04-16,PHARMACY UPI,177.45,Cash,Healthcare
2026-04-16,ENTERTAINMENT EVENT,1499.36,Cash,Entertainment
2026-04-16,GAS BILL PAYMENT TXN69117,5832.04,UPI,Bills
2026-04-16,RAILWAY TICKET,1999.2,Credit Card,Transport
2026-04-16,SPOTIFY PREMIUM TXN26663,2843.66,Debit Card,Entertainment
2026-04-16,EYE HOSPITAL REF644349,6061.37,Credit Card,Healthcare
2026-04-16,NETFLIX SUBSCRIPTION,966.71,Net Banking,Entertainment
2026-04-16,UPI HOSTEL FEE RENT VIJAYAWADA,23011.62,Cash,Rent
2026-04-16,UPI CAFE COFFEE DAY BLR,207.91,Wallet,Food
2026-04-16,DMART PURCHASE TXN61552,5116.33,Wallet,Shopping
2026-04-16,GAS BILL PAYMENT,5477.04,Cash,Bills
2026-04-16,MUTUAL FUND INVESTMENT TXN10582,23270.48,Debit Card,Investment
2026-04-16,AMAZON PRIME REF880002,1514.0,Net Banking,Entertainment
2026-04-16,UPI FIXED DEPOSIT VIJAYAWADA,28258.28,UPI,Investment
2026-04-17,APOLLO PHARMACY TXN31354,8864.01,Net Banking,Healthcare
2026-04-17,RELIANCE TRENDS TXN11828,6572.28,Wallet,Shopping
2026-04-17,UPI MCDONALDS ORDER VIJAYAWADA,1616.88,Wallet,Food
2026-04-17,FIXED DEPOSIT REF503097,28647.58,Net Banking,Investment
2026-04-17,MEDICAL STORE,159.92,UPI,Healthcare
2026-04-17,ROOM RENT TXN43247,22748.18,Credit Card,Rent
2026-04-17,PETROL PUMP,2132.52,Credit Card,Transport
2026-04-17,TEA SHOP UPI REF979827,1531.72,Wallet,Food
2026-04-17,WATER BILL,4446.59,Wallet,Bills
2026-04-17,HOSTEL FEE RENT REF111748,15050.3,Credit Card,Rent
2026-04-17,UPI GIFT PURCHASE BLR,1245.04,Wallet,Other
2026-04-17,BANK CHARGE,496.53,Debit Card,Other
2026-04-17,PG RENT PAYMENT REF904378,18046.97,Credit Card,Rent
2026-04-17,YOUTUBE PREMIUM,1247.89,Debit Card,Entertainment
2026-04-18,GROCERY FOOD STORE,722.82,Debit Card,Food
2026-04-18,GAME PURCHASE REF583607,2260.57,Wallet,Entertainment
2026-04-18,FIXED DEPOSIT TXN56019,21957.68,Wallet,Investment
2026-04-18,INDEX FUND SIP TXN62837,22331.02,Credit Card,Investment
2026-04-18,UPI BAKERY PURCHASE CHENNAI,241.43,UPI,Food
2026-04-18,MOBILE POSTPAID BILL REF203526,2471.03,Wallet,Bills
2026-04-18,SWIGGY ORDER REF921844,1727.24,UPI,Food
2026-04-18,DOMINOS PIZZA,1428.36,UPI,Food
2026-04-18,HOUSE RENT,8409.45,Cash,Rent
2026-04-18,MCDONALDS ORDER,157.6,Debit Card,Food
2026-04-18,BROADBAND BILL REF790266,5806.26,Net Banking,Bills
2026-04-18,DMART PURCHASE REF209153,7119.47,Debit Card,Shopping
2026-04-19,MOBILE POSTPAID BILL TXN59015,5397.58,UPI,Bills
2026-04-19,MUTUAL FUND INVESTMENT REF103292,10112.62,UPI,Investment
2026-04-19,FIXED DEPOSIT,27913.9,UPI,Investment
2026-04-19,ENTERTAINMENT EVENT,2911.12,Debit Card,Entertainment
2026-04-19,HP FUEL STATION TXN58309,2695.66,UPI,Transport
2026-04-19,TRAINING PROGRAM,13125.71,Net Banking,Education
2026-04-20,RECURRING DEPOSIT,1400.81,UPI,Investment
2026-04-20,KFC RESTAURANT,700.56,Cash,Food
2026-04-20,CAFE COFFEE DAY,1442.31,Net Banking,Food
2026-04-20,DOCTOR CONSULTATION TXN83877,6607.45,Cash,Healthcare
2026-04-20,HP FUEL STATION TXN85554,63.73,UPI,Transport
2026-04-20,AMAZON PRIME,1245.7,Cash,Entertainment
2026-04-21,GOLD SAVINGS TXN94218,5328.48,Debit Card,Investment
2026-04-21,MCDONALDS ORDER REF449682,1090.09,Credit Card,Food
2026-04-21,MEDPLUS PHARMACY,8747.1,Net Banking,Healthcare
2026-04-21,DONATION PAYMENT REF113651,8402.82,Debit Card,Other
2026-04-21,HP FUEL STATION,1162.8,Wallet,Transport
2026-04-21,HOSPITAL PAYMENT TXN72288,7185.15,Credit Card,Healthcare
2026-04-22,GAS BILL PAYMENT,725.12,Wallet,Bills
2026-04-22,PG RENT PAYMENT TXN43980,20343.98,Credit Card,Rent
2026-04-22,DOMINOS PIZZA TXN54599,77.32,Debit Card,Food
2026-04-22,CLOTHING STORE TXN84694,6825.1,Wallet,Shopping
2026-04-22,INDEX FUND SIP,27233.58,Net Banking,Investment
2026-04-22,UPI UPI TRANSFER VIJAYAWADA,7186.79,Wallet,Other
2026-04-22,RECURRING DEPOSIT REF907483,9334.49,Credit Card,Investment
2026-04-22,ELECTRICITY BILL,2475.22,Net Banking,Bills
2026-04-23,CLOTHING STORE,7316.4,Debit Card,Shopping
2026-04-23,GROCERY FOOD STORE,1166.45,Cash,Food
2026-04-23,STATIONERY STORE TXN48950,16980.28,Cash,Education
2026-04-23,GROCERY FOOD STORE TXN29967,332.58,Credit Card,Food
2026-04-23,BUS TICKET,1592.96,Debit Card,Transport
2026-04-23,INVESTMENT ACCOUNT,19543.26,Credit Card,Investment
2026-04-23,UPI PETROL PUMP HYD,1662.9,Wallet,Transport
2026-04-23,PG RENT PAYMENT,11973.04,Credit Card,Rent
2026-04-23,HOUSE RENT,12316.52,Cash,Rent
2026-04-23,UPI FLIPKART ORDER CHENNAI,4401.39,Debit Card,Shopping
2026-04-23,ROOM RENT TXN29225,22499.79,Credit Card,Rent
2026-04-23,SPOTIFY PREMIUM,2220.82,Wallet,Entertainment
2026-04-24,EXAM FEE REF305672,20446.58,Debit Card,Education
2026-04-24,UPI DENTAL CLINIC HYD,6853.6,UPI,Healthcare
2026-04-24,TATA PLAY RECHARGE TXN50745,368.81,Wallet,Bills
2026-04-24,AUTO RICKSHAW UPI TXN25364,690.71,UPI,Transport
2026-04-24,SPOTIFY PREMIUM,2642.91,Net Banking,Entertainment
2026-04-24,UPI INOX MOVIES HYD,2158.25,UPI,Entertainment
2026-04-25,UPI JIO RECHARGE VIJAYAWADA,3891.64,UPI,Bills
2026-04-25,DENTAL CLINIC REF552016,1094.62,UPI,Healthcare
2026-04-25,UPI GIFT PURCHASE BLR,2862.74,Debit Card,Other
2026-04-25,ACCOMMODATION PAYMENT REF843828,7371.88,Wallet,Rent
2026-04-25,UPI CAFE COFFEE DAY HYD,410.64,Wallet,Food
2026-04-25,SPOTIFY PREMIUM TXN80485,303.55,Wallet,Entertainment
2026-04-25,MEESHO ORDER,4352.7,Credit Card,Shopping
2026-04-25,ZOMATO FOOD ORDER,845.82,Net Banking,Food
2026-04-26,AMAZON PURCHASE TXN53500,4517.95,Debit Card,Shopping
2026-04-26,UPI OLA CAB HYD,2434.87,Debit Card,Transport
2026-04-26,SIP INVESTMENT TXN56145,16385.52,Wallet,Investment
2026-04-26,RELIANCE TRENDS REF659875,4200.66,Credit Card,Shopping
2026-04-26,SPOTIFY PREMIUM,997.37,Net Banking,Entertainment
2026-04-26,GROCERY FOOD STORE TXN15419,1215.02,Debit Card,Food
2026-04-26,ROOM RENT,13935.39,Wallet,Rent
2026-04-26,BUS TICKET,1151.38,Net Banking,Transport
2026-04-26,HOSPITAL PAYMENT TXN83569,8125.96,Debit Card,Healthcare
2026-04-26,ROOM RENT TXN32738,18124.27,Credit Card,Rent
2026-04-26,SWIGGY ORDER TXN43577,1072.3,UPI,Food
2026-04-26,RECURRING DEPOSIT,9355.05,Wallet,Investment
2026-04-26,UPI INDIAN OIL PETROL VIJAYAWADA,1800.28,Debit Card,Transport
2026-04-26,HOSPITAL PAYMENT,9384.45,UPI,Healthcare
2026-04-27,BROADBAND BILL,1268.96,Cash,Bills
2026-04-27,STATIONERY STORE TXN72793,5428.27,Cash,Education
2026-04-27,HOSTEL FEE RENT,7631.48,Credit Card,Rent
2026-04-27,DENTAL CLINIC,2830.22,Debit Card,Healthcare
2026-04-27,HP FUEL STATION TXN53525,1660.26,Debit Card,Transport
2026-04-27,UPI SIP INVESTMENT GUNTUR,28466.55,Wallet,Investment
2026-04-27,MUTUAL FUND INVESTMENT,20261.96,Wallet,Investment
2026-04-28,COLLEGE FEE TXN84842,3537.45,UPI,Education
2026-04-28,MONTHLY RENT REF691573,5468.59,Cash,Rent
2026-04-28,UPI ROOM RENT GUNTUR,20979.52,UPI,Rent
2026-04-28,HP FUEL STATION,1450.5,Debit Card,Transport
2026-04-28,INVESTMENT ACCOUNT TXN26750,20268.43,Wallet,Investment
2026-04-28,UPI PVR CINEMAS BLR,3971.72,Cash,Entertainment
2026-04-28,UPI MYNTRA SHOPPING VIJAYAWADA,10699.78,Debit Card,Shopping
2026-04-28,AJIO PURCHASE,5841.63,Wallet,Shopping
2026-04-28,INVESTMENT ACCOUNT TXN68068,3457.72,Cash,Investment
2026-04-28,DIAGNOSTIC LAB,6942.78,Debit Card,Healthcare
2026-04-28,UPI INVESTMENT ACCOUNT BLR,19510.81,UPI,Investment
2026-04-29,UPI WATER BILL GUNTUR,5915.8,Wallet,Bills
2026-04-29,ATM FEE,9440.44,Net Banking,Other
2026-04-29,VI MOBILE RECHARGE,1310.71,Cash,Bills
2026-04-29,STOCK INVESTMENT REF905868,21659.74,UPI,Investment
2026-04-29,METRO TICKET TXN22119,1620.84,Debit Card,Transport
2026-04-29,COURSERA COURSE TXN53741,18195.07,Wallet,Education
2026-04-29,BAKERY PURCHASE,327.05,Cash,Food
2026-04-29,PG RENT PAYMENT,5253.16,Wallet,Rent
2026-04-29,UPI MUTUAL FUND INVESTMENT HYD,26518.61,Cash,Investment
2026-04-29,UPI BROADBAND BILL VIJAYAWADA,3193.83,Net Banking,Bills
2026-04-29,RAPIDO RIDE TXN66382,2889.49,Net Banking,Transport
2026-04-29,UPI COURSERA COURSE HYD,7243.3,Net Banking,Education
2026-04-29,UPI RECURRING DEPOSIT BLR,14363.83,Wallet,Investment
2026-04-29,ELECTRONICS STORE,5168.05,Net Banking,Shopping
2026-04-29,DONATION PAYMENT,2568.27,UPI,Other
2026-04-29,SIP INVESTMENT,27907.99,Wallet,Investment
2026-04-29,MOVIE TICKET,1852.53,Credit Card,Entertainment
2026-04-29,PG RENT PAYMENT,24530.02,Credit Card,Rent
2026-04-30,INOX MOVIES,1830.47,Wallet,Entertainment
2026-04-30,HP FUEL STATION,1107.29,UPI,Transport
2026-04-30,TATA PLAY RECHARGE,1253.84,Credit Card,Bills
2026-04-30,UPI AMAZON PRIME HYD,2704.09,Net Banking,Entertainment
2026-04-30,UPI INOX MOVIES HYD,2408.77,Wallet,Entertainment
2026-04-30,UPI DOCTOR CONSULTATION BLR,7920.46,Credit Card,Healthcare
2026-05-01,SPOTIFY PREMIUM,2706.57,Net Banking,Entertainment
2026-05-01,UPI UBER TRIP BLR,471.93,Cash,Transport
2026-05-01,UPI SHOPPING MALL BLR,9980.98,Wallet,Shopping
2026-05-01,ELECTRICITY BILL,3719.23,Cash,Bills
2026-05-01,KFC RESTAURANT TXN64205,1412.4,Debit Card,Food
2026-05-01,UPI FIXED DEPOSIT CHENNAI,21736.24,UPI,Investment
2026-05-01,CASH WITHDRAWAL,4953.38,Cash,Other
2026-05-02,RAILWAY TICKET REF674918,2275.18,Cash,Transport
2026-05-02,HOSPITAL PAYMENT,1955.03,Credit Card,Healthcare
2026-05-02,AUTO RICKSHAW UPI,251.29,UPI,Transport
2026-05-02,BAKERY PURCHASE,1116.64,UPI,Food
2026-05-02,UPI INDIAN OIL PETROL BLR,1503.64,Debit Card,Transport
2026-05-02,HOSPITAL PAYMENT,7107.25,Debit Card,Healthcare
2026-05-02,UPI PERSONAL TRANSFER BLR,3448.59,Net Banking,Other
2026-05-02,ACT FIBERNET,4305.33,Debit Card,Bills
2026-05-02,RESTAURANT PAYMENT,177.08,Credit Card,Food
2026-05-02,ENTERTAINMENT EVENT REF943580,626.49,Debit Card,Entertainment
2026-05-02,AJIO PURCHASE,3887.03,Net Banking,Shopping
2026-05-02,ELECTRICITY BILL,3760.6,Credit Card,Bills
2026-05-03,UPI ACCOMMODATION PAYMENT HYD,7381.25,Wallet,Rent
2026-05-03,ACCOMMODATION PAYMENT REF216818,8030.19,Net Banking,Rent
2026-05-03,MEDICAL STORE,8784.37,UPI,Healthcare
2026-05-03,STOCK INVESTMENT,23580.97,Net Banking,Investment
2026-05-04,UPI INOX MOVIES VIJAYAWADA,1954.42,Credit Card,Entertainment
2026-05-04,UPI CERTIFICATION EXAM BLR,22473.21,Debit Card,Education
2026-05-04,UPI COLLEGE FEE CHENNAI,21804.82,Credit Card,Education
2026-05-04,COLLEGE FEE,7134.74,Net Banking,Education
2026-05-04,MCDONALDS ORDER,488.74,Credit Card,Food
2026-05-04,INDIAN OIL PETROL REF379625,985.89,Cash,Transport
2026-05-04,UPI STOCK INVESTMENT VIJAYAWADA,7013.25,Credit Card,Investment
2026-05-04,AMAZON PRIME,1074.44,UPI,Entertainment
2026-05-04,DOCTOR CONSULTATION TXN71863,9349.87,Credit Card,Healthcare
2026-05-05,UPI EXAM FEE GUNTUR,11563.67,Cash,Education
2026-05-05,INVESTMENT ACCOUNT,13358.32,Debit Card,Investment
2026-05-05,BANK CHARGE REF348918,5095.72,Cash,Other
2026-05-05,SHOPPING MALL REF211586,11447.49,Net Banking,Shopping
2026-05-05,FIXED DEPOSIT,20465.82,Cash,Investment
2026-05-05,BAKERY PURCHASE,799.41,Wallet,Food
2026-05-05,BROADBAND BILL,3660.09,UPI,Bills
2026-05-05,PETROL PUMP,1031.91,Wallet,Transport
2026-05-05,PVR CINEMAS,2647.67,UPI,Entertainment
2026-05-05,INOX MOVIES REF990545,1842.69,UPI,Entertainment
2026-05-05,HOSPITAL PAYMENT,7002.91,Cash,Healthcare
2026-05-05,DONATION PAYMENT TXN93201,9901.72,Cash,Other
2026-05-05,MEESHO ORDER,700.91,Credit Card,Shopping
2026-05-05,FIXED DEPOSIT TXN16171,15152.67,Wallet,Investment
2026-05-06,UPI TRAINING PROGRAM CHENNAI,6801.42,UPI,Education
2026-05-06,OLA CAB TXN29265,2505.08,Debit Card,Transport
2026-05-06,NETFLIX SUBSCRIPTION,3124.35,Credit Card,Entertainment
2026-05-06,MOVIE TICKET,259.74,Debit Card,Entertainment
2026-05-06,MISCELLANEOUS PAYMENT REF214835,7622.62,Net Banking,Other
2026-05-06,UPI GAS BILL PAYMENT BLR,4566.37,Credit Card,Bills
2026-05-06,UPI TEA SHOP UPI CHENNAI,1269.3,Wallet,Food
2026-05-06,HP FUEL STATION,1992.51,Credit Card,Transport
2026-05-07,MOBILE POSTPAID BILL,5803.06,UPI,Bills
2026-05-07,DMART PURCHASE,5314.07,Credit Card,Shopping
2026-05-07,UPI APARTMENT RENT VIJAYAWADA,4162.87,Net Banking,Rent
2026-05-07,NETFLIX SUBSCRIPTION REF646306,1351.33,Cash,Entertainment
2026-05-07,MEDPLUS PHARMACY,5650.64,Cash,Healthcare
2026-05-07,AMAZON PRIME REF884021,1060.27,Cash,Entertainment
2026-05-07,MYNTRA SHOPPING,4184.41,Credit Card,Shopping
2026-05-07,MUTUAL FUND INVESTMENT,6883.44,Wallet,Investment
2026-05-07,MOVIE TICKET,2962.01,Debit Card,Entertainment
2026-05-08,VI MOBILE RECHARGE,2164.84,Debit Card,Bills
2026-05-08,FLIPKART ORDER TXN17198,11063.42,Net Banking,Shopping
2026-05-08,EXAM FEE,18942.27,Credit Card,Education
2026-05-08,SWIGGY ORDER,1256.57,Wallet,Food
2026-05-08,AJIO PURCHASE REF967154,7975.96,Wallet,Shopping
2026-05-08,JIO RECHARGE TXN12822,2691.24,UPI,Bills
2026-05-09,MEDICAL STORE,775.28,Wallet,Healthcare
2026-05-09,BANK CHARGE,4487.84,Net Banking,Other
2026-05-09,UBER TRIP REF241774,904.15,Credit Card,Transport
2026-05-09,ACCOMMODATION PAYMENT,19663.19,Wallet,Rent
2026-05-09,UPI ATM FEE VIJAYAWADA,1128.13,Debit Card,Other
2026-05-09,CASH WITHDRAWAL,2661.25,Credit Card,Other
2026-05-09,UPI BROADBAND BILL VIJAYAWADA,4743.57,Net Banking,Bills
2026-05-09,CAFE COFFEE DAY TXN27299,726.97,Cash,Food
2026-05-09,ZOMATO FOOD ORDER,1103.44,Debit Card,Food
2026-05-09,RAILWAY TICKET,305.19,Wallet,Transport
2026-05-09,BOOK STORE REF434165,23277.57,Wallet,Education
2026-05-09,BUS TICKET,750.32,Net Banking,Transport
2026-05-09,UPI AMAZON PRIME BLR,1519.25,Credit Card,Entertainment
2026-05-09,MEESHO ORDER TXN72930,7590.63,Cash,Shopping
2026-05-09,EXAM FEE,10228.75,Wallet,Education
2026-05-10,ONLINE COURSE PAYMENT REF843397,2348.38,Debit Card,Education
2026-05-10,ENTERTAINMENT EVENT TXN59064,2304.15,UPI,Entertainment
2026-05-10,SWIGGY ORDER REF260825,1433.39,Cash,Food
2026-05-10,MONTHLY RENT,19108.59,Cash,Rent
2026-05-10,STOCK INVESTMENT TXN63684,7757.93,Net Banking,Investment
2026-05-10,UPI TRANSFER REF855102,7995.61,Debit Card,Other
2026-05-10,ELECTRONICS STORE TXN59227,2019.23,Cash,Shopping
2026-05-11,MISCELLANEOUS PAYMENT TXN51592,7886.7,Cash,Other
2026-05-11,HP FUEL STATION,1679.84,Debit Card,Transport
2026-05-11,UPI TATA PLAY RECHARGE CHENNAI,4940.52,Debit Card,Bills
2026-05-11,UPI TRANSFER,2879.44,Net Banking,Other
2026-05-11,APARTMENT RENT REF313442,23065.08,Cash,Rent
2026-05-11,UPI TRANSFER REF260632,8410.95,Cash,Other
2026-05-11,APARTMENT RENT,8664.2,UPI,Rent
2026-05-11,CLOTHING STORE REF680100,14535.11,Cash,Shopping
2026-05-11,CASH WITHDRAWAL REF559094,7999.92,UPI,Other
2026-05-11,STOCK INVESTMENT TXN78234,8770.82,UPI,Investment
2026-05-11,PG RENT PAYMENT,22316.76,Wallet,Rent
2026-05-11,MOBILE POSTPAID BILL REF197344,737.36,Debit Card,Bills
2026-05-11,LIBRARY FEE REF495085,3741.0,Credit Card,Education
2026-05-11,STOCK INVESTMENT REF193347,12616.89,Debit Card,Investment
2026-05-11,AIRTEL RECHARGE REF507821,2042.45,Credit Card,Bills
2026-05-11,UPI DIAGNOSTIC LAB GUNTUR,5752.25,Credit Card,Healthcare
2026-05-11,UPI GAS BILL PAYMENT BLR,3060.63,Net Banking,Bills
2026-05-11,DONATION PAYMENT REF599446,6245.83,Debit Card,Other
2026-05-12,ROOM RENT,9313.66,Net Banking,Rent
2026-05-12,UPI PERSONAL TRANSFER GUNTUR,2982.69,Debit Card,Other
2026-05-12,UPI GAME PURCHASE GUNTUR,3348.23,Cash,Entertainment
2026-05-12,UPI MOVIE TICKET CHENNAI,423.2,Wallet,Entertainment
2026-05-12,RECURRING DEPOSIT,27197.59,Net Banking,Investment
2026-05-12,HP FUEL STATION,1059.94,Wallet,Transport
2026-05-12,DMART PURCHASE,13897.46,Net Banking,Shopping
2026-05-12,GIFT PURCHASE,9992.46,Wallet,Other
2026-05-12,UPI TATA PLAY RECHARGE VIJAYAWADA,3508.77,Credit Card,Bills
2026-05-13,NETFLIX SUBSCRIPTION TXN70749,431.46,UPI,Entertainment
2026-05-13,CASH WITHDRAWAL REF636361,9994.32,Credit Card,Other
2026-05-13,MEDICAL STORE REF461111,4321.72,Net Banking,Healthcare
2026-05-13,ONLINE COURSE PAYMENT REF278413,9732.33,Debit Card,Education
2026-05-13,MUTUAL FUND INVESTMENT,23636.3,Wallet,Investment
2026-05-13,MEDPLUS PHARMACY,2777.76,Credit Card,Healthcare
2026-05-13,UPI MOVIE TICKET CHENNAI,280.11,Debit Card,Entertainment
2026-05-13,AUTO RICKSHAW UPI TXN24185,2369.2,Net Banking,Transport
2026-05-13,BUS TICKET TXN55881,1459.85,Debit Card,Transport
2026-05-13,GROCERY FOOD STORE,1657.2,Debit Card,Food
2026-05-13,KFC RESTAURANT,55.79,Net Banking,Food
2026-05-13,METRO TICKET,2610.39,Debit Card,Transport
2026-05-13,AIRTEL RECHARGE,2476.85,Cash,Bills
2026-05-14,INOX MOVIES TXN71908,3218.84,Debit Card,Entertainment
2026-05-14,AUTO RICKSHAW UPI REF995237,1858.58,Cash,Transport
2026-05-14,PERSONAL TRANSFER,289.5,Credit Card,Other
2026-05-14,UPI FLIPKART ORDER CHENNAI,11391.89,Cash,Shopping
2026-05-14,UPI FLIPKART ORDER HYD,14725.38,Debit Card,Shopping
2026-05-14,ZOMATO FOOD ORDER,1165.49,Net Banking,Food
2026-05-14,CERTIFICATION EXAM,2678.6,Wallet,Education
2026-05-15,ROOM RENT REF167164,16578.02,UPI,Rent
2026-05-15,UPI TRAINING PROGRAM GUNTUR,22169.24,Credit Card,Education
2026-05-15,UPI HOSTEL RENT HYD,14493.83,Credit Card,Rent
2026-05-15,UPI AMAZON PRIME VIJAYAWADA,2770.07,Credit Card,Entertainment
2026-05-15,PERSONAL TRANSFER,8844.38,Cash,Other
2026-05-15,APARTMENT RENT REF426099,12604.28,Credit Card,Rent
2026-05-15,SHOPPING MALL,7807.32,UPI,Shopping
2026-05-15,RECURRING DEPOSIT REF710097,19616.42,Wallet,Investment
2026-05-16,GAS BILL PAYMENT,2074.37,Wallet,Bills
2026-05-16,HP FUEL STATION,2197.98,Debit Card,Transport
2026-05-16,UPI DENTAL CLINIC HYD,1384.39,Cash,Healthcare
2026-05-16,HP FUEL STATION,2886.12,Wallet,Transport
2026-05-16,VI MOBILE RECHARGE,534.89,UPI,Bills
2026-05-16,ATM FEE,4784.76,Cash,Other
2026-05-16,HP FUEL STATION REF472703,2420.73,Net Banking,Transport
2026-05-16,CERTIFICATION EXAM REF127428,15745.93,Wallet,Education
2026-05-16,UPI ACCOMMODATION PAYMENT HYD,7536.99,Cash,Rent
2026-05-16,HEALTH CHECKUP TXN27048,1693.2,Credit Card,Healthcare
2026-05-16,LIBRARY FEE,20924.7,Credit Card,Education
2026-05-16,AJIO PURCHASE,12357.98,Cash,Shopping
2026-05-17,MEDICAL STORE,7128.87,UPI,Healthcare
2026-05-17,HOSPITAL PAYMENT REF374691,771.42,Debit Card,Healthcare
2026-05-17,COLLEGE FEE TXN84262,3484.95,Credit Card,Education
2026-05-17,INDIAN OIL PETROL REF845978,2145.74,Debit Card,Transport
2026-05-17,GIFT PURCHASE,6872.24,Net Banking,Other
2026-05-17,GAS BILL PAYMENT TXN50728,1694.87,Debit Card,Bills
2026-05-17,FIXED DEPOSIT,24158.49,Credit Card,Investment
2026-05-17,APOLLO PHARMACY,7853.44,Credit Card,Healthcare
2026-05-17,GAS BILL PAYMENT TXN69587,4791.03,UPI,Bills
2026-05-17,INVESTMENT ACCOUNT,22124.85,Cash,Investment
2026-05-17,OLA CAB,317.25,Credit Card,Transport
2026-05-17,UPI HOSTEL RENT GUNTUR,21247.63,UPI,Rent
2026-05-17,DIAGNOSTIC LAB REF291276,3578.93,Net Banking,Healthcare
2026-05-17,MCDONALDS ORDER REF718722,987.31,Net Banking,Food
2026-05-18,JIO RECHARGE REF840720,5023.28,Wallet,Bills
2026-05-18,UBER TRIP,1643.67,Wallet,Transport
2026-05-18,HOUSE RENT TXN96148,15026.42,Credit Card,Rent
2026-05-18,RESTAURANT PAYMENT TXN34878,1744.36,Net Banking,Food
2026-05-18,UPI CASH WITHDRAWAL CHENNAI,6055.89,Cash,Other
2026-05-18,EXAM FEE TXN18559,10910.31,Wallet,Education
2026-05-18,DONATION PAYMENT TXN85811,414.48,UPI,Other
2026-05-18,CASH WITHDRAWAL,502.89,UPI,Other
2026-05-18,PERSONAL TRANSFER,6431.06,Debit Card,Other
2026-05-19,MISCELLANEOUS PAYMENT TXN13924,5515.06,Debit Card,Other
2026-05-19,MEDICAL STORE REF811341,8464.82,Credit Card,Healthcare
2026-05-19,BROADBAND BILL TXN47016,5628.12,UPI,Bills
2026-05-19,RESTAURANT PAYMENT TXN11173,793.3,Credit Card,Food
2026-05-19,MEDICAL STORE REF949507,3631.06,Cash,Healthcare
2026-05-19,DONATION PAYMENT TXN52038,6397.6,Credit Card,Other
2026-05-19,YOUTUBE PREMIUM TXN77679,917.38,Net Banking,Entertainment
2026-05-19,ELECTRICITY BILL TXN77027,4010.25,Net Banking,Bills
2026-05-19,DENTAL CLINIC,8622.86,Net Banking,Healthcare
2026-05-19,HOTSTAR SUBSCRIPTION,2418.36,Debit Card,Entertainment
2026-05-20,DENTAL CLINIC,8251.95,Debit Card,Healthcare
2026-05-20,NETFLIX SUBSCRIPTION,2752.09,Wallet,Entertainment
2026-05-20,COLLEGE FEE,10503.87,Cash,Education
2026-05-20,SHOPPING MALL REF654784,3505.87,Debit Card,Shopping
2026-05-20,RAILWAY TICKET,951.54,Net Banking,Transport
2026-05-20,UPI RAILWAY TICKET BLR,2223.9,UPI,Transport
2026-05-20,GAME PURCHASE,3467.27,Debit Card,Entertainment
2026-05-20,AIRTEL RECHARGE REF262868,3894.88,Credit Card,Bills
2026-05-20,UPI ELECTRONICS STORE VIJAYAWADA,11293.08,Cash,Shopping
2026-05-20,STOCK INVESTMENT,18410.09,UPI,Investment
2026-05-21,BROADBAND BILL TXN17505,5732.42,Wallet,Bills
2026-05-21,UPI DONATION PAYMENT VIJAYAWADA,1662.41,Debit Card,Other
2026-05-21,UPI STOCK INVESTMENT HYD,17510.28,Credit Card,Investment
2026-05-21,ACT FIBERNET,2025.51,Cash,Bills
2026-05-21,BUS TICKET TXN13328,434.29,UPI,Transport
2026-05-21,DONATION PAYMENT REF659790,1109.34,Cash,Other
2026-05-21,PHARMACY UPI REF556090,8875.54,Cash,Healthcare
2026-05-21,HOSTEL FEE RENT REF216059,5117.23,Credit Card,Rent
2026-05-21,BUS TICKET,1082.64,Cash,Transport
2026-05-21,UPI JIO RECHARGE GUNTUR,116.91,UPI,Bills
2026-05-21,COLLEGE FEE REF841378,22380.34,UPI,Education
2026-05-21,UPI JIO RECHARGE BLR,5128.28,Cash,Bills
2026-05-22,COLLEGE FEE REF951876,24857.05,Debit Card,Education
2026-05-22,UPI SHOPPING MALL HYD,197.05,Cash,Shopping
2026-05-22,SWIGGY ORDER REF468570,1097.3,UPI,Food
2026-05-22,ATM FEE REF514515,141.43,Net Banking,Other
2026-05-22,HOSTEL FEE RENT,8904.7,Debit Card,Rent
2026-05-22,UPI WATER BILL GUNTUR,3681.88,Net Banking,Bills
2026-05-22,UPI GAS BILL PAYMENT CHENNAI,5597.61,Debit Card,Bills
2026-05-22,INOX MOVIES,3602.35,Cash,Entertainment
2026-05-22,RAILWAY TICKET,2191.95,Cash,Transport
2026-05-22,AMAZON PRIME REF947070,645.84,Net Banking,Entertainment
2026-05-22,DOMINOS PIZZA,1535.48,Net Banking,Food
2026-05-22,DOMINOS PIZZA TXN50696,762.78,Net Banking,Food
2026-05-22,KFC RESTAURANT TXN34097,1468.14,Credit Card,Food
2026-05-23,GROCERY FOOD STORE TXN31376,1754.64,Cash,Food
2026-05-23,HEALTH CHECKUP TXN21778,7018.62,Credit Card,Healthcare
2026-05-23,INDIAN OIL PETROL,1274.43,Cash,Transport
2026-05-23,AMAZON PRIME,1854.9,Net Banking,Entertainment
2026-05-23,MEDICAL STORE,5817.96,UPI,Healthcare
2026-05-23,ATM FEE REF136802,8770.05,Credit Card,Other
2026-05-23,NETFLIX SUBSCRIPTION,2475.57,Wallet,Entertainment
2026-05-23,EYE HOSPITAL,7344.82,Wallet,Healthcare
2026-05-23,MEDPLUS PHARMACY,5796.02,Cash,Healthcare
2026-05-23,AJIO PURCHASE,2986.05,Net Banking,Shopping
2026-05-24,BANK CHARGE REF389666,7738.12,Net Banking,Other
2026-05-24,NETFLIX SUBSCRIPTION,3483.25,Wallet,Entertainment
2026-05-24,MISCELLANEOUS PAYMENT,9860.25,UPI,Other
2026-05-24,UPI TRANSFER TXN62108,1522.06,Net Banking,Other
2026-05-24,RECURRING DEPOSIT,2094.83,Debit Card,Investment
2026-05-24,HP FUEL STATION REF505343,177.46,Cash,Transport
2026-05-24,STOCK INVESTMENT REF894887,29902.96,Net Banking,Investment
2026-05-24,AJIO PURCHASE,3162.46,UPI,Shopping
2026-05-24,MEDPLUS PHARMACY REF321974,3541.84,Net Banking,Healthcare
2026-05-25,HOSPITAL PAYMENT TXN24616,5672.74,Cash,Healthcare
2026-05-25,HEALTH CHECKUP TXN92056,9000.04,UPI,Healthcare
2026-05-25,UPI EYE HOSPITAL BLR,4132.09,Net Banking,Healthcare
2026-05-25,KFC RESTAURANT REF425434,1322.94,UPI,Food
2026-05-25,TRAINING PROGRAM,15786.53,Net Banking,Education
2026-05-25,UPI SWIGGY ORDER BLR,642.79,Net Banking,Food
2026-05-25,CASH WITHDRAWAL REF131905,6462.4,Credit Card,Other
2026-05-25,DONATION PAYMENT,7371.04,Wallet,Other
2026-05-25,UPI MEDICAL STORE BLR,9980.16,Wallet,Healthcare
2026-05-25,INDIAN OIL PETROL,1501.66,Credit Card,Transport
2026-05-25,UPI CASH WITHDRAWAL BLR,3171.6,Wallet,Other
2026-05-25,UPI MEDICAL STORE HYD,9525.76,Net Banking,Healthcare
2026-05-25,ELECTRICITY BILL,4434.68,UPI,Bills
2026-05-25,CAFE COFFEE DAY REF954689,871.25,Wallet,Food
2026-05-25,INOX MOVIES REF673293,2846.1,Wallet,Entertainment
2026-05-25,UPI ATM FEE VIJAYAWADA,5179.14,Cash,Other
2026-05-25,SHOPPING MALL,13633.2,UPI,Shopping
2026-05-26,UPI FLIPKART ORDER GUNTUR,14010.09,Debit Card,Shopping
2026-05-26,ENTERTAINMENT EVENT TXN82306,3260.03,Credit Card,Entertainment
2026-05-26,HOSTEL RENT,8837.9,UPI,Rent
2026-05-26,INOX MOVIES TXN62453,3815.5,Debit Card,Entertainment
2026-05-26,DOCTOR CONSULTATION REF196338,2076.95,Debit Card,Healthcare
2026-05-26,APARTMENT RENT REF266004,10870.45,Cash,Rent
2026-05-26,GOLD SAVINGS,24029.23,Cash,Investment
2026-05-26,AUTO RICKSHAW UPI,2534.43,Credit Card,Transport
2026-05-26,KFC RESTAURANT REF297209,297.92,Debit Card,Food
2026-05-26,UPI GROCERY FOOD STORE BLR,1320.95,Net Banking,Food
2026-05-26,UPI ROOM RENT VIJAYAWADA,24442.45,Net Banking,Rent
2026-05-26,UPI BANK CHARGE VIJAYAWADA,3111.77,UPI,Other
2026-05-26,MOVIE TICKET,1216.4,Cash,Entertainment
2026-05-26,DMART PURCHASE TXN42049,11861.34,Cash,Shopping
2026-05-26,UPI HEALTH CHECKUP GUNTUR,6327.79,UPI,Healthcare
2026-05-26,PETROL PUMP,1945.47,Credit Card,Transport
2026-05-26,UPI PERSONAL TRANSFER CHENNAI,2061.38,Wallet,Other
2026-05-27,LIBRARY FEE TXN32551,21133.52,UPI,Education
2026-05-27,OLA CAB TXN74874,1074.6,Cash,Transport
2026-05-27,UPI AUTO RICKSHAW UPI CHENNAI,769.76,Wallet,Transport
2026-05-27,MEDPLUS PHARMACY REF511971,1139.88,Net Banking,Healthcare
2026-05-27,LIBRARY FEE,24673.1,Wallet,Education
2026-05-27,OLA CAB TXN14781,2095.39,Wallet,Transport
2026-05-27,PG RENT PAYMENT TXN39589,21269.59,Credit Card,Rent
2026-05-27,CERTIFICATION EXAM,6179.79,Net Banking,Education
2026-05-27,ONLINE COURSE PAYMENT TXN77873,19385.7,Cash,Education
2026-05-28,MEESHO ORDER TXN20534,2850.45,Debit Card,Shopping
2026-05-28,UBER TRIP REF116401,920.53,Net Banking,Transport
2026-05-28,UPI BROADBAND BILL GUNTUR,169.71,Wallet,Bills
2026-05-28,PERSONAL TRANSFER,3698.35,UPI,Other
2026-05-28,DOCTOR CONSULTATION TXN89268,8711.21,Cash,Healthcare
2026-05-28,SHOPPING MALL,14010.08,Debit Card,Shopping
2026-05-28,UDEMY COURSE,21687.13,Net Banking,Education
2026-05-28,UPI ELECTRICITY BILL GUNTUR,4114.1,Wallet,Bills
2026-05-28,UPI GAS BILL PAYMENT HYD,5152.26,Net Banking,Bills
2026-05-28,PETROL PUMP REF640717,337.82,Cash,Transport
2026-05-28,BAKERY PURCHASE TXN31207,1280.78,Cash,Food
2026-05-28,UPI INDIAN OIL PETROL BLR,2556.81,UPI,Transport
2026-05-28,PVR CINEMAS REF699876,1974.51,Credit Card,Entertainment
2026-05-28,RESTAURANT PAYMENT,750.54,UPI,Food
2026-05-28,INDIAN OIL PETROL TXN77881,2975.86,Debit Card,Transport
2026-05-28,UPI BANK CHARGE BLR,5231.83,Credit Card,Other
2026-05-28,UDEMY COURSE,18058.64,Credit Card,Education
2026-05-29,INOX MOVIES,917.88,UPI,Entertainment
2026-05-29,UPI BUS TICKET CHENNAI,1010.81,Wallet,Transport
2026-05-29,HOSTEL FEE RENT,17766.72,Net Banking,Rent
2026-05-29,GAS BILL PAYMENT TXN90315,4119.79,Wallet,Bills
2026-05-29,KFC RESTAURANT REF564827,1408.1,Net Banking,Food
2026-05-29,BAKERY PURCHASE TXN70226,579.73,UPI,Food
2026-05-29,ACCOMMODATION PAYMENT,10700.55,UPI,Rent
2026-05-29,PETROL PUMP,37.63,UPI,Transport
2026-05-29,INDIAN OIL PETROL,46.94,Net Banking,Transport
2026-05-29,UPI MEESHO ORDER BLR,7430.79,Wallet,Shopping
2026-05-29,UPI WATER BILL GUNTUR,3956.86,Debit Card,Bills
2026-05-29,APOLLO PHARMACY,5677.31,UPI,Healthcare
2026-05-29,MONTHLY RENT,5030.97,Credit Card,Rent
2026-05-29,WATER BILL,4052.08,Debit Card,Bills
2026-05-30,UPI RECURRING DEPOSIT VIJAYAWADA,14567.28,Net Banking,Investment
2026-05-30,VI MOBILE RECHARGE TXN67067,2520.54,UPI,Bills
2026-05-30,UPI SPOTIFY PREMIUM CHENNAI,3787.77,Wallet,Entertainment
2026-05-30,AMAZON PRIME,617.79,Credit Card,Entertainment
2026-05-30,HOTSTAR SUBSCRIPTION REF117367,888.36,Cash,Entertainment
2026-05-30,DMART PURCHASE TXN13914,7247.1,Net Banking,Shopping
2026-05-30,ROOM RENT REF460137,14139.76,Wallet,Rent
2026-05-30,UPI APOLLO PHARMACY BLR,8122.61,Debit Card,Healthcare
2026-05-30,UPI TRANSFER TXN36176,5148.77,Wallet,Other
2026-05-30,MCDONALDS ORDER,678.4,Wallet,Food
2026-05-30,MUTUAL FUND INVESTMENT REF646155,19905.8,Net Banking,Investment
2026-05-31,UPI COLLEGE FEE VIJAYAWADA,1222.46,Cash,Education
2026-05-31,ROOM RENT REF824851,6813.42,Net Banking,Rent
2026-05-31,CASH WITHDRAWAL,1332.65,Net Banking,Other
2026-05-31,BROADBAND BILL,4226.2,Net Banking,Bills
2026-05-31,UPI SPOTIFY PREMIUM GUNTUR,2105.98,Net Banking,Entertainment
2026-05-31,STOCK INVESTMENT REF136862,20074.7,Credit Card,Investment
2026-05-31,UPI DOMINOS PIZZA BLR,81.06,Net Banking,Food
2026-05-31,HOUSE RENT,10640.36,Wallet,Rent
2026-05-31,UPI PERSONAL TRANSFER VIJAYAWADA,2142.82,Net Banking,Other
2026-05-31,MUTUAL FUND INVESTMENT,10259.3,Wallet,Investment
2026-06-01,HOUSE RENT,9070.23,Wallet,Rent
2026-06-01,WATER BILL REF571578,1650.61,UPI,Bills
2026-06-01,HOTSTAR SUBSCRIPTION,2935.72,Wallet,Entertainment
2026-06-01,UPI NETFLIX SUBSCRIPTION GUNTUR,1048.77,Net Banking,Entertainment
2026-06-01,UPI EYE HOSPITAL HYD,4486.99,Cash,Healthcare
2026-06-01,UPI CLOTHING STORE VIJAYAWADA,841.03,UPI,Shopping
2026-06-01,AUTO RICKSHAW UPI TXN92397,1867.0,Credit Card,Transport
2026-06-01,UPI BANK CHARGE BLR,6370.37,Net Banking,Other
2026-06-01,FIXED DEPOSIT,11038.78,Wallet,Investment
2026-06-02,ZOMATO FOOD ORDER,1546.35,Net Banking,Food
2026-06-02,PERSONAL TRANSFER TXN84600,1336.74,UPI,Other
2026-06-02,PG RENT PAYMENT TXN49117,8223.36,Wallet,Rent
2026-06-02,RAILWAY TICKET,2023.36,Credit Card,Transport
2026-06-02,UPI METRO TICKET CHENNAI,579.53,Debit Card,Transport
2026-06-02,HOSTEL FEE RENT REF720434,9607.53,Credit Card,Rent
2026-06-02,ZOMATO FOOD ORDER TXN24548,640.21,Wallet,Food
2026-06-03,ZOMATO FOOD ORDER,171.01,Credit Card,Food
2026-06-03,FLIPKART ORDER TXN73600,9583.37,Net Banking,Shopping
2026-06-03,JIO RECHARGE TXN94567,3213.45,UPI,Bills
2026-06-03,INVESTMENT ACCOUNT REF969067,14644.93,Cash,Investment
2026-06-03,MUTUAL FUND INVESTMENT TXN51869,8201.32,Debit Card,Investment
2026-06-03,BUS TICKET TXN65519,1250.97,Wallet,Transport
2026-06-03,UPI UDEMY COURSE HYD,5180.6,Net Banking,Education
2026-06-03,STOCK INVESTMENT,17527.52,UPI,Investment
2026-06-03,ONLINE COURSE PAYMENT TXN60902,20134.74,Debit Card,Education
2026-06-03,MUTUAL FUND INVESTMENT REF799636,22031.01,Wallet,Investment
2026-06-03,UPI LIBRARY FEE CHENNAI,21019.01,Net Banking,Education
2026-06-03,EXAM FEE,1238.31,Debit Card,Education
2026-06-04,AJIO PURCHASE REF581682,5875.06,Cash,Shopping
2026-06-04,MYNTRA SHOPPING,12682.19,Wallet,Shopping
2026-06-04,OLA CAB REF843810,1320.25,Wallet,Transport
2026-06-04,HOSTEL FEE RENT,11748.06,Debit Card,Rent
2026-06-04,MISCELLANEOUS PAYMENT,7840.26,Debit Card,Other
2026-06-04,PERSONAL TRANSFER REF931174,7349.19,Debit Card,Other
2026-06-04,APOLLO PHARMACY TXN73101,490.01,Credit Card,Healthcare
2026-06-04,RELIANCE TRENDS,7272.24,Net Banking,Shopping
2026-06-04,FLIPKART ORDER TXN44705,2542.86,Net Banking,Shopping
2026-06-04,HOSTEL FEE RENT,8787.24,Debit Card,Rent
2026-06-04,RESTAURANT PAYMENT TXN69412,761.51,Wallet,Food
2026-06-04,AUTO RICKSHAW UPI,1552.22,UPI,Transport
2026-06-04,ENTERTAINMENT EVENT,2334.6,Net Banking,Entertainment
2026-06-04,INDIAN OIL PETROL REF882672,2365.54,Net Banking,Transport
2026-06-04,ENTERTAINMENT EVENT,2969.26,Wallet,Entertainment
2026-06-04,NETFLIX SUBSCRIPTION,877.81,UPI,Entertainment
2026-06-05,UPI RAILWAY TICKET VIJAYAWADA,139.65,UPI,Transport
2026-06-05,SIP INVESTMENT,19398.35,UPI,Investment
2026-06-05,UPI GIFT PURCHASE HYD,4121.82,Net Banking,Other
2026-06-05,SIP INVESTMENT,12451.97,UPI,Investment
2026-06-06,AUTO RICKSHAW UPI,1258.45,Net Banking,Transport
2026-06-06,UPI HEALTH CHECKUP HYD,5280.25,Credit Card,Healthcare
2026-06-06,SWIGGY ORDER,1454.17,Wallet,Food
2026-06-06,RELIANCE TRENDS REF691140,13209.54,Net Banking,Shopping
2026-06-06,YOUTUBE PREMIUM,2537.52,Debit Card,Entertainment
2026-06-06,MCDONALDS ORDER REF752276,553.47,Wallet,Food
2026-06-07,APOLLO PHARMACY,6607.44,Cash,Healthcare
2026-06-07,RESTAURANT PAYMENT TXN80111,1683.3,Cash,Food
2026-06-07,ACT FIBERNET,4581.01,Credit Card,Bills
2026-06-07,MCDONALDS ORDER,188.85,Wallet,Food
2026-06-07,MOVIE TICKET TXN24141,173.42,Wallet,Entertainment
2026-06-07,RELIANCE TRENDS,1530.14,Debit Card,Shopping
2026-06-07,APARTMENT RENT,4474.8,Cash,Rent
2026-06-07,UPI CASH WITHDRAWAL VIJAYAWADA,3067.15,Cash,Other
2026-06-07,UPI BAKERY PURCHASE BLR,974.85,Net Banking,Food
2026-06-08,UBER TRIP,1652.71,UPI,Transport
2026-06-08,UPI RAPIDO RIDE VIJAYAWADA,2953.82,Cash,Transport
2026-06-08,CERTIFICATION EXAM,14182.81,Credit Card,Education
2026-06-08,HOSTEL FEE RENT,4847.43,Wallet,Rent
2026-06-08,INVESTMENT ACCOUNT,11490.94,Cash,Investment
2026-06-09,INVESTMENT ACCOUNT,28019.14,Debit Card,Investment
2026-06-09,AUTO RICKSHAW UPI,1451.79,Debit Card,Transport
2026-06-09,UPI MISCELLANEOUS PAYMENT HYD,4274.03,Net Banking,Other
2026-06-09,ACT FIBERNET,3513.75,Debit Card,Bills
2026-06-09,MONTHLY RENT,3931.81,Credit Card,Rent
2026-06-10,HOSTEL FEE RENT,7343.21,UPI,Rent
2026-06-10,TEA SHOP UPI REF275160,1152.37,Debit Card,Food
2026-06-10,BUS TICKET TXN39351,1450.25,Net Banking,Transport
2026-06-10,HOSTEL RENT,8309.34,Net Banking,Rent
2026-06-10,UPI KFC RESTAURANT CHENNAI,1149.76,Wallet,Food
2026-06-10,ACT FIBERNET,4139.7,Cash,Bills
2026-06-10,NETFLIX SUBSCRIPTION,3904.88,Debit Card,Entertainment
2026-06-10,ELECTRONICS STORE TXN53734,11680.56,Net Banking,Shopping
2026-06-10,UPI MCDONALDS ORDER CHENNAI,643.23,Debit Card,Food
2026-06-10,MUTUAL FUND INVESTMENT,6706.61,Wallet,Investment
2026-06-10,DONATION PAYMENT REF628947,3465.79,Credit Card,Other
2026-06-10,RAILWAY TICKET REF599988,2517.19,Debit Card,Transport
2026-06-10,UPI NETFLIX SUBSCRIPTION GUNTUR,1587.07,Wallet,Entertainment
2026-06-11,BOOK STORE TXN20118,15370.28,Debit Card,Education
2026-06-11,ACT FIBERNET,314.07,Net Banking,Bills
2026-06-11,EYE HOSPITAL TXN70030,8483.36,Credit Card,Healthcare
2026-06-11,HOUSE RENT REF104324,3881.95,Debit Card,Rent
2026-06-11,HOSTEL FEE RENT TXN87925,11661.58,Credit Card,Rent
2026-06-11,CASH WITHDRAWAL TXN79534,9799.72,UPI,Other
2026-06-11,UPI COLLEGE FEE HYD,20956.19,UPI,Education
2026-06-11,COLLEGE FEE,952.15,Debit Card,Education
2026-06-11,MEDPLUS PHARMACY,1107.35,Cash,Healthcare
2026-06-11,DOCTOR CONSULTATION REF831250,1552.31,Wallet,Healthcare
2026-06-11,EYE HOSPITAL TXN15903,516.71,Credit Card,Healthcare
2026-06-11,UPI ONLINE COURSE PAYMENT GUNTUR,12010.48,UPI,Education
2026-06-11,UPI CASH WITHDRAWAL BLR,6279.96,Net Banking,Other
2026-06-12,COLLEGE FEE,7972.19,Net Banking,Education
2026-06-12,GAME PURCHASE,2077.96,UPI,Entertainment
2026-06-12,UPI BUS TICKET HYD,2023.91,Cash,Transport
2026-06-12,HOSTEL RENT,21433.26,Debit Card,Rent
2026-06-12,UPI ATM FEE CHENNAI,7323.08,Cash,Other
2026-06-12,INDIAN OIL PETROL TXN90121,1804.15,Net Banking,Transport
2026-06-12,UPI TRANSFER REF555960,5181.43,UPI,Other
2026-06-12,UPI TATA PLAY RECHARGE VIJAYAWADA,4439.03,Credit Card,Bills
2026-06-12,DMART PURCHASE,9986.89,Debit Card,Shopping
2026-06-12,MCDONALDS ORDER REF488393,347.28,Debit Card,Food
2026-06-12,UPI SWIGGY ORDER VIJAYAWADA,1076.1,Debit Card,Food
2026-06-13,VI MOBILE RECHARGE TXN93385,783.48,Cash,Bills
2026-06-13,CAFE COFFEE DAY,613.07,Net Banking,Food
2026-06-13,AIRTEL RECHARGE TXN36717,4678.57,Credit Card,Bills
2026-06-13,BOOK STORE,20665.03,Net Banking,Education
2026-06-13,EXAM FEE,222.07,Debit Card,Education
2026-06-13,UPI LIBRARY FEE GUNTUR,3372.44,UPI,Education
2026-06-13,ACCOMMODATION PAYMENT TXN68911,6453.29,Debit Card,Rent
2026-06-13,HOSPITAL PAYMENT TXN26637,7522.79,Credit Card,Healthcare
2026-06-13,SIP INVESTMENT,9452.38,Net Banking,Investment
2026-06-13,TEA SHOP UPI TXN29815,1543.46,Cash,Food
2026-06-13,PETROL PUMP TXN92270,262.96,UPI,Transport
2026-06-13,INDEX FUND SIP,25049.46,Credit Card,Investment
2026-06-13,LIBRARY FEE TXN13393,6548.86,UPI,Education
2026-06-14,VI MOBILE RECHARGE REF551489,2159.96,Debit Card,Bills
2026-06-14,PHARMACY UPI TXN18962,6203.06,Net Banking,Healthcare
2026-06-14,UBER TRIP TXN63187,1262.71,Net Banking,Transport
2026-06-14,RELIANCE TRENDS REF144206,14163.33,UPI,Shopping
2026-06-14,PETROL PUMP TXN46344,1894.77,Wallet,Transport
2026-06-14,SPOTIFY PREMIUM TXN53307,3039.26,Credit Card,Entertainment
2026-06-14,UPI SHOPPING MALL HYD,7445.87,Credit Card,Shopping
2026-06-14,MYNTRA SHOPPING,444.25,Cash,Shopping
2026-06-14,BANK CHARGE TXN16839,6429.73,Credit Card,Other
2026-06-15,INDIAN OIL PETROL,2341.81,Credit Card,Transport
2026-06-15,AJIO PURCHASE TXN43828,12004.06,Net Banking,Shopping
2026-06-15,GAME PURCHASE,1124.29,Wallet,Entertainment
2026-06-15,MYNTRA SHOPPING REF183312,975.35,UPI,Shopping
2026-06-15,WATER BILL TXN60047,4379.9,Credit Card,Bills
2026-06-15,CERTIFICATION EXAM TXN69823,18352.84,UPI,Education
2026-06-15,AMAZON PURCHASE,2778.91,Debit Card,Shopping
2026-06-15,UPI SIP INVESTMENT CHENNAI,13337.78,Credit Card,Investment
2026-06-16,CLOTHING STORE,1035.39,Credit Card,Shopping
2026-06-16,TRAINING PROGRAM TXN32280,21031.9,Cash,Education
2026-06-16,MOVIE TICKET TXN23603,2152.47,Debit Card,Entertainment
2026-06-16,RELIANCE TRENDS,13000.4,Debit Card,Shopping
2026-06-16,UPI ENTERTAINMENT EVENT GUNTUR,575.38,Debit Card,Entertainment
2026-06-16,UPI PVR CINEMAS HYD,3820.42,Wallet,Entertainment
2026-06-16,DMART PURCHASE REF515364,6595.09,Wallet,Shopping
2026-06-16,CASH WITHDRAWAL,9103.99,Net Banking,Other
2026-06-16,UPI TRANSFER REF183499,6031.04,Debit Card,Other
2026-06-16,TATA PLAY RECHARGE REF232878,2567.78,Cash,Bills
2026-06-16,UPI SPOTIFY PREMIUM GUNTUR,719.17,Credit Card,Entertainment
2026-06-17,CLOTHING STORE,13961.87,Net Banking,Shopping
2026-06-17,WATER BILL,2373.66,Cash,Bills
2026-06-17,UPI AUTO RICKSHAW UPI GUNTUR,1328.76,Net Banking,Transport
2026-06-17,HOTSTAR SUBSCRIPTION,2087.92,Cash,Entertainment
2026-06-17,MONTHLY RENT REF713448,7416.63,Cash,Rent
2026-06-17,BOOK STORE,19103.4,Credit Card,Education
2026-06-17,BOOK STORE,16562.15,Wallet,Education
2026-06-17,AJIO PURCHASE REF476757,6099.37,Cash,Shopping
2026-06-17,HOTSTAR SUBSCRIPTION TXN96084,3506.61,Debit Card,Entertainment
2026-06-17,GAS BILL PAYMENT,1827.62,Credit Card,Bills
2026-06-17,UPI AIRTEL RECHARGE GUNTUR,4128.54,Wallet,Bills
2026-06-17,PVR CINEMAS TXN83757,3780.2,Net Banking,Entertainment
2026-06-17,UPI PVR CINEMAS BLR,1108.18,UPI,Entertainment
2026-06-18,CLOTHING STORE,13236.79,Wallet,Shopping
2026-06-18,UPI SIP INVESTMENT HYD,23903.29,Cash,Investment
2026-06-18,PETROL PUMP,252.65,UPI,Transport
2026-06-18,TATA PLAY RECHARGE TXN39712,337.88,Net Banking,Bills
2026-06-18,MEDICAL STORE,9792.73,Debit Card,Healthcare
2026-06-18,ELECTRONICS STORE REF253235,4863.25,Wallet,Shopping
2026-06-18,MCDONALDS ORDER TXN26522,1690.95,Debit Card,Food
2026-06-18,MEESHO ORDER REF976835,1919.36,Net Banking,Shopping
2026-06-18,UPI AMAZON PRIME BLR,3331.95,Wallet,Entertainment
2026-06-18,INDEX FUND SIP REF936755,22817.12,Credit Card,Investment
2026-06-19,ELECTRONICS STORE,12566.57,Debit Card,Shopping
2026-06-19,UPI ROOM RENT VIJAYAWADA,17890.61,Cash,Rent
2026-06-19,UPI ELECTRONICS STORE BLR,10481.15,Cash,Shopping
2026-06-19,GOLD SAVINGS REF279005,29442.9,Credit Card,Investment
2026-06-19,RECURRING DEPOSIT,29606.67,Debit Card,Investment
2026-06-19,ONLINE COURSE PAYMENT,1119.84,Net Banking,Education
2026-06-19,UPI TRANSFER TXN62730,5362.78,UPI,Other
2026-06-19,INDIAN OIL PETROL,2099.03,Credit Card,Transport
2026-06-19,GIFT PURCHASE REF101957,8002.63,UPI,Other
2026-06-19,DENTAL CLINIC TXN30787,305.02,Net Banking,Healthcare
2026-06-19,MEESHO ORDER REF821782,9289.27,Wallet,Shopping
2026-06-20,PG RENT PAYMENT TXN43862,10487.45,Cash,Rent
2026-06-20,RELIANCE TRENDS,14331.47,Cash,Shopping
2026-06-20,RELIANCE TRENDS REF958917,6339.09,Debit Card,Shopping
2026-06-20,PHARMACY UPI,187.69,Debit Card,Healthcare
2026-06-20,STATIONERY STORE,3219.86,Wallet,Education
2026-06-20,MCDONALDS ORDER REF468834,52.29,Net Banking,Food
2026-06-20,UPI ZOMATO FOOD ORDER GUNTUR,1147.48,Credit Card,Food
2026-06-20,ELECTRICITY BILL,3906.14,Debit Card,Bills
2026-06-20,AMAZON PRIME TXN90610,761.09,Debit Card,Entertainment
2026-06-20,SHOPPING MALL,5696.87,Credit Card,Shopping
2026-06-20,HOSTEL FEE RENT,20493.62,Cash,Rent
2026-06-20,BROADBAND BILL TXN18450,2077.11,Cash,Bills
2026-06-21,UBER TRIP,439.71,Wallet,Transport
2026-06-21,UPI MONTHLY RENT HYD,4687.64,Credit Card,Rent
2026-06-21,SHOPPING MALL,11499.01,Credit Card,Shopping
2026-06-21,CAFE COFFEE DAY TXN23552,218.22,Debit Card,Food
2026-06-21,AMAZON PURCHASE TXN19142,10129.27,Credit Card,Shopping
2026-06-21,UPI PERSONAL TRANSFER CHENNAI,5089.88,UPI,Other
2026-06-21,MEDICAL STORE TXN12328,6925.24,Cash,Healthcare
2026-06-22,MONTHLY RENT TXN44283,10912.18,Net Banking,Rent
2026-06-22,UPI CASH WITHDRAWAL BLR,3911.75,Wallet,Other
2026-06-22,UPI INDEX FUND SIP BLR,8645.27,Credit Card,Investment
2026-06-22,WATER BILL,1088.21,Net Banking,Bills
2026-06-22,METRO TICKET,2219.23,Net Banking,Transport
2026-06-22,DOMINOS PIZZA REF181062,1558.57,Cash,Food
2026-06-22,HEALTH CHECKUP TXN94983,1386.88,Cash,Healthcare
2026-06-22,UPI MEESHO ORDER CHENNAI,14987.19,Debit Card,Shopping
2026-06-23,UPI AUTO RICKSHAW UPI CHENNAI,2116.21,Debit Card,Transport
2026-06-23,INDIAN OIL PETROL TXN77025,1998.36,UPI,Transport
2026-06-23,AJIO PURCHASE TXN16798,10462.97,UPI,Shopping
2026-06-23,MUTUAL FUND INVESTMENT TXN63298,4116.52,Net Banking,Investment
2026-06-23,RESTAURANT PAYMENT,1390.59,UPI,Food
2026-06-23,ENTERTAINMENT EVENT,1377.23,Credit Card,Entertainment
2026-06-23,UPI APOLLO PHARMACY BLR,7078.14,Wallet,Healthcare
2026-06-23,RAPIDO RIDE,571.53,Wallet,Transport
2026-06-23,UPI DOCTOR CONSULTATION CHENNAI,2810.69,Net Banking,Healthcare
2026-06-23,DMART PURCHASE,186.57,Wallet,Shopping
2026-06-23,UPI DOCTOR CONSULTATION BLR,1886.67,Cash,Healthcare
2026-06-24,GIFT PURCHASE TXN31681,3217.35,Debit Card,Other
2026-06-24,UPI APARTMENT RENT HYD,16560.15,UPI,Rent
2026-06-24,INVESTMENT ACCOUNT REF918596,22601.84,Wallet,Investment
2026-06-24,MEDPLUS PHARMACY REF514089,8246.49,Debit Card,Healthcare
2026-06-24,CASH WITHDRAWAL,896.04,Net Banking,Other
2026-06-24,DONATION PAYMENT TXN20911,9466.96,Cash,Other
2026-06-24,PERSONAL TRANSFER REF238700,1251.63,Credit Card,Other
2026-06-24,NETFLIX SUBSCRIPTION,366.57,UPI,Entertainment
2026-06-24,MEDPLUS PHARMACY,8805.28,Net Banking,Healthcare
2026-06-24,HOTSTAR SUBSCRIPTION TXN32980,2577.51,Wallet,Entertainment
2026-06-24,INDIAN OIL PETROL REF772838,321.72,Credit Card,Transport
2026-06-24,GAS BILL PAYMENT REF211073,5949.96,UPI,Bills
2026-06-25,ACT FIBERNET,2144.81,Net Banking,Bills
2026-06-25,UPI KFC RESTAURANT GUNTUR,354.76,Credit Card,Food
2026-06-25,STOCK INVESTMENT,24690.79,Cash,Investment
2026-06-25,APARTMENT RENT,4567.16,UPI,Rent
2026-06-25,UPI STOCK INVESTMENT GUNTUR,18898.21,Credit Card,Investment
2026-06-25,UPI ENTERTAINMENT EVENT CHENNAI,1386.71,UPI,Entertainment
2026-06-25,AJIO PURCHASE TXN18609,13852.77,UPI,Shopping
2026-06-25,PVR CINEMAS,3376.98,Net Banking,Entertainment
2026-06-25,CASH WITHDRAWAL,3820.33,Cash,Other
2026-06-25,HOSPITAL PAYMENT,3528.92,UPI,Healthcare
2026-06-25,UPI MISCELLANEOUS PAYMENT GUNTUR,6417.99,Cash,Other
2026-06-26,UPI SIP INVESTMENT HYD,14826.3,Wallet,Investment
2026-06-26,MYNTRA SHOPPING,9077.61,Wallet,Shopping
2026-06-26,UPI MCDONALDS ORDER HYD,1434.44,UPI,Food
2026-06-26,SIP INVESTMENT,25979.86,Cash,Investment
2026-06-26,NETFLIX SUBSCRIPTION,2978.62,Debit Card,Entertainment
2026-06-26,HP FUEL STATION,122.05,Cash,Transport
2026-06-26,GAME PURCHASE TXN41847,153.4,UPI,Entertainment
2026-06-26,UPI HOSTEL FEE RENT VIJAYAWADA,20305.91,Cash,Rent
2026-06-26,BROADBAND BILL REF850631,4198.23,Debit Card,Bills
2026-06-27,UPI DOMINOS PIZZA BLR,1024.94,Net Banking,Food
2026-06-27,HP FUEL STATION REF989990,476.73,UPI,Transport
2026-06-27,DOMINOS PIZZA REF841071,1190.57,Credit Card,Food
2026-06-27,MEDICAL STORE,1141.41,Debit Card,Healthcare
2026-06-27,UPI ATM FEE CHENNAI,5582.08,UPI,Other
2026-06-27,HOUSE RENT REF591526,15326.98,UPI,Rent
2026-06-27,UPI HP FUEL STATION GUNTUR,1387.08,Debit Card,Transport
2026-06-27,STOCK INVESTMENT,18525.28,Wallet,Investment
2026-06-27,PVR CINEMAS TXN73813,3191.16,Cash,Entertainment
2026-06-27,PETROL PUMP,2040.42,Credit Card,Transport
2026-06-27,DOCTOR CONSULTATION,3902.09,UPI,Healthcare
2026-06-27,NETFLIX SUBSCRIPTION TXN32400,560.36,UPI,Entertainment
2026-06-28,APOLLO PHARMACY REF737742,468.3,Net Banking,Healthcare
2026-06-28,BANK CHARGE TXN80617,8980.53,Debit Card,Other
2026-06-28,BANK CHARGE REF893096,6976.33,Wallet,Other
2026-06-28,UPI TEA SHOP UPI VIJAYAWADA,1700.45,Debit Card,Food
2026-06-28,UPI MONTHLY RENT GUNTUR,23734.98,Credit Card,Rent
2026-06-28,OLA CAB REF939261,128.74,Wallet,Transport
2026-06-28,UPI PETROL PUMP CHENNAI,1957.46,Wallet,Transport
2026-06-28,ELECTRONICS STORE,8676.32,Net Banking,Shopping
2026-06-28,YOUTUBE PREMIUM,2584.52,Net Banking,Entertainment
2026-06-28,LIBRARY FEE,2635.38,Cash,Education
2026-06-29,RAILWAY TICKET,1590.06,Cash,Transport
2026-06-29,AMAZON PRIME REF457208,1783.51,Wallet,Entertainment
2026-06-29,HOUSE RENT TXN61680,4305.01,Credit Card,Rent
2026-06-29,UPI ROOM RENT VIJAYAWADA,19936.0,Wallet,Rent
2026-06-29,ACCOMMODATION PAYMENT,18718.46,Cash,Rent
2026-06-29,DOCTOR CONSULTATION,7180.98,Net Banking,Healthcare
2026-06-29,INVESTMENT ACCOUNT REF717902,22332.74,Credit Card,Investment
2026-06-29,TEA SHOP UPI,935.55,Debit Card,Food
2026-06-30,NETFLIX SUBSCRIPTION TXN80424,3063.88,Credit Card,Entertainment
2026-06-30,CLOTHING STORE,946.42,Wallet,Shopping
2026-06-30,GOLD SAVINGS,15459.52,UPI,Investment
2026-06-30,BANK CHARGE,456.98,Net Banking,Other
2026-06-30,UPI GIFT PURCHASE VIJAYAWADA,4373.89,UPI,Other
2026-06-30,UPI CASH WITHDRAWAL CHENNAI,1242.87,Cash,Other
2026-06-30,HP FUEL STATION,1112.71,Credit Card,Transport
2026-06-30,ATM FEE TXN16542,8257.46,UPI,Other
2026-06-30,MYNTRA SHOPPING TXN74754,6131.8,Cash,Shopping
2026-06-30,METRO TICKET,1468.69,Net Banking,Transport
2026-06-30,RAPIDO RIDE REF213322,1367.17,UPI,Transport
2026-06-30,UPI MEDPLUS PHARMACY GUNTUR,2182.83,Debit Card,Healthcare
2026-06-30,UPI PETROL PUMP GUNTUR,1112.33,Wallet,Transport
2026-07-01,EXAM FEE REF676713,13600.07,Credit Card,Education
2026-07-01,STOCK INVESTMENT REF727459,27124.97,Cash,Investment
2026-07-01,UPI AMAZON PRIME VIJAYAWADA,1844.66,Wallet,Entertainment
2026-07-01,EXAM FEE,6143.68,Net Banking,Education
2026-07-01,CERTIFICATION EXAM,497.29,Cash,Education
2026-07-01,EXAM FEE,769.81,Wallet,Education
2026-07-02,MONTHLY RENT TXN99441,23434.69,Debit Card,Rent
2026-07-02,STATIONERY STORE,20393.66,Cash,Education
2026-07-02,HOTSTAR SUBSCRIPTION,2099.43,Cash,Entertainment
2026-07-02,ENTERTAINMENT EVENT,3397.94,Credit Card,Entertainment
2026-07-02,HOSTEL FEE RENT TXN49227,11018.91,Debit Card,Rent
2026-07-02,MEDPLUS PHARMACY REF882232,6712.66,Credit Card,Healthcare
2026-07-02,MUTUAL FUND INVESTMENT,20740.71,Wallet,Investment
2026-07-02,ELECTRICITY BILL TXN66917,3518.86,Cash,Bills
2026-07-02,KFC RESTAURANT REF579444,1712.44,Debit Card,Food
2026-07-02,ACT FIBERNET REF126584,5930.54,Net Banking,Bills
2026-07-02,UPI MISCELLANEOUS PAYMENT VIJAYAWADA,733.77,Credit Card,Other
2026-07-02,UPI RAILWAY TICKET HYD,2100.17,Credit Card,Transport
2026-07-02,DIAGNOSTIC LAB TXN44229,6595.58,Wallet,Healthcare
2026-07-02,UPI PETROL PUMP CHENNAI,2286.23,Net Banking,Transport
2026-07-02,UPI ATM FEE GUNTUR,7020.84,Wallet,Other
2026-07-03,UPI GAME PURCHASE HYD,2514.09,Wallet,Entertainment
2026-07-03,UPI MEDPLUS PHARMACY GUNTUR,1992.81,Net Banking,Healthcare
2026-07-03,EXAM FEE,1203.05,Credit Card,Education
2026-07-03,AJIO PURCHASE TXN63633,14809.15,Net Banking,Shopping
2026-07-03,UPI DOCTOR CONSULTATION BLR,7477.55,Credit Card,Healthcare
2026-07-03,UPI HP FUEL STATION VIJAYAWADA,1839.18,Debit Card,Transport
2026-07-03,HOSTEL FEE RENT,7710.31,Credit Card,Rent
2026-07-03,MEDPLUS PHARMACY,857.78,UPI,Healthcare
2026-07-03,HOTSTAR SUBSCRIPTION TXN89133,588.11,Cash,Entertainment
2026-07-03,UPI UDEMY COURSE BLR,13687.1,Credit Card,Education
2026-07-04,UPI DIAGNOSTIC LAB VIJAYAWADA,8296.69,Cash,Healthcare
2026-07-04,UPI UPI TRANSFER VIJAYAWADA,6566.8,Cash,Other
2026-07-04,MISCELLANEOUS PAYMENT,5141.84,Credit Card,Other
2026-07-04,GAME PURCHASE TXN72470,3808.94,UPI,Entertainment
2026-07-04,ELECTRONICS STORE,824.9,Credit Card,Shopping
2026-07-04,DONATION PAYMENT REF962932,4500.26,Net Banking,Other
2026-07-04,LIBRARY FEE REF617045,2007.67,Cash,Education
2026-07-04,UPI UBER TRIP HYD,2638.2,Cash,Transport
2026-07-04,PG RENT PAYMENT REF228450,4750.32,Cash,Rent
2026-07-04,NETFLIX SUBSCRIPTION,2031.29,Net Banking,Entertainment
2026-07-05,ONLINE COURSE PAYMENT,19456.14,UPI,Education
2026-07-05,KFC RESTAURANT REF330246,251.58,UPI,Food
2026-07-05,UPI APARTMENT RENT CHENNAI,12601.46,Net Banking,Rent
2026-07-05,MOBILE POSTPAID BILL TXN72817,916.79,Net Banking,Bills
2026-07-05,UBER TRIP REF699070,148.31,Net Banking,Transport
2026-07-05,APARTMENT RENT TXN24196,5365.45,Cash,Rent
2026-07-05,SHOPPING MALL TXN89500,9619.63,Wallet,Shopping
2026-07-06,COLLEGE FEE,1932.71,Wallet,Education
2026-07-06,UPI ACCOMMODATION PAYMENT VIJAYAWADA,6161.88,Cash,Rent
2026-07-06,VI MOBILE RECHARGE,5615.15,Net Banking,Bills
2026-07-06,PG RENT PAYMENT TXN42796,14072.32,Net Banking,Rent
2026-07-06,SIP INVESTMENT,22206.72,Debit Card,Investment
2026-07-06,UDEMY COURSE TXN59914,16417.38,Cash,Education
2026-07-07,APOLLO PHARMACY TXN57211,8047.39,Debit Card,Healthcare
2026-07-07,UPI ENTERTAINMENT EVENT BLR,2798.02,Credit Card,Entertainment
2026-07-07,SWIGGY ORDER TXN92651,1441.38,UPI,Food
2026-07-07,UPI TRANSFER TXN57683,211.1,Credit Card,Other
2026-07-07,HP FUEL STATION,1163.8,Debit Card,Transport
2026-07-07,UPI UPI TRANSFER HYD,6182.67,UPI,Other
2026-07-07,COLLEGE FEE,6131.85,Wallet,Education
2026-07-07,AIRTEL RECHARGE,5532.93,Credit Card,Bills
2026-07-07,JIO RECHARGE REF620909,1280.4,UPI,Bills
2026-07-07,ACCOMMODATION PAYMENT TXN15872,6479.02,Credit Card,Rent
2026-07-07,RAPIDO RIDE,1858.76,Credit Card,Transport
2026-07-07,CERTIFICATION EXAM REF380505,12249.34,Net Banking,Education
2026-07-07,BUS TICKET TXN38875,2553.8,Net Banking,Transport
2026-07-07,UPI STOCK INVESTMENT HYD,940.68,Debit Card,Investment
2026-07-07,AUTO RICKSHAW UPI TXN63786,2041.96,Cash,Transport
2026-07-08,UPI CAFE COFFEE DAY CHENNAI,1185.99,Net Banking,Food
2026-07-08,APOLLO PHARMACY,7560.81,Cash,Healthcare
2026-07-08,SHOPPING MALL TXN34452,3671.86,Debit Card,Shopping
2026-07-08,HOUSE RENT,5743.52,Debit Card,Rent
2026-07-08,FIXED DEPOSIT,9737.85,Wallet,Investment
2026-07-08,UPI RELIANCE TRENDS HYD,8250.99,UPI,Shopping
2026-07-08,GAME PURCHASE TXN23070,2194.06,Credit Card,Entertainment
2026-07-08,MOBILE POSTPAID BILL TXN53841,1255.06,Credit Card,Bills
2026-07-09,JIO RECHARGE,301.68,UPI,Bills
2026-07-09,UPI ATM FEE GUNTUR,6900.89,Cash,Other
2026-07-09,PG RENT PAYMENT TXN24872,14848.12,Wallet,Rent
2026-07-09,BUS TICKET,943.8,Wallet,Transport
2026-07-09,SWIGGY ORDER,1406.31,Net Banking,Food
2026-07-09,UPI TRANSFER,2290.45,Debit Card,Other
2026-07-10,ONLINE COURSE PAYMENT,23545.28,UPI,Education
2026-07-10,JIO RECHARGE,2158.9,Credit Card,Bills
2026-07-10,GAME PURCHASE REF100829,2301.77,UPI,Entertainment
2026-07-10,UPI DOCTOR CONSULTATION BLR,7678.2,UPI,Healthcare
2026-07-10,UPI ATM FEE GUNTUR,1442.12,Cash,Other
2026-07-10,UPI RAILWAY TICKET CHENNAI,1979.49,Wallet,Transport
2026-07-10,STATIONERY STORE,16097.86,Net Banking,Education
2026-07-11,JIO RECHARGE,1568.91,Net Banking,Bills
2026-07-11,WATER BILL REF520345,1849.33,Cash,Bills
2026-07-11,UPI PERSONAL TRANSFER GUNTUR,2929.38,Cash,Other
2026-07-11,ZOMATO FOOD ORDER,614.64,Credit Card,Food
2026-07-11,DONATION PAYMENT REF409583,3380.04,Wallet,Other
2026-07-11,RECURRING DEPOSIT,22656.94,Wallet,Investment
2026-07-11,GIFT PURCHASE TXN50977,4652.42,Wallet,Other
2026-07-11,UPI TEA SHOP UPI HYD,447.24,Cash,Food
2026-07-11,OLA CAB,640.04,Debit Card,Transport
2026-07-11,OLA CAB,2512.82,UPI,Transport
2026-07-12,WATER BILL REF387037,1779.43,Net Banking,Bills
2026-07-12,DMART PURCHASE TXN86824,3392.85,UPI,Shopping
2026-07-12,AMAZON PURCHASE,7200.28,UPI,Shopping
2026-07-12,GAME PURCHASE REF134256,2253.01,Wallet,Entertainment
2026-07-12,PG RENT PAYMENT TXN80571,4818.13,Wallet,Rent
2026-07-12,DENTAL CLINIC,7130.71,Wallet,Healthcare
2026-07-12,UPI DENTAL CLINIC VIJAYAWADA,5507.2,Cash,Healthcare
2026-07-12,UPI SHOPPING MALL CHENNAI,5592.74,Net Banking,Shopping
2026-07-13,LIBRARY FEE TXN92723,3217.86,Credit Card,Education
2026-07-13,UPI PVR CINEMAS CHENNAI,365.37,Credit Card,Entertainment
2026-07-13,GROCERY FOOD STORE,1507.47,Credit Card,Food
2026-07-13,GROCERY FOOD STORE TXN16260,1461.68,Net Banking,Food
2026-07-13,JIO RECHARGE,5019.37,Debit Card,Bills
2026-07-13,ZOMATO FOOD ORDER REF418610,822.11,Wallet,Food
2026-07-13,ACCOMMODATION PAYMENT,7678.87,Wallet,Rent
2026-07-13,ACT FIBERNET,4096.18,Debit Card,Bills
2026-07-13,CAFE COFFEE DAY,1034.22,Wallet,Food
2026-07-14,JIO RECHARGE,4994.23,Cash,Bills
2026-07-14,UPI DIAGNOSTIC LAB HYD,874.59,Debit Card,Healthcare
2026-07-14,INDIAN OIL PETROL TXN20803,1134.38,Wallet,Transport
2026-07-14,VI MOBILE RECHARGE,4013.48,Credit Card,Bills
2026-07-14,CLOTHING STORE TXN11095,358.46,UPI,Shopping
2026-07-15,INDIAN OIL PETROL REF231169,117.21,Credit Card,Transport
2026-07-15,BAKERY PURCHASE REF241940,196.23,Debit Card,Food
2026-07-15,INOX MOVIES,1351.91,Credit Card,Entertainment
2026-07-15,UPI MCDONALDS ORDER HYD,1232.84,Credit Card,Food
2026-07-15,RESTAURANT PAYMENT TXN29871,1275.1,Net Banking,Food
2026-07-15,DOCTOR CONSULTATION,5447.72,Wallet,Healthcare
2026-07-15,KFC RESTAURANT,797.11,Cash,Food
2026-07-15,VI MOBILE RECHARGE REF280616,3832.7,Credit Card,Bills
2026-07-15,EYE HOSPITAL,8990.5,UPI,Healthcare
2026-07-15,ENTERTAINMENT EVENT TXN60038,1765.38,Credit Card,Entertainment
2026-07-15,RESTAURANT PAYMENT,1552.68,Cash,Food
2026-07-15,PHARMACY UPI REF709970,4354.58,UPI,Healthcare
2026-07-15,GROCERY FOOD STORE REF417414,716.17,Net Banking,Food
2026-07-16,MOVIE TICKET,3757.75,UPI,Entertainment
2026-07-16,BROADBAND BILL REF699780,1759.35,Credit Card,Bills
2026-07-16,PG RENT PAYMENT,3373.16,Debit Card,Rent
2026-07-16,DONATION PAYMENT TXN31708,5314.86,Wallet,Other
2026-07-16,MOVIE TICKET,500.36,Debit Card,Entertainment
2026-07-16,SHOPPING MALL,9268.69,UPI,Shopping
2026-07-16,UDEMY COURSE REF261443,20258.73,Wallet,Education
2026-07-16,WATER BILL,2982.34,UPI,Bills
2026-07-16,EXAM FEE,16298.41,Debit Card,Education
2026-07-16,UPI UDEMY COURSE BLR,19283.67,Net Banking,Education
2026-07-16,UPI HP FUEL STATION GUNTUR,658.86,Wallet,Transport
2026-07-16,DONATION PAYMENT,842.88,Cash,Other
2026-07-16,INDEX FUND SIP TXN71508,15097.13,Cash,Investment
2026-07-17,SPOTIFY PREMIUM,1106.77,Credit Card,Entertainment
2026-07-17,HOSTEL RENT TXN12328,14785.43,Cash,Rent
2026-07-17,SPOTIFY PREMIUM TXN50272,2738.08,Net Banking,Entertainment
2026-07-17,MISCELLANEOUS PAYMENT TXN89946,6002.27,Wallet,Other
2026-07-17,HP FUEL STATION,1328.95,Net Banking,Transport
2026-07-17,CASH WITHDRAWAL,6845.53,Credit Card,Other
2026-07-17,MISCELLANEOUS PAYMENT,7451.52,Net Banking,Other
2026-07-17,SPOTIFY PREMIUM,3067.05,Wallet,Entertainment
2026-07-17,ACCOMMODATION PAYMENT,14861.49,Cash,Rent
2026-07-17,CERTIFICATION EXAM,7912.84,Cash,Education
2026-07-17,UPI COURSERA COURSE CHENNAI,6326.12,Credit Card,Education
2026-07-17,TEA SHOP UPI REF825396,1119.57,UPI,Food
2026-07-17,UPI HP FUEL STATION CHENNAI,1530.41,Cash,Transport
2026-07-17,UPI DONATION PAYMENT VIJAYAWADA,3164.56,Cash,Other
2026-07-17,UPI MEDICAL STORE CHENNAI,1238.48,Cash,Healthcare
2026-07-17,HOSTEL RENT TXN64677,6946.19,Wallet,Rent
2026-07-18,PVR CINEMAS,3861.16,Cash,Entertainment
2026-07-18,SIP INVESTMENT REF152031,21608.12,Cash,Investment
2026-07-18,STATIONERY STORE TXN99864,3756.8,Cash,Education
2026-07-18,VI MOBILE RECHARGE TXN98766,4460.02,Debit Card,Bills
2026-07-18,FIXED DEPOSIT TXN97837,20045.03,Credit Card,Investment
2026-07-18,SHOPPING MALL,11297.55,Debit Card,Shopping
2026-07-18,ROOM RENT TXN15827,19343.88,Cash,Rent
2026-07-18,UPI MISCELLANEOUS PAYMENT CHENNAI,2298.75,Wallet,Other
2026-07-18,UPI HOSPITAL PAYMENT CHENNAI,9940.08,Credit Card,Healthcare
2026-07-18,COLLEGE FEE,9987.69,UPI,Education
2026-07-19,CLOTHING STORE,12513.3,Credit Card,Shopping
2026-07-19,APOLLO PHARMACY TXN43012,4613.92,Credit Card,Healthcare
2026-07-19,NETFLIX SUBSCRIPTION,1964.46,Wallet,Entertainment
2026-07-19,PVR CINEMAS,601.58,Credit Card,Entertainment
2026-07-19,PG RENT PAYMENT,7833.45,Wallet,Rent
2026-07-20,BANK CHARGE REF599464,8109.23,Cash,Other
2026-07-20,UPI UDEMY COURSE BLR,2869.96,Net Banking,Education
2026-07-20,DOMINOS PIZZA,1709.73,UPI,Food
2026-07-20,TEA SHOP UPI,1460.79,Debit Card,Food
2026-07-20,RESTAURANT PAYMENT REF486538,863.64,Debit Card,Food
2026-07-20,BAKERY PURCHASE,1317.31,Net Banking,Food
2026-07-20,ATM FEE REF766269,8247.36,Wallet,Other
2026-07-20,DONATION PAYMENT,1657.18,UPI,Other
2026-07-20,ZOMATO FOOD ORDER,1290.47,Debit Card,Food
2026-07-20,DOCTOR CONSULTATION REF796117,9459.48,Net Banking,Healthcare
2026-07-20,UPI UPI TRANSFER HYD,2061.74,Credit Card,Other
2026-07-20,GOLD SAVINGS REF634186,18620.47,Cash,Investment
2026-07-21,PERSONAL TRANSFER,7821.76,Debit Card,Other
2026-07-21,UPI MOVIE TICKET HYD,2237.29,Debit Card,Entertainment
2026-07-21,MONTHLY RENT,7574.61,Wallet,Rent
2026-07-21,OLA CAB TXN30975,1724.17,Cash,Transport
2026-07-21,VI MOBILE RECHARGE,1621.53,Wallet,Bills
2026-07-21,UPI UPI TRANSFER BLR,4595.3,Cash,Other
2026-07-21,PVR CINEMAS,3389.16,Net Banking,Entertainment
2026-07-21,UPI HP FUEL STATION HYD,1822.7,Credit Card,Transport
2026-07-21,UPI MYNTRA SHOPPING CHENNAI,1864.76,Cash,Shopping
2026-07-22,UPI STOCK INVESTMENT GUNTUR,6577.98,Debit Card,Investment
2026-07-22,GIFT PURCHASE,9701.82,Wallet,Other
2026-07-22,PG RENT PAYMENT TXN13005,23808.42,Credit Card,Rent
2026-07-22,INVESTMENT ACCOUNT,17727.99,Credit Card,Investment
2026-07-22,BANK CHARGE,1879.3,Cash,Other
2026-07-22,OLA CAB,1791.69,Net Banking,Transport
2026-07-22,UPI TRANSFER TXN98911,3378.39,Net Banking,Other
2026-07-22,EYE HOSPITAL REF104895,1440.65,Credit Card,Healthcare
2026-07-22,CERTIFICATION EXAM,17141.36,Wallet,Education
2026-07-22,INDEX FUND SIP,820.89,Debit Card,Investment
2026-07-22,PERSONAL TRANSFER REF295760,2030.04,Net Banking,Other
2026-07-22,RESTAURANT PAYMENT TXN26243,1418.92,Debit Card,Food
2026-07-22,FIXED DEPOSIT REF741812,24785.85,UPI,Investment
2026-07-22,TEA SHOP UPI,1589.5,Debit Card,Food
2026-07-22,STATIONERY STORE REF451383,539.46,Cash,Education
2026-07-23,UPI DONATION PAYMENT HYD,1823.61,UPI,Other
2026-07-23,UPI HOTSTAR SUBSCRIPTION GUNTUR,2273.44,Net Banking,Entertainment
2026-07-23,OLA CAB,284.58,Debit Card,Transport
2026-07-23,ELECTRONICS STORE TXN87032,8375.33,UPI,Shopping
2026-07-23,GIFT PURCHASE,8226.03,Net Banking,Other
2026-07-23,UPI NETFLIX SUBSCRIPTION VIJAYAWADA,123.55,Net Banking,Entertainment
2026-07-23,HOSTEL FEE RENT,24431.88,Credit Card,Rent
2026-07-23,UPI DOMINOS PIZZA VIJAYAWADA,976.25,Cash,Food
2026-07-23,GOLD SAVINGS REF761762,28922.51,Net Banking,Investment
2026-07-23,CASH WITHDRAWAL TXN92513,9746.7,UPI,Other
2026-07-23,YOUTUBE PREMIUM,3052.87,Wallet,Entertainment
2026-07-23,ELECTRONICS STORE REF143032,8839.77,Wallet,Shopping
2026-07-24,HOUSE RENT REF517106,15566.25,Cash,Rent
2026-07-24,PETROL PUMP REF734433,67.0,UPI,Transport
2026-07-24,UPI INDEX FUND SIP VIJAYAWADA,17695.48,Debit Card,Investment
2026-07-24,HP FUEL STATION REF889917,62.0,Net Banking,Transport
2026-07-24,BROADBAND BILL TXN62090,5735.92,Cash,Bills
2026-07-24,UPI PVR CINEMAS GUNTUR,3819.9,Debit Card,Entertainment
2026-07-24,UBER TRIP TXN86415,266.32,Credit Card,Transport
2026-07-24,CERTIFICATION EXAM,17193.5,Credit Card,Education
2026-07-25,TATA PLAY RECHARGE REF755495,947.45,Credit Card,Bills
2026-07-25,UPI PVR CINEMAS CHENNAI,2727.12,Credit Card,Entertainment
2026-07-25,PETROL PUMP REF194940,2143.65,Wallet,Transport
2026-07-25,STATIONERY STORE TXN28868,3641.06,Debit Card,Education
2026-07-25,ENTERTAINMENT EVENT REF357853,2354.03,Credit Card,Entertainment
2026-07-25,UDEMY COURSE TXN66075,14553.88,Debit Card,Education
2026-07-25,HOSTEL RENT TXN88097,19380.15,Debit Card,Rent
2026-07-25,UPI RECURRING DEPOSIT GUNTUR,20480.03,Wallet,Investment
2026-07-25,EYE HOSPITAL REF537889,6094.2,Credit Card,Healthcare
2026-07-25,BOOK STORE,9951.23,Wallet,Education
2026-07-25,UPI GOLD SAVINGS GUNTUR,29439.86,Cash,Investment
2026-07-26,MISCELLANEOUS PAYMENT,577.37,Wallet,Other
2026-07-26,UPI TRANSFER TXN38684,3876.67,Net Banking,Other
2026-07-26,GIFT PURCHASE,7192.02,Credit Card,Other
2026-07-26,ENTERTAINMENT EVENT,2507.5,Debit Card,Entertainment
2026-07-26,CAFE COFFEE DAY TXN54817,1429.21,Wallet,Food
2026-07-26,UPI COLLEGE FEE HYD,21967.95,Debit Card,Education
2026-07-27,UPI WATER BILL HYD,3072.31,Wallet,Bills
2026-07-27,GAS BILL PAYMENT TXN42839,4244.43,UPI,Bills
2026-07-27,UPI ELECTRONICS STORE CHENNAI,14921.34,UPI,Shopping
2026-07-27,UDEMY COURSE,16623.94,Credit Card,Education
2026-07-27,INDEX FUND SIP,8012.86,Debit Card,Investment
2026-07-27,MYNTRA SHOPPING,7375.91,Cash,Shopping
2026-07-27,HOUSE RENT REF433864,15939.05,Credit Card,Rent
2026-07-27,MEESHO ORDER,4449.15,UPI,Shopping
2026-07-27,UPI DMART PURCHASE BLR,1002.62,Net Banking,Shopping
2026-07-27,KFC RESTAURANT TXN15696,355.39,Net Banking,Food
2026-07-28,RELIANCE TRENDS TXN60132,6783.2,Net Banking,Shopping
2026-07-28,HOTSTAR SUBSCRIPTION REF186345,1839.69,Debit Card,Entertainment
2026-07-28,DIAGNOSTIC LAB,1915.2,Wallet,Healthcare
2026-07-28,NETFLIX SUBSCRIPTION,3717.21,Credit Card,Entertainment
2026-07-28,GAS BILL PAYMENT,859.71,Cash,Bills
2026-07-28,NETFLIX SUBSCRIPTION REF362779,546.38,Debit Card,Entertainment
2026-07-28,UPI ACCOMMODATION PAYMENT VIJAYAWADA,9346.53,Credit Card,Rent
2026-07-28,ELECTRICITY BILL TXN79951,4916.08,Wallet,Bills
2026-07-28,ELECTRONICS STORE REF205495,6349.2,Credit Card,Shopping
2026-07-28,INVESTMENT ACCOUNT REF206931,9554.01,UPI,Investment
2026-07-28,UPI BOOK STORE BLR,1446.44,Wallet,Education
2026-07-28,HOSTEL FEE RENT,19182.1,Credit Card,Rent
2026-07-28,AJIO PURCHASE REF327315,4135.71,Debit Card,Shopping
2026-07-29,UPI FLIPKART ORDER BLR,13016.51,Net Banking,Shopping
2026-07-29,UPI MEDPLUS PHARMACY GUNTUR,142.29,Cash,Healthcare
2026-07-29,MISCELLANEOUS PAYMENT REF428393,397.72,Credit Card,Other
2026-07-29,DOCTOR CONSULTATION,4427.34,Debit Card,Healthcare
2026-07-29,UPI MONTHLY RENT VIJAYAWADA,23857.86,Net Banking,Rent
2026-07-29,APARTMENT RENT TXN20919,23093.86,Wallet,Rent
2026-07-29,ACCOMMODATION PAYMENT,5569.14,Cash,Rent
2026-07-29,UPI NETFLIX SUBSCRIPTION HYD,2558.43,Debit Card,Entertainment
2026-07-29,ZOMATO FOOD ORDER,515.32,Cash,Food
2026-07-29,UDEMY COURSE,7856.31,Credit Card,Education
2026-07-30,WATER BILL,3753.62,Net Banking,Bills
2026-07-30,SHOPPING MALL,7090.23,Wallet,Shopping
2026-07-30,PVR CINEMAS REF920664,596.52,Net Banking,Entertainment
2026-07-30,SHOPPING MALL TXN24367,10772.14,UPI,Shopping
2026-07-30,ONLINE COURSE PAYMENT,15171.87,Credit Card,Education
2026-07-30,ROOM RENT,9477.23,UPI,Rent
2026-07-30,RAILWAY TICKET TXN25512,1100.67,UPI,Transport
2026-07-30,UPI UDEMY COURSE VIJAYAWADA,7241.85,Credit Card,Education
2026-07-30,PVR CINEMAS,2516.29,Net Banking,Entertainment
2026-07-31,ACT FIBERNET,4672.34,Net Banking,Bills
2026-07-31,INVESTMENT ACCOUNT,10975.08,Credit Card,Investment
2026-07-31,SPOTIFY PREMIUM,2282.76,Debit Card,Entertainment
2026-07-31,AIRTEL RECHARGE,2247.46,Debit Card,Bills
2026-07-31,ZOMATO FOOD ORDER REF189915,87.57,UPI,Food
